# Blender 4.3.2
# www.blender.org
mtllib modifs_voiture_closed.mtl
o voiture
v -2.250000 -0.355781 1.000000
v -2.250000 0.344219 1.000000
v -2.250000 -0.355781 -1.000000
v -2.250000 0.344219 -1.000000
v 2.250000 -0.355781 1.000000
v 2.250000 0.344219 1.000000
v 2.250000 -0.355781 -1.000000
v 2.250000 0.344219 -1.000000
v 0.000000 -0.355781 -1.000000
v 0.000000 0.344219 -1.000000
v 0.000000 -0.355781 1.000000
v 0.000000 0.344219 1.000000
v 0.996938 0.344219 -1.000000
v -0.996938 0.344219 -1.000000
v -0.996938 0.344219 1.000000
v 0.996938 0.344219 1.000000
v -0.996938 -0.355781 -1.000000
v 0.996938 -0.355781 -1.000000
v 0.996938 -0.355781 1.000000
v -0.996938 -0.355781 1.000000
v 0.000000 0.834219 -0.835017
v 0.832460 0.834219 -0.835017
v 0.000000 0.834219 0.835017
v -0.832460 0.834219 0.835017
v -0.832460 0.834219 -0.835017
v 0.832460 0.834219 0.835017
v 0.295084 0.344219 -1.000000
v 0.295084 -0.355781 1.000000
v 0.295084 -0.355781 -1.000000
v 0.295084 0.344219 1.000000
v 0.246400 0.834219 -0.835017
v 0.246400 0.834219 0.835017
v 0.099302 -0.355781 -1.000000
v 0.099302 0.344219 1.000000
v 0.082919 0.834219 0.835017
v 0.099302 0.344219 -1.000000
v 0.099302 -0.355781 1.000000
v 0.082919 0.834219 -0.835017
v -2.250000 0.231904 1.000000
v -2.250000 0.231904 -1.000000
v 2.250000 0.231904 -1.000000
v 2.250000 0.231904 1.000000
v 0.000000 0.231904 1.000000
v 0.000000 0.231904 -1.000000
v 0.996938 0.231904 -1.000000
v -0.996938 0.231904 1.000000
v -0.996938 0.231904 -1.000000
v 0.996938 0.231904 1.000000
v 0.295084 0.231904 1.000000
v 0.295084 0.231904 -1.000000
v 0.099302 0.231904 -1.000000
v 0.099302 0.231904 1.000000
v -2.250000 0.094857 -1.000000
v 2.250000 0.094857 -1.000000
v 2.250000 0.094857 1.000000
v 0.000000 0.094857 1.000000
v 0.000000 0.094857 -1.000000
v -0.996938 0.094857 -1.000000
v 0.996938 0.094857 1.000000
v 0.295084 0.094857 1.000000
v 0.295084 0.094857 -1.000000
v 0.099302 0.094857 -1.000000
v 0.099302 0.094857 1.000000
v -2.250000 0.094857 1.000000
v 0.996938 0.094857 -1.000000
v -0.996938 0.094857 1.000000
v 0.099302 0.231904 -1.097891
v 0.295084 0.231904 -1.097891
v 0.295084 0.094857 -1.097891
v 0.099302 0.094857 -1.097891
vn -1.0000 -0.0000 -0.0000
vn -0.0000 -0.0000 -1.0000
vn 1.0000 -0.0000 -0.0000
vn -0.0000 -0.0000 1.0000
vn -0.0000 -1.0000 -0.0000
vn -0.0000 0.3191 -0.9477
vn -0.0000 0.3191 0.9477
vn -0.0000 1.0000 -0.0000
vn 0.9480 0.3182 -0.0000
vn -0.9480 0.3182 -0.0000
vt 0.584888 0.000000
vt 0.625000 0.000000
vt 0.625000 0.250000
vt 0.584888 0.250000
vt 0.584888 0.391394
vt 0.625000 0.391394
vt 0.625000 0.430385
vt 0.584888 0.430385
vt 0.584888 0.500000
vt 0.625000 0.500000
vt 0.625000 0.750000
vt 0.584888 0.750000
vt 0.584888 0.875000
vt 0.625000 0.875000
vt 0.625000 0.930385
vt 0.584888 0.930385
vt 0.266394 0.500000
vt 0.305385 0.500000
vt 0.305385 0.750000
vt 0.266394 0.750000
vt 0.625000 0.375000
vt 0.625000 0.319615
vt 0.625000 0.858606
vt 0.625000 0.819615
vt 0.194615 0.500000
vt 0.250000 0.500000
vt 0.250000 0.750000
vt 0.194615 0.750000
vt 0.584888 0.869483
vt 0.625000 0.869483
vt 0.584888 0.319615
vt 0.584888 0.375000
vt 0.805385 0.500000
vt 0.875000 0.500000
vt 0.875000 0.750000
vt 0.805385 0.750000
vt 0.625000 1.000000
vt 0.584888 1.000000
vt 0.694615 0.500000
vt 0.694615 0.750000
vt 0.375000 0.500000
vt 0.375000 0.750000
vt 0.584888 0.819615
vt 0.125000 0.500000
vt 0.125000 0.750000
vt 0.750000 0.500000
vt 0.750000 0.750000
vt 0.744483 0.500000
vt 0.744483 0.750000
vt 0.625000 0.380517
vt 0.733606 0.500000
vt 0.733606 0.750000
vt 0.584888 0.858606
vt 0.255517 0.500000
vt 0.255517 0.750000
vt 0.584888 0.380517
vt 0.535942 0.858606
vt 0.535942 0.869483
vt 0.535942 0.375000
vt 0.535942 0.380517
vt 0.535942 0.391394
vt 0.535942 0.819615
vt 0.535942 0.750000
vt 0.535942 0.250000
vt 0.535942 0.319615
vt 0.535942 0.930385
vt 0.535942 1.000000
vt 0.535942 0.430385
vt 0.535942 0.500000
vt 0.535942 0.875000
vt 0.535942 0.000000
vt 0.375000 0.000000
vt 0.375000 0.250000
vt 0.375000 0.391394
vt 0.375000 0.430385
vt 0.375000 0.875000
vt 0.375000 0.930385
vt 0.375000 0.869483
vt 0.375000 0.319615
vt 0.375000 0.375000
vt 0.375000 1.000000
vt 0.375000 0.819615
vt 0.375000 0.858606
vt 0.375000 0.380517
s 1
f 39/1/1 2/2/1 4/3/1 40/4/1
f 50/5/2 27/6/2 13/7/2 45/8/2
f 41/9/3 8/10/3 6/11/3 42/12/3
f 43/13/4 12/14/4 15/15/4 46/16/4
f 29/17/5 18/18/5 19/19/5 28/20/5
f 10/21/6 14/22/6 25/22/6 21/21/6
f 30/23/7 16/24/7 26/24/7 32/23/7
f 17/25/5 9/26/5 11/27/5 20/28/5
f 52/29/4 34/30/4 12/14/4 43/13/4
f 47/31/2 14/22/2 10/21/2 44/32/2
f 45/8/2 13/7/2 8/10/2 41/9/2
f 14/33/8 4/34/8 2/35/8 15/36/8
f 46/16/4 15/15/4 2/37/4 39/38/4
f 8/10/8 13/39/8 16/40/8 6/11/8
f 40/4/2 4/3/2 14/22/2 47/31/2
f 18/18/5 7/41/5 5/42/5 19/19/5
f 42/12/4 6/11/4 16/24/4 48/43/4
f 3/44/5 17/25/5 20/28/5 1/45/5
f 21/46/8 25/33/8 24/36/8 23/47/8
f 38/48/8 21/46/8 23/47/8 35/49/8
f 15/15/7 12/14/7 23/14/7 24/15/7
f 16/40/9 13/39/9 22/39/9 26/40/9
f 14/33/10 15/36/10 24/36/10 25/33/10
f 36/50/6 10/21/6 21/21/6 38/50/6
f 13/7/6 27/6/6 31/6/6 22/7/6
f 22/39/8 31/51/8 32/52/8 26/40/8
f 48/43/4 16/24/4 30/23/4 49/53/4
f 34/30/7 30/23/7 32/23/7 35/30/7
f 33/54/5 29/17/5 28/20/5 37/55/5
f 51/56/2 36/50/2 27/6/2 50/5/2
f 44/32/2 10/21/2 36/50/2 51/56/2
f 9/26/5 33/54/5 37/55/5 11/27/5
f 12/14/7 34/30/7 35/30/7 23/14/7
f 27/6/6 36/50/6 38/50/6 31/6/6
f 31/51/8 38/48/8 35/49/8 32/52/8
f 49/53/4 30/23/4 34/30/4 52/29/4
f 60/57/4 49/53/4 52/29/4 63/58/4
f 57/59/2 44/32/2 51/56/2 62/60/2
f 61/61/5 62/60/5 70/60/5 69/61/5
f 59/62/4 48/43/4 49/53/4 60/57/4
f 55/63/4 42/12/4 48/43/4 59/62/4
f 53/64/2 40/4/2 47/31/2 58/65/2
f 66/66/4 46/16/4 39/38/4 64/67/4
f 65/68/2 45/8/2 41/9/2 54/69/2
f 58/65/2 47/31/2 44/32/2 57/59/2
f 63/58/4 52/29/4 43/13/4 56/70/4
f 56/70/4 43/13/4 46/16/4 66/66/4
f 54/69/3 41/9/3 42/12/3 55/63/3
f 61/61/2 50/5/2 45/8/2 65/68/2
f 64/71/1 39/1/1 40/4/1 53/64/1
f 1/72/1 64/71/1 53/64/1 3/73/1
f 29/74/2 61/61/2 65/68/2 18/75/2
f 7/41/3 54/69/3 55/63/3 5/42/3
f 11/76/4 56/70/4 66/66/4 20/77/4
f 37/78/4 63/58/4 56/70/4 11/76/4
f 17/79/2 58/65/2 57/59/2 9/80/2
f 18/75/2 65/68/2 54/69/2 7/41/2
f 20/77/4 66/66/4 64/67/4 1/81/4
f 3/73/2 53/64/2 58/65/2 17/79/2
f 5/42/4 55/63/4 59/62/4 19/82/4
f 19/82/4 59/62/4 60/57/4 28/83/4
f 33/84/2 62/60/2 61/61/2 29/74/2
f 9/80/2 57/59/2 62/60/2 33/84/2
f 28/83/4 60/57/4 63/58/4 37/78/4
f 70/60/2 67/56/2 68/5/2 69/61/2
f 51/56/8 50/5/8 68/5/8 67/56/8
f 50/5/3 61/61/3 69/61/3 68/5/3
f 62/60/1 51/56/1 67/56/1 70/60/1
o roues_gauche
v 1.554527 0.003879 -1.166003
v 1.554527 0.003879 -0.993997
v 1.559167 0.003850 -1.166003
v 1.559167 0.003850 -0.993997
v 1.563806 0.003762 -1.166003
v 1.563806 0.003762 -0.993997
v 1.568444 0.003616 -1.166003
v 1.568444 0.003616 -0.993997
v 1.573079 0.003412 -1.166003
v 1.573079 0.003412 -0.993997
v 1.577712 0.003150 -1.166003
v 1.577712 0.003150 -0.993997
v 1.582341 0.002830 -1.166003
v 1.582341 0.002830 -0.993997
v 1.586966 0.002451 -1.166003
v 1.586966 0.002451 -0.993997
v 1.591585 0.002014 -1.166003
v 1.591585 0.002014 -0.993997
v 1.596199 0.001520 -1.166003
v 1.596199 0.001520 -0.993997
v 1.600806 0.000967 -1.166003
v 1.600806 0.000967 -0.993997
v 1.605406 0.000357 -1.166003
v 1.605406 0.000357 -0.993997
v 1.609998 -0.000311 -1.166003
v 1.609998 -0.000311 -0.993997
v 1.614581 -0.001037 -1.166003
v 1.614581 -0.001037 -0.993997
v 1.619154 -0.001821 -1.166003
v 1.619154 -0.001821 -0.993997
v 1.623717 -0.002662 -1.166003
v 1.623717 -0.002662 -0.993997
v 1.628270 -0.003560 -1.166003
v 1.628270 -0.003560 -0.993997
v 1.632810 -0.004515 -1.166003
v 1.632810 -0.004515 -0.993997
v 1.637339 -0.005527 -1.166003
v 1.637339 -0.005527 -0.993997
v 1.641854 -0.006596 -1.166003
v 1.641854 -0.006596 -0.993997
v 1.646355 -0.007722 -1.166003
v 1.646355 -0.007722 -0.993997
v 1.650842 -0.008904 -1.166003
v 1.650842 -0.008904 -0.993997
v 1.655314 -0.010142 -1.166003
v 1.655314 -0.010142 -0.993997
v 1.659770 -0.011437 -1.166003
v 1.659770 -0.011437 -0.993997
v 1.664209 -0.012787 -1.166003
v 1.664209 -0.012787 -0.993997
v 1.668631 -0.014194 -1.166003
v 1.668631 -0.014194 -0.993997
v 1.673035 -0.015655 -1.166003
v 1.673035 -0.015655 -0.993997
v 1.677420 -0.017172 -1.166003
v 1.677420 -0.017172 -0.993997
v 1.681786 -0.018744 -1.166003
v 1.681786 -0.018744 -0.993997
v 1.686132 -0.020370 -1.166003
v 1.686132 -0.020370 -0.993997
v 1.690457 -0.022051 -1.166003
v 1.690457 -0.022051 -0.993997
v 1.694760 -0.023786 -1.166003
v 1.694760 -0.023786 -0.993997
v 1.699041 -0.025576 -1.166003
v 1.699041 -0.025576 -0.993997
v 1.703300 -0.027418 -1.166003
v 1.703300 -0.027418 -0.993997
v 1.707535 -0.029314 -1.166003
v 1.707535 -0.029314 -0.993997
v 1.711746 -0.031264 -1.166003
v 1.711746 -0.031264 -0.993997
v 1.715932 -0.033266 -1.166003
v 1.715932 -0.033266 -0.993997
v 1.720092 -0.035320 -1.166003
v 1.720092 -0.035320 -0.993997
v 1.724226 -0.037427 -1.166003
v 1.724226 -0.037427 -0.993997
v 1.728334 -0.039585 -1.166003
v 1.728334 -0.039585 -0.993997
v 1.732414 -0.041795 -1.166003
v 1.732414 -0.041795 -0.993997
v 1.736466 -0.044056 -1.166003
v 1.736466 -0.044056 -0.993997
v 1.740489 -0.046367 -1.166003
v 1.740489 -0.046367 -0.993997
v 1.744483 -0.048729 -1.166003
v 1.744483 -0.048729 -0.993997
v 1.748447 -0.051141 -1.166003
v 1.748447 -0.051141 -0.993997
v 1.752381 -0.053603 -1.166003
v 1.752381 -0.053603 -0.993997
v 1.756283 -0.056114 -1.166003
v 1.756283 -0.056114 -0.993997
v 1.760153 -0.058674 -1.166003
v 1.760153 -0.058674 -0.993997
v 1.763991 -0.061282 -1.166003
v 1.763991 -0.061282 -0.993997
v 1.767795 -0.063938 -1.166003
v 1.767795 -0.063938 -0.993997
v 1.771566 -0.066642 -1.166003
v 1.771566 -0.066642 -0.993997
v 1.775303 -0.069392 -1.166003
v 1.775303 -0.069392 -0.993997
v 1.779005 -0.072190 -1.166003
v 1.779005 -0.072190 -0.993997
v 1.782671 -0.075034 -1.166003
v 1.782671 -0.075034 -0.993997
v 1.786301 -0.077924 -1.166003
v 1.786301 -0.077924 -0.993997
v 1.789895 -0.080859 -1.166003
v 1.789895 -0.080859 -0.993997
v 1.793452 -0.083839 -1.166003
v 1.793452 -0.083839 -0.993997
v 1.796971 -0.086864 -1.166003
v 1.796971 -0.086864 -0.993997
v 1.800451 -0.089932 -1.166003
v 1.800451 -0.089932 -0.993997
v 1.803893 -0.093044 -1.166003
v 1.803893 -0.093044 -0.993997
v 1.807295 -0.096199 -1.166003
v 1.807295 -0.096199 -0.993997
v 1.810658 -0.099397 -1.166003
v 1.810658 -0.099397 -0.993997
v 1.813980 -0.102636 -1.166003
v 1.813980 -0.102636 -0.993997
v 1.817261 -0.105917 -1.166003
v 1.817261 -0.105917 -0.993997
v 1.820500 -0.109239 -1.166003
v 1.820500 -0.109239 -0.993997
v 1.823698 -0.112602 -1.166003
v 1.823698 -0.112602 -0.993997
v 1.826853 -0.116004 -1.166003
v 1.826853 -0.116004 -0.993997
v 1.829965 -0.119446 -1.166003
v 1.829965 -0.119446 -0.993997
v 1.833034 -0.122927 -1.166003
v 1.833034 -0.122927 -0.993997
v 1.836058 -0.126446 -1.166003
v 1.836058 -0.126446 -0.993997
v 1.839038 -0.130002 -1.166003
v 1.839038 -0.130002 -0.993997
v 1.841974 -0.133596 -1.166003
v 1.841974 -0.133596 -0.993997
v 1.844863 -0.137226 -1.166003
v 1.844863 -0.137226 -0.993997
v 1.847707 -0.140893 -1.166003
v 1.847707 -0.140893 -0.993997
v 1.850505 -0.144594 -1.166003
v 1.850505 -0.144594 -0.993997
v 1.853256 -0.148331 -1.166003
v 1.853256 -0.148331 -0.993997
v 1.855960 -0.152102 -1.166003
v 1.855960 -0.152102 -0.993997
v 1.858616 -0.155907 -1.166003
v 1.858616 -0.155907 -0.993997
v 1.861224 -0.159745 -1.166003
v 1.861224 -0.159745 -0.993997
v 1.863784 -0.163615 -1.166003
v 1.863784 -0.163615 -0.993997
v 1.866294 -0.167517 -1.166003
v 1.866294 -0.167517 -0.993997
v 1.868756 -0.171450 -1.166003
v 1.868756 -0.171450 -0.993997
v 1.871168 -0.175414 -1.166003
v 1.871168 -0.175414 -0.993997
v 1.873530 -0.179408 -1.166003
v 1.873530 -0.179408 -0.993997
v 1.875842 -0.183431 -1.166003
v 1.875842 -0.183431 -0.993997
v 1.878103 -0.187483 -1.166003
v 1.878103 -0.187483 -0.993997
v 1.880312 -0.191563 -1.166003
v 1.880312 -0.191563 -0.993997
v 1.882471 -0.195671 -1.166003
v 1.882471 -0.195671 -0.993997
v 1.884577 -0.199805 -1.166003
v 1.884577 -0.199805 -0.993997
v 1.886632 -0.203966 -1.166003
v 1.886632 -0.203966 -0.993997
v 1.888634 -0.208152 -1.166003
v 1.888634 -0.208152 -0.993997
v 1.890583 -0.212363 -1.166003
v 1.890583 -0.212363 -0.993997
v 1.892479 -0.216598 -1.166003
v 1.892479 -0.216598 -0.993997
v 1.894322 -0.220856 -1.166003
v 1.894322 -0.220856 -0.993997
v 1.896111 -0.225137 -1.166003
v 1.896111 -0.225137 -0.993997
v 1.897846 -0.229441 -1.166003
v 1.897846 -0.229441 -0.993997
v 1.899527 -0.233766 -1.166003
v 1.899527 -0.233766 -0.993997
v 1.901154 -0.238111 -1.166003
v 1.901154 -0.238111 -0.993997
v 1.902725 -0.242477 -1.166003
v 1.902725 -0.242477 -0.993997
v 1.904242 -0.246862 -1.166003
v 1.904242 -0.246862 -0.993997
v 1.905704 -0.251266 -1.166003
v 1.905704 -0.251266 -0.993997
v 1.907110 -0.255688 -1.166003
v 1.907110 -0.255688 -0.993997
v 1.908460 -0.260127 -1.166003
v 1.908460 -0.260127 -0.993997
v 1.909755 -0.264583 -1.166003
v 1.909755 -0.264583 -0.993997
v 1.910993 -0.269055 -1.166003
v 1.910993 -0.269055 -0.993997
v 1.912176 -0.273542 -1.166003
v 1.912176 -0.273542 -0.993997
v 1.913301 -0.278043 -1.166003
v 1.913301 -0.278043 -0.993997
v 1.914370 -0.282559 -1.166003
v 1.914370 -0.282559 -0.993997
v 1.915383 -0.287087 -1.166003
v 1.915383 -0.287087 -0.993997
v 1.916338 -0.291628 -1.166003
v 1.916338 -0.291628 -0.993997
v 1.917236 -0.296180 -1.166003
v 1.917236 -0.296180 -0.993997
v 1.918077 -0.300743 -1.166003
v 1.918077 -0.300743 -0.993997
v 1.918860 -0.305317 -1.166003
v 1.918860 -0.305317 -0.993997
v 1.919586 -0.309900 -1.166003
v 1.919586 -0.309900 -0.993997
v 1.920254 -0.314492 -1.166003
v 1.920254 -0.314492 -0.993997
v 1.920865 -0.319091 -1.166003
v 1.920865 -0.319091 -0.993997
v 1.921417 -0.323698 -1.166003
v 1.921417 -0.323698 -0.993997
v 1.921912 -0.328312 -1.166003
v 1.921912 -0.328312 -0.993997
v 1.922348 -0.332932 -1.166003
v 1.922348 -0.332932 -0.993997
v 1.922727 -0.337556 -1.166003
v 1.922727 -0.337556 -0.993997
v 1.923048 -0.342185 -1.166003
v 1.923048 -0.342185 -0.993997
v 1.923310 -0.346818 -1.166003
v 1.923310 -0.346818 -0.993997
v 1.923514 -0.351453 -1.166003
v 1.923514 -0.351453 -0.993997
v 1.923660 -0.356091 -1.166003
v 1.923660 -0.356091 -0.993997
v 1.923747 -0.360731 -1.166003
v 1.923747 -0.360731 -0.993997
v 1.923776 -0.365371 -1.166003
v 1.923776 -0.365371 -0.993997
v 1.923747 -0.370011 -1.166003
v 1.923747 -0.370011 -0.993997
v 1.923660 -0.374650 -1.166003
v 1.923660 -0.374650 -0.993997
v 1.923514 -0.379288 -1.166003
v 1.923514 -0.379288 -0.993997
v 1.923310 -0.383923 -1.166003
v 1.923310 -0.383923 -0.993997
v 1.923048 -0.388556 -1.166003
v 1.923048 -0.388556 -0.993997
v 1.922727 -0.393185 -1.166003
v 1.922727 -0.393185 -0.993997
v 1.922348 -0.397810 -1.166003
v 1.922348 -0.397810 -0.993997
v 1.921912 -0.402429 -1.166003
v 1.921912 -0.402429 -0.993997
v 1.921417 -0.407043 -1.166003
v 1.921417 -0.407043 -0.993997
v 1.920865 -0.411650 -1.166003
v 1.920865 -0.411650 -0.993997
v 1.920254 -0.416250 -1.166003
v 1.920254 -0.416250 -0.993997
v 1.919586 -0.420841 -1.166003
v 1.919586 -0.420841 -0.993997
v 1.918860 -0.425424 -1.166003
v 1.918860 -0.425424 -0.993997
v 1.918077 -0.429998 -1.166003
v 1.918077 -0.429998 -0.993997
v 1.917236 -0.434561 -1.166003
v 1.917236 -0.434561 -0.993997
v 1.916338 -0.439113 -1.166003
v 1.916338 -0.439113 -0.993997
v 1.915383 -0.443654 -1.166003
v 1.915383 -0.443654 -0.993997
v 1.914370 -0.448182 -1.166003
v 1.914370 -0.448182 -0.993997
v 1.913301 -0.452698 -1.166003
v 1.913301 -0.452698 -0.993997
v 1.912176 -0.457199 -1.166003
v 1.912176 -0.457199 -0.993997
v 1.910993 -0.461686 -1.166003
v 1.910993 -0.461686 -0.993997
v 1.909755 -0.466158 -1.166003
v 1.909755 -0.466158 -0.993997
v 1.908460 -0.470614 -1.166003
v 1.908460 -0.470614 -0.993997
v 1.907110 -0.475053 -1.166003
v 1.907110 -0.475053 -0.993997
v 1.905704 -0.479475 -1.166003
v 1.905704 -0.479475 -0.993997
v 1.904242 -0.483879 -1.166003
v 1.904242 -0.483879 -0.993997
v 1.902725 -0.488264 -1.166003
v 1.902725 -0.488264 -0.993997
v 1.901154 -0.492630 -1.166003
v 1.901154 -0.492630 -0.993997
v 1.899527 -0.496975 -1.166003
v 1.899527 -0.496975 -0.993997
v 1.897846 -0.501300 -1.166003
v 1.897846 -0.501300 -0.993997
v 1.896111 -0.505604 -1.166003
v 1.896111 -0.505604 -0.993997
v 1.894322 -0.509885 -1.166003
v 1.894322 -0.509885 -0.993997
v 1.892479 -0.514144 -1.166003
v 1.892479 -0.514144 -0.993997
v 1.890583 -0.518378 -1.166003
v 1.890583 -0.518378 -0.993997
v 1.888634 -0.522589 -1.166003
v 1.888634 -0.522589 -0.993997
v 1.886632 -0.526775 -1.166003
v 1.886632 -0.526775 -0.993997
v 1.884577 -0.530936 -1.166003
v 1.884577 -0.530936 -0.993997
v 1.882471 -0.535070 -1.166003
v 1.882471 -0.535070 -0.993997
v 1.880312 -0.539178 -1.166003
v 1.880312 -0.539178 -0.993997
v 1.878103 -0.543258 -1.166003
v 1.878103 -0.543258 -0.993997
v 1.875842 -0.547310 -1.166003
v 1.875842 -0.547310 -0.993997
v 1.873530 -0.551333 -1.166003
v 1.873530 -0.551333 -0.993997
v 1.871168 -0.555327 -1.166003
v 1.871168 -0.555327 -0.993997
v 1.868756 -0.559291 -1.166003
v 1.868756 -0.559291 -0.993997
v 1.866294 -0.563224 -1.166003
v 1.866294 -0.563224 -0.993997
v 1.863784 -0.567126 -1.166003
v 1.863784 -0.567126 -0.993997
v 1.861224 -0.570997 -1.166003
v 1.861224 -0.570997 -0.993997
v 1.858616 -0.574834 -1.166003
v 1.858616 -0.574834 -0.993997
v 1.855960 -0.578639 -1.166003
v 1.855960 -0.578639 -0.993997
v 1.853256 -0.582410 -1.166003
v 1.853256 -0.582410 -0.993997
v 1.850505 -0.586147 -1.166003
v 1.850505 -0.586147 -0.993997
v 1.847707 -0.589849 -1.166003
v 1.847707 -0.589849 -0.993997
v 1.844863 -0.593515 -1.166003
v 1.844863 -0.593515 -0.993997
v 1.841974 -0.597145 -1.166003
v 1.841974 -0.597145 -0.993997
v 1.839038 -0.600739 -1.166003
v 1.839038 -0.600739 -0.993997
v 1.836058 -0.604296 -1.166003
v 1.836058 -0.604296 -0.993997
v 1.833034 -0.607814 -1.166003
v 1.833034 -0.607814 -0.993997
v 1.829965 -0.611295 -1.166003
v 1.829965 -0.611295 -0.993997
v 1.826853 -0.614737 -1.166003
v 1.826853 -0.614737 -0.993997
v 1.823698 -0.618139 -1.166003
v 1.823698 -0.618139 -0.993997
v 1.820500 -0.621502 -1.166003
v 1.820500 -0.621502 -0.993997
v 1.817261 -0.624824 -1.166003
v 1.817261 -0.624824 -0.993997
v 1.813980 -0.628105 -1.166003
v 1.813980 -0.628105 -0.993997
v 1.810658 -0.631344 -1.166003
v 1.810658 -0.631344 -0.993997
v 1.807295 -0.634542 -1.166003
v 1.807295 -0.634542 -0.993997
v 1.803893 -0.637697 -1.166003
v 1.803893 -0.637697 -0.993997
v 1.800451 -0.640809 -1.166003
v 1.800451 -0.640809 -0.993997
v 1.796971 -0.643877 -1.166003
v 1.796971 -0.643877 -0.993997
v 1.793452 -0.646902 -1.166003
v 1.793452 -0.646902 -0.993997
v 1.789895 -0.649882 -1.166003
v 1.789895 -0.649882 -0.993997
v 1.786301 -0.652817 -1.166003
v 1.786301 -0.652817 -0.993997
v 1.782671 -0.655707 -1.166003
v 1.782671 -0.655707 -0.993997
v 1.779005 -0.658551 -1.166003
v 1.779005 -0.658551 -0.993997
v 1.775303 -0.661349 -1.166003
v 1.775303 -0.661349 -0.993997
v 1.771566 -0.664100 -1.166003
v 1.771566 -0.664100 -0.993997
v 1.767795 -0.666803 -1.166003
v 1.767795 -0.666803 -0.993997
v 1.763991 -0.669459 -1.166003
v 1.763991 -0.669459 -0.993997
v 1.760153 -0.672068 -1.166003
v 1.760153 -0.672068 -0.993997
v 1.756283 -0.674627 -1.166003
v 1.756283 -0.674627 -0.993997
v 1.752381 -0.677138 -1.166003
v 1.752381 -0.677138 -0.993997
v 1.748447 -0.679600 -1.166003
v 1.748447 -0.679600 -0.993997
v 1.744483 -0.682012 -1.166003
v 1.744483 -0.682012 -0.993997
v 1.740489 -0.684374 -1.166003
v 1.740489 -0.684374 -0.993997
v 1.736466 -0.686685 -1.166003
v 1.736466 -0.686685 -0.993997
v 1.732414 -0.688946 -1.166003
v 1.732414 -0.688946 -0.993997
v 1.728334 -0.691156 -1.166003
v 1.728334 -0.691156 -0.993997
v 1.724226 -0.693314 -1.166003
v 1.724226 -0.693314 -0.993997
v 1.720092 -0.695421 -1.166003
v 1.720092 -0.695421 -0.993997
v 1.715932 -0.697475 -1.166003
v 1.715932 -0.697475 -0.993997
v 1.711746 -0.699477 -1.166003
v 1.711746 -0.699477 -0.993997
v 1.707535 -0.701427 -1.166003
v 1.707535 -0.701427 -0.993997
v 1.703300 -0.703323 -1.166003
v 1.703300 -0.703323 -0.993997
v 1.699041 -0.705166 -1.166003
v 1.699041 -0.705166 -0.993997
v 1.694760 -0.706955 -1.166003
v 1.694760 -0.706955 -0.993997
v 1.690457 -0.708690 -1.166003
v 1.690457 -0.708690 -0.993997
v 1.686132 -0.710371 -1.166003
v 1.686132 -0.710371 -0.993997
v 1.681786 -0.711998 -1.166003
v 1.681786 -0.711998 -0.993997
v 1.677420 -0.713569 -1.166003
v 1.677420 -0.713569 -0.993997
v 1.673035 -0.715086 -1.166003
v 1.673035 -0.715086 -0.993997
v 1.668631 -0.716548 -1.166003
v 1.668631 -0.716548 -0.993997
v 1.664209 -0.717954 -1.166003
v 1.664209 -0.717954 -0.993997
v 1.659770 -0.719304 -1.166003
v 1.659770 -0.719304 -0.993997
v 1.655314 -0.720599 -1.166003
v 1.655314 -0.720599 -0.993997
v 1.650842 -0.721837 -1.166003
v 1.650842 -0.721837 -0.993997
v 1.646355 -0.723019 -1.166003
v 1.646355 -0.723019 -0.993997
v 1.641854 -0.724145 -1.166003
v 1.641854 -0.724145 -0.993997
v 1.637339 -0.725214 -1.166003
v 1.637339 -0.725214 -0.993997
v 1.632810 -0.726226 -1.166003
v 1.632810 -0.726226 -0.993997
v 1.628270 -0.727181 -1.166003
v 1.628270 -0.727181 -0.993997
v 1.623717 -0.728080 -1.166003
v 1.623717 -0.728080 -0.993997
v 1.619154 -0.728920 -1.166003
v 1.619154 -0.728920 -0.993997
v 1.614581 -0.729704 -1.166003
v 1.614581 -0.729704 -0.993997
v 1.609998 -0.730430 -1.166003
v 1.609998 -0.730430 -0.993997
v 1.605406 -0.731098 -1.166003
v 1.605406 -0.731098 -0.993997
v 1.600806 -0.731708 -1.166003
v 1.600806 -0.731708 -0.993997
v 1.596199 -0.732261 -1.166003
v 1.596199 -0.732261 -0.993997
v 1.591585 -0.732756 -1.166003
v 1.591585 -0.732756 -0.993997
v 1.586966 -0.733192 -1.166003
v 1.586966 -0.733192 -0.993997
v 1.582341 -0.733571 -1.166003
v 1.582341 -0.733571 -0.993997
v 1.577712 -0.733891 -1.166003
v 1.577712 -0.733891 -0.993997
v 1.573079 -0.734154 -1.166003
v 1.573079 -0.734154 -0.993997
v 1.568444 -0.734358 -1.166003
v 1.568444 -0.734358 -0.993997
v 1.563806 -0.734503 -1.166003
v 1.563806 -0.734503 -0.993997
v 1.559167 -0.734591 -1.166003
v 1.559167 -0.734591 -0.993997
v 1.554527 -0.734620 -1.166003
v 1.554527 -0.734620 -0.993997
v 1.549887 -0.734591 -1.166003
v 1.549887 -0.734591 -0.993997
v 1.545248 -0.734503 -1.166003
v 1.545248 -0.734503 -0.993997
v 1.540610 -0.734358 -1.166003
v 1.540610 -0.734358 -0.993997
v 1.535974 -0.734154 -1.166003
v 1.535974 -0.734154 -0.993997
v 1.531341 -0.733891 -1.166003
v 1.531341 -0.733891 -0.993997
v 1.526712 -0.733571 -1.166003
v 1.526712 -0.733571 -0.993997
v 1.522088 -0.733192 -1.166003
v 1.522088 -0.733192 -0.993997
v 1.517468 -0.732756 -1.166003
v 1.517468 -0.732756 -0.993997
v 1.512855 -0.732261 -1.166003
v 1.512855 -0.732261 -0.993997
v 1.508248 -0.731708 -1.166003
v 1.508248 -0.731708 -0.993997
v 1.503648 -0.731098 -1.166003
v 1.503648 -0.731098 -0.993997
v 1.499056 -0.730430 -1.166003
v 1.499056 -0.730430 -0.993997
v 1.494473 -0.729704 -1.166003
v 1.494473 -0.729704 -0.993997
v 1.489900 -0.728920 -1.166003
v 1.489900 -0.728920 -0.993997
v 1.485336 -0.728080 -1.166003
v 1.485336 -0.728080 -0.993997
v 1.480784 -0.727181 -1.166003
v 1.480784 -0.727181 -0.993997
v 1.476243 -0.726226 -1.166003
v 1.476243 -0.726226 -0.993997
v 1.471715 -0.725214 -1.166003
v 1.471715 -0.725214 -0.993997
v 1.467200 -0.724145 -1.166003
v 1.467200 -0.724145 -0.993997
v 1.462698 -0.723019 -1.166003
v 1.462698 -0.723019 -0.993997
v 1.458211 -0.721837 -1.166003
v 1.458211 -0.721837 -0.993997
v 1.453739 -0.720599 -1.166003
v 1.453739 -0.720599 -0.993997
v 1.449284 -0.719304 -1.166003
v 1.449284 -0.719304 -0.993997
v 1.444844 -0.717954 -1.166003
v 1.444844 -0.717954 -0.993997
v 1.440422 -0.716548 -1.166003
v 1.440422 -0.716548 -0.993997
v 1.436019 -0.715086 -1.166003
v 1.436019 -0.715086 -0.993997
v 1.431633 -0.713569 -1.166003
v 1.431633 -0.713569 -0.993997
v 1.427268 -0.711998 -1.166003
v 1.427268 -0.711998 -0.993997
v 1.422922 -0.710371 -1.166003
v 1.422922 -0.710371 -0.993997
v 1.418597 -0.708690 -1.166003
v 1.418597 -0.708690 -0.993997
v 1.414294 -0.706955 -1.166003
v 1.414294 -0.706955 -0.993997
v 1.410012 -0.705166 -1.166003
v 1.410012 -0.705166 -0.993997
v 1.405754 -0.703323 -1.166003
v 1.405754 -0.703323 -0.993997
v 1.401519 -0.701427 -1.166003
v 1.401519 -0.701427 -0.993997
v 1.397308 -0.699477 -1.166003
v 1.397308 -0.699477 -0.993997
v 1.393122 -0.697475 -1.166003
v 1.393122 -0.697475 -0.993997
v 1.388962 -0.695421 -1.166003
v 1.388962 -0.695421 -0.993997
v 1.384827 -0.693314 -1.166003
v 1.384827 -0.693314 -0.993997
v 1.380720 -0.691156 -1.166003
v 1.380720 -0.691156 -0.993997
v 1.376639 -0.688946 -1.166003
v 1.376639 -0.688946 -0.993997
v 1.372588 -0.686685 -1.166003
v 1.372588 -0.686685 -0.993997
v 1.368564 -0.684374 -1.166003
v 1.368564 -0.684374 -0.993997
v 1.364570 -0.682012 -1.166003
v 1.364570 -0.682012 -0.993997
v 1.360606 -0.679600 -1.166003
v 1.360606 -0.679600 -0.993997
v 1.356673 -0.677138 -1.166003
v 1.356673 -0.677138 -0.993997
v 1.352771 -0.674627 -1.166003
v 1.352771 -0.674627 -0.993997
v 1.348901 -0.672068 -1.166003
v 1.348901 -0.672068 -0.993997
v 1.345063 -0.669459 -1.166003
v 1.345063 -0.669459 -0.993997
v 1.341258 -0.666803 -1.166003
v 1.341258 -0.666803 -0.993997
v 1.337487 -0.664100 -1.166003
v 1.337487 -0.664100 -0.993997
v 1.333751 -0.661349 -1.166003
v 1.333751 -0.661349 -0.993997
v 1.330049 -0.658551 -1.166003
v 1.330049 -0.658551 -0.993997
v 1.326383 -0.655707 -1.166003
v 1.326383 -0.655707 -0.993997
v 1.322752 -0.652817 -1.166003
v 1.322752 -0.652817 -0.993997
v 1.319158 -0.649882 -1.166003
v 1.319158 -0.649882 -0.993997
v 1.315602 -0.646902 -1.166003
v 1.315602 -0.646902 -0.993997
v 1.312083 -0.643877 -1.166003
v 1.312083 -0.643877 -0.993997
v 1.308602 -0.640809 -1.166003
v 1.308602 -0.640809 -0.993997
v 1.305161 -0.637697 -1.166003
v 1.305161 -0.637697 -0.993997
v 1.301758 -0.634542 -1.166003
v 1.301758 -0.634542 -0.993997
v 1.298396 -0.631344 -1.166003
v 1.298396 -0.631344 -0.993997
v 1.295074 -0.628105 -1.166003
v 1.295074 -0.628105 -0.993997
v 1.291793 -0.624824 -1.166003
v 1.291793 -0.624824 -0.993997
v 1.288553 -0.621502 -1.166003
v 1.288553 -0.621502 -0.993997
v 1.285356 -0.618139 -1.166003
v 1.285356 -0.618139 -0.993997
v 1.282201 -0.614737 -1.166003
v 1.282201 -0.614737 -0.993997
v 1.279088 -0.611295 -1.166003
v 1.279088 -0.611295 -0.993997
v 1.276020 -0.607814 -1.166003
v 1.276020 -0.607814 -0.993997
v 1.272995 -0.604296 -1.166003
v 1.272995 -0.604296 -0.993997
v 1.270015 -0.600739 -1.166003
v 1.270015 -0.600739 -0.993997
v 1.267080 -0.597145 -1.166003
v 1.267080 -0.597145 -0.993997
v 1.264190 -0.593515 -1.166003
v 1.264190 -0.593515 -0.993997
v 1.261346 -0.589849 -1.166003
v 1.261346 -0.589849 -0.993997
v 1.258549 -0.586147 -1.166003
v 1.258549 -0.586147 -0.993997
v 1.255798 -0.582410 -1.166003
v 1.255798 -0.582410 -0.993997
v 1.253094 -0.578639 -1.166003
v 1.253094 -0.578639 -0.993997
v 1.250438 -0.574834 -1.166003
v 1.250438 -0.574834 -0.993997
v 1.247830 -0.570997 -1.166003
v 1.247830 -0.570997 -0.993997
v 1.245270 -0.567126 -1.166003
v 1.245270 -0.567126 -0.993997
v 1.242759 -0.563224 -1.166003
v 1.242759 -0.563224 -0.993997
v 1.240298 -0.559291 -1.166003
v 1.240298 -0.559291 -0.993997
v 1.237886 -0.555327 -1.166003
v 1.237886 -0.555327 -0.993997
v 1.235524 -0.551333 -1.166003
v 1.235524 -0.551333 -0.993997
v 1.233212 -0.547310 -1.166003
v 1.233212 -0.547310 -0.993997
v 1.230951 -0.543258 -1.166003
v 1.230951 -0.543258 -0.993997
v 1.228741 -0.539178 -1.166003
v 1.228741 -0.539178 -0.993997
v 1.226583 -0.535070 -1.166003
v 1.226583 -0.535070 -0.993997
v 1.224476 -0.530936 -1.166003
v 1.224476 -0.530936 -0.993997
v 1.222422 -0.526775 -1.166003
v 1.222422 -0.526775 -0.993997
v 1.220420 -0.522589 -1.166003
v 1.220420 -0.522589 -0.993997
v 1.218471 -0.518378 -1.166003
v 1.218471 -0.518378 -0.993997
v 1.216575 -0.514144 -1.166003
v 1.216575 -0.514144 -0.993997
v 1.214732 -0.509885 -1.166003
v 1.214732 -0.509885 -0.993997
v 1.212943 -0.505604 -1.166003
v 1.212943 -0.505604 -0.993997
v 1.211207 -0.501300 -1.166003
v 1.211207 -0.501300 -0.993997
v 1.209526 -0.496975 -1.166003
v 1.209526 -0.496975 -0.993997
v 1.207900 -0.492630 -1.166003
v 1.207900 -0.492630 -0.993997
v 1.206328 -0.488264 -1.166003
v 1.206328 -0.488264 -0.993997
v 1.204811 -0.483879 -1.166003
v 1.204811 -0.483879 -0.993997
v 1.203350 -0.479475 -1.166003
v 1.203350 -0.479475 -0.993997
v 1.201944 -0.475053 -1.166003
v 1.201944 -0.475053 -0.993997
v 1.200593 -0.470614 -1.166003
v 1.200593 -0.470614 -0.993997
v 1.199299 -0.466158 -1.166003
v 1.199299 -0.466158 -0.993997
v 1.198060 -0.461686 -1.166003
v 1.198060 -0.461686 -0.993997
v 1.196878 -0.457199 -1.166003
v 1.196878 -0.457199 -0.993997
v 1.195752 -0.452698 -1.166003
v 1.195752 -0.452698 -0.993997
v 1.194683 -0.448182 -1.166003
v 1.194683 -0.448182 -0.993997
v 1.193671 -0.443654 -1.166003
v 1.193671 -0.443654 -0.993997
v 1.192716 -0.439113 -1.166003
v 1.192716 -0.439113 -0.993997
v 1.191818 -0.434561 -1.166003
v 1.191818 -0.434561 -0.993997
v 1.190977 -0.429998 -1.166003
v 1.190977 -0.429998 -0.993997
v 1.190194 -0.425424 -1.166003
v 1.190194 -0.425424 -0.993997
v 1.189468 -0.420841 -1.166003
v 1.189468 -0.420841 -0.993997
v 1.188800 -0.416250 -1.166003
v 1.188800 -0.416250 -0.993997
v 1.188189 -0.411650 -1.166003
v 1.188189 -0.411650 -0.993997
v 1.187636 -0.407043 -1.166003
v 1.187636 -0.407043 -0.993997
v 1.187142 -0.402429 -1.166003
v 1.187142 -0.402429 -0.993997
v 1.186705 -0.397810 -1.166003
v 1.186705 -0.397810 -0.993997
v 1.186327 -0.393185 -1.166003
v 1.186327 -0.393185 -0.993997
v 1.186006 -0.388556 -1.166003
v 1.186006 -0.388556 -0.993997
v 1.185744 -0.383923 -1.166003
v 1.185744 -0.383923 -0.993997
v 1.185540 -0.379288 -1.166003
v 1.185540 -0.379288 -0.993997
v 1.185394 -0.374650 -1.166003
v 1.185394 -0.374650 -0.993997
v 1.185307 -0.370011 -1.166003
v 1.185307 -0.370011 -0.993997
v 1.185277 -0.365371 -1.166003
v 1.185277 -0.365371 -0.993997
v 1.185307 -0.360731 -1.166003
v 1.185307 -0.360731 -0.993997
v 1.185394 -0.356091 -1.166003
v 1.185394 -0.356091 -0.993997
v 1.185540 -0.351453 -1.166003
v 1.185540 -0.351453 -0.993997
v 1.185744 -0.346818 -1.166003
v 1.185744 -0.346818 -0.993997
v 1.186006 -0.342185 -1.166003
v 1.186006 -0.342185 -0.993997
v 1.186327 -0.337556 -1.166003
v 1.186327 -0.337556 -0.993997
v 1.186705 -0.332932 -1.166003
v 1.186705 -0.332932 -0.993997
v 1.187142 -0.328312 -1.166003
v 1.187142 -0.328312 -0.993997
v 1.187636 -0.323698 -1.166003
v 1.187636 -0.323698 -0.993997
v 1.188189 -0.319091 -1.166003
v 1.188189 -0.319091 -0.993997
v 1.188800 -0.314492 -1.166003
v 1.188800 -0.314492 -0.993997
v 1.189468 -0.309900 -1.166003
v 1.189468 -0.309900 -0.993997
v 1.190194 -0.305317 -1.166003
v 1.190194 -0.305317 -0.993997
v 1.190977 -0.300743 -1.166003
v 1.190977 -0.300743 -0.993997
v 1.191818 -0.296180 -1.166003
v 1.191818 -0.296180 -0.993997
v 1.192716 -0.291628 -1.166003
v 1.192716 -0.291628 -0.993997
v 1.193671 -0.287087 -1.166003
v 1.193671 -0.287087 -0.993997
v 1.194683 -0.282559 -1.166003
v 1.194683 -0.282559 -0.993997
v 1.195752 -0.278043 -1.166003
v 1.195752 -0.278043 -0.993997
v 1.196878 -0.273542 -1.166003
v 1.196878 -0.273542 -0.993997
v 1.198060 -0.269055 -1.166003
v 1.198060 -0.269055 -0.993997
v 1.199299 -0.264583 -1.166003
v 1.199299 -0.264583 -0.993997
v 1.200593 -0.260127 -1.166003
v 1.200593 -0.260127 -0.993997
v 1.201944 -0.255688 -1.166003
v 1.201944 -0.255688 -0.993997
v 1.203350 -0.251266 -1.166003
v 1.203350 -0.251266 -0.993997
v 1.204811 -0.246862 -1.166003
v 1.204811 -0.246862 -0.993997
v 1.206328 -0.242477 -1.166003
v 1.206328 -0.242477 -0.993997
v 1.207900 -0.238111 -1.166003
v 1.207900 -0.238111 -0.993997
v 1.209526 -0.233766 -1.166003
v 1.209526 -0.233766 -0.993997
v 1.211207 -0.229441 -1.166003
v 1.211207 -0.229441 -0.993997
v 1.212943 -0.225137 -1.166003
v 1.212943 -0.225137 -0.993997
v 1.214732 -0.220856 -1.166003
v 1.214732 -0.220856 -0.993997
v 1.216575 -0.216598 -1.166003
v 1.216575 -0.216598 -0.993997
v 1.218471 -0.212363 -1.166003
v 1.218471 -0.212363 -0.993997
v 1.220420 -0.208152 -1.166003
v 1.220420 -0.208152 -0.993997
v 1.222422 -0.203966 -1.166003
v 1.222422 -0.203966 -0.993997
v 1.224476 -0.199805 -1.166003
v 1.224476 -0.199805 -0.993997
v 1.226583 -0.195671 -1.166003
v 1.226583 -0.195671 -0.993997
v 1.228741 -0.191563 -1.166003
v 1.228741 -0.191563 -0.993997
v 1.230951 -0.187483 -1.166003
v 1.230951 -0.187483 -0.993997
v 1.233212 -0.183431 -1.166003
v 1.233212 -0.183431 -0.993997
v 1.235524 -0.179408 -1.166003
v 1.235524 -0.179408 -0.993997
v 1.237886 -0.175414 -1.166003
v 1.237886 -0.175414 -0.993997
v 1.240298 -0.171450 -1.166003
v 1.240298 -0.171450 -0.993997
v 1.242759 -0.167517 -1.166003
v 1.242759 -0.167517 -0.993997
v 1.245270 -0.163615 -1.166003
v 1.245270 -0.163615 -0.993997
v 1.247830 -0.159745 -1.166003
v 1.247830 -0.159745 -0.993997
v 1.250438 -0.155907 -1.166003
v 1.250438 -0.155907 -0.993997
v 1.253094 -0.152102 -1.166003
v 1.253094 -0.152102 -0.993997
v 1.255798 -0.148331 -1.166003
v 1.255798 -0.148331 -0.993997
v 1.258549 -0.144594 -1.166003
v 1.258549 -0.144594 -0.993997
v 1.261346 -0.140893 -1.166003
v 1.261346 -0.140893 -0.993997
v 1.264190 -0.137226 -1.166003
v 1.264190 -0.137226 -0.993997
v 1.267080 -0.133596 -1.166003
v 1.267080 -0.133596 -0.993997
v 1.270015 -0.130002 -1.166003
v 1.270015 -0.130002 -0.993997
v 1.272995 -0.126446 -1.166003
v 1.272995 -0.126446 -0.993997
v 1.276020 -0.122927 -1.166003
v 1.276020 -0.122927 -0.993997
v 1.279088 -0.119446 -1.166003
v 1.279088 -0.119446 -0.993997
v 1.282201 -0.116004 -1.166003
v 1.282201 -0.116004 -0.993997
v 1.285356 -0.112602 -1.166003
v 1.285356 -0.112602 -0.993997
v 1.288553 -0.109239 -1.166003
v 1.288553 -0.109239 -0.993997
v 1.291793 -0.105917 -1.166003
v 1.291793 -0.105917 -0.993997
v 1.295074 -0.102636 -1.166003
v 1.295074 -0.102636 -0.993997
v 1.298396 -0.099397 -1.166003
v 1.298396 -0.099397 -0.993997
v 1.301758 -0.096199 -1.166003
v 1.301758 -0.096199 -0.993997
v 1.305161 -0.093044 -1.166003
v 1.305161 -0.093044 -0.993997
v 1.308602 -0.089932 -1.166003
v 1.308602 -0.089932 -0.993997
v 1.312083 -0.086864 -1.166003
v 1.312083 -0.086864 -0.993997
v 1.315602 -0.083839 -1.166003
v 1.315602 -0.083839 -0.993997
v 1.319158 -0.080859 -1.166003
v 1.319158 -0.080859 -0.993997
v 1.322752 -0.077924 -1.166003
v 1.322752 -0.077924 -0.993997
v 1.326383 -0.075034 -1.166003
v 1.326383 -0.075034 -0.993997
v 1.330049 -0.072190 -1.166003
v 1.330049 -0.072190 -0.993997
v 1.333751 -0.069392 -1.166003
v 1.333751 -0.069392 -0.993997
v 1.337487 -0.066642 -1.166003
v 1.337487 -0.066642 -0.993997
v 1.341258 -0.063938 -1.166003
v 1.341258 -0.063938 -0.993997
v 1.345063 -0.061282 -1.166003
v 1.345063 -0.061282 -0.993997
v 1.348901 -0.058674 -1.166003
v 1.348901 -0.058674 -0.993997
v 1.352771 -0.056114 -1.166003
v 1.352771 -0.056114 -0.993997
v 1.356673 -0.053603 -1.166003
v 1.356673 -0.053603 -0.993997
v 1.360606 -0.051141 -1.166003
v 1.360606 -0.051141 -0.993997
v 1.364570 -0.048729 -1.166003
v 1.364570 -0.048729 -0.993997
v 1.368564 -0.046367 -1.166003
v 1.368564 -0.046367 -0.993997
v 1.372588 -0.044056 -1.166003
v 1.372588 -0.044056 -0.993997
v 1.376639 -0.041795 -1.166003
v 1.376639 -0.041795 -0.993997
v 1.380720 -0.039585 -1.166003
v 1.380720 -0.039585 -0.993997
v 1.384827 -0.037427 -1.166003
v 1.384827 -0.037427 -0.993997
v 1.388962 -0.035320 -1.166003
v 1.388962 -0.035320 -0.993997
v 1.393122 -0.033266 -1.166003
v 1.393122 -0.033266 -0.993997
v 1.397308 -0.031264 -1.166003
v 1.397308 -0.031264 -0.993997
v 1.401519 -0.029314 -1.166003
v 1.401519 -0.029314 -0.993997
v 1.405754 -0.027418 -1.166003
v 1.405754 -0.027418 -0.993997
v 1.410012 -0.025576 -1.166003
v 1.410012 -0.025576 -0.993997
v 1.414294 -0.023786 -1.166003
v 1.414294 -0.023786 -0.993997
v 1.418597 -0.022051 -1.166003
v 1.418597 -0.022051 -0.993997
v 1.422922 -0.020370 -1.166003
v 1.422922 -0.020370 -0.993997
v 1.427268 -0.018744 -1.166003
v 1.427268 -0.018744 -0.993997
v 1.431633 -0.017172 -1.166003
v 1.431633 -0.017172 -0.993997
v 1.436019 -0.015655 -1.166003
v 1.436019 -0.015655 -0.993997
v 1.440422 -0.014194 -1.166003
v 1.440422 -0.014194 -0.993997
v 1.444844 -0.012787 -1.166003
v 1.444844 -0.012787 -0.993997
v 1.449284 -0.011437 -1.166003
v 1.449284 -0.011437 -0.993997
v 1.453739 -0.010142 -1.166003
v 1.453739 -0.010142 -0.993997
v 1.458211 -0.008904 -1.166003
v 1.458211 -0.008904 -0.993997
v 1.462698 -0.007722 -1.166003
v 1.462698 -0.007722 -0.993997
v 1.467200 -0.006596 -1.166003
v 1.467200 -0.006596 -0.993997
v 1.471715 -0.005527 -1.166003
v 1.471715 -0.005527 -0.993997
v 1.476243 -0.004515 -1.166003
v 1.476243 -0.004515 -0.993997
v 1.480784 -0.003560 -1.166003
v 1.480784 -0.003560 -0.993997
v 1.485336 -0.002662 -1.166003
v 1.485336 -0.002662 -0.993997
v 1.489900 -0.001821 -1.166003
v 1.489900 -0.001821 -0.993997
v 1.494473 -0.001037 -1.166003
v 1.494473 -0.001037 -0.993997
v 1.499056 -0.000311 -1.166003
v 1.499056 -0.000311 -0.993997
v 1.503648 0.000357 -1.166003
v 1.503648 0.000357 -0.993997
v 1.508248 0.000967 -1.166003
v 1.508248 0.000967 -0.993997
v 1.512855 0.001520 -1.166003
v 1.512855 0.001520 -0.993997
v 1.517468 0.002014 -1.166003
v 1.517468 0.002014 -0.993997
v 1.522088 0.002451 -1.166003
v 1.522088 0.002451 -0.993997
v 1.526712 0.002830 -1.166003
v 1.526712 0.002830 -0.993997
v 1.531341 0.003150 -1.166003
v 1.531341 0.003150 -0.993997
v 1.535974 0.003412 -1.166003
v 1.535974 0.003412 -0.993997
v 1.540610 0.003616 -1.166003
v 1.540610 0.003616 -0.993997
v 1.545248 0.003762 -1.166003
v 1.545248 0.003762 -0.993997
v 1.549887 0.003850 -1.166003
v 1.549887 0.003850 -0.993997
v -1.399468 0.003879 -1.166003
v -1.399468 0.003879 -0.993997
v -1.394828 0.003850 -1.166003
v -1.394828 0.003850 -0.993997
v -1.390189 0.003762 -1.166003
v -1.390189 0.003762 -0.993997
v -1.385551 0.003616 -1.166003
v -1.385551 0.003616 -0.993997
v -1.380916 0.003412 -1.166003
v -1.380916 0.003412 -0.993997
v -1.376283 0.003150 -1.166003
v -1.376283 0.003150 -0.993997
v -1.371654 0.002830 -1.166003
v -1.371654 0.002830 -0.993997
v -1.367029 0.002451 -1.166003
v -1.367029 0.002451 -0.993997
v -1.362410 0.002014 -1.166003
v -1.362410 0.002014 -0.993997
v -1.357796 0.001520 -1.166003
v -1.357796 0.001520 -0.993997
v -1.353189 0.000967 -1.166003
v -1.353189 0.000967 -0.993997
v -1.348589 0.000357 -1.166003
v -1.348589 0.000357 -0.993997
v -1.343998 -0.000311 -1.166003
v -1.343998 -0.000311 -0.993997
v -1.339415 -0.001037 -1.166003
v -1.339415 -0.001037 -0.993997
v -1.334841 -0.001821 -1.166003
v -1.334841 -0.001821 -0.993997
v -1.330278 -0.002662 -1.166003
v -1.330278 -0.002662 -0.993997
v -1.325726 -0.003560 -1.166003
v -1.325726 -0.003560 -0.993997
v -1.321185 -0.004515 -1.166003
v -1.321185 -0.004515 -0.993997
v -1.316657 -0.005527 -1.166003
v -1.316657 -0.005527 -0.993997
v -1.312141 -0.006596 -1.166003
v -1.312141 -0.006596 -0.993997
v -1.307640 -0.007722 -1.166003
v -1.307640 -0.007722 -0.993997
v -1.303153 -0.008904 -1.166003
v -1.303153 -0.008904 -0.993997
v -1.298681 -0.010142 -1.166003
v -1.298681 -0.010142 -0.993997
v -1.294225 -0.011437 -1.166003
v -1.294225 -0.011437 -0.993997
v -1.289786 -0.012787 -1.166003
v -1.289786 -0.012787 -0.993997
v -1.285364 -0.014194 -1.166003
v -1.285364 -0.014194 -0.993997
v -1.280960 -0.015655 -1.166003
v -1.280960 -0.015655 -0.993997
v -1.276575 -0.017172 -1.166003
v -1.276575 -0.017172 -0.993997
v -1.272209 -0.018744 -1.166003
v -1.272209 -0.018744 -0.993997
v -1.267864 -0.020370 -1.166003
v -1.267864 -0.020370 -0.993997
v -1.263539 -0.022051 -1.166003
v -1.263539 -0.022051 -0.993997
v -1.259235 -0.023786 -1.166003
v -1.259235 -0.023786 -0.993997
v -1.254954 -0.025576 -1.166003
v -1.254954 -0.025576 -0.993997
v -1.250695 -0.027418 -1.166003
v -1.250695 -0.027418 -0.993997
v -1.246460 -0.029314 -1.166003
v -1.246460 -0.029314 -0.993997
v -1.242250 -0.031264 -1.166003
v -1.242250 -0.031264 -0.993997
v -1.238064 -0.033266 -1.166003
v -1.238064 -0.033266 -0.993997
v -1.233903 -0.035320 -1.166003
v -1.233903 -0.035320 -0.993997
v -1.229769 -0.037427 -1.166003
v -1.229769 -0.037427 -0.993997
v -1.225661 -0.039585 -1.166003
v -1.225661 -0.039585 -0.993997
v -1.221581 -0.041795 -1.166003
v -1.221581 -0.041795 -0.993997
v -1.217529 -0.044056 -1.166003
v -1.217529 -0.044056 -0.993997
v -1.213506 -0.046367 -1.166003
v -1.213506 -0.046367 -0.993997
v -1.209512 -0.048729 -1.166003
v -1.209512 -0.048729 -0.993997
v -1.205548 -0.051141 -1.166003
v -1.205548 -0.051141 -0.993997
v -1.201615 -0.053603 -1.166003
v -1.201615 -0.053603 -0.993997
v -1.197713 -0.056114 -1.166003
v -1.197713 -0.056114 -0.993997
v -1.193842 -0.058674 -1.166003
v -1.193842 -0.058674 -0.993997
v -1.190005 -0.061282 -1.166003
v -1.190005 -0.061282 -0.993997
v -1.186200 -0.063938 -1.166003
v -1.186200 -0.063938 -0.993997
v -1.182429 -0.066642 -1.166003
v -1.182429 -0.066642 -0.993997
v -1.178692 -0.069392 -1.166003
v -1.178692 -0.069392 -0.993997
v -1.174991 -0.072190 -1.166003
v -1.174991 -0.072190 -0.993997
v -1.171324 -0.075034 -1.166003
v -1.171324 -0.075034 -0.993997
v -1.167694 -0.077924 -1.166003
v -1.167694 -0.077924 -0.993997
v -1.164100 -0.080859 -1.166003
v -1.164100 -0.080859 -0.993997
v -1.160543 -0.083839 -1.166003
v -1.160543 -0.083839 -0.993997
v -1.157025 -0.086864 -1.166003
v -1.157025 -0.086864 -0.993997
v -1.153544 -0.089932 -1.166003
v -1.153544 -0.089932 -0.993997
v -1.150102 -0.093044 -1.166003
v -1.150102 -0.093044 -0.993997
v -1.146700 -0.096199 -1.166003
v -1.146700 -0.096199 -0.993997
v -1.143337 -0.099397 -1.166003
v -1.143337 -0.099397 -0.993997
v -1.140015 -0.102636 -1.166003
v -1.140015 -0.102636 -0.993997
v -1.136734 -0.105917 -1.166003
v -1.136734 -0.105917 -0.993997
v -1.133495 -0.109239 -1.166003
v -1.133495 -0.109239 -0.993997
v -1.130297 -0.112602 -1.166003
v -1.130297 -0.112602 -0.993997
v -1.127142 -0.116004 -1.166003
v -1.127142 -0.116004 -0.993997
v -1.124030 -0.119446 -1.166003
v -1.124030 -0.119446 -0.993997
v -1.120961 -0.122927 -1.166003
v -1.120961 -0.122927 -0.993997
v -1.117937 -0.126446 -1.166003
v -1.117937 -0.126446 -0.993997
v -1.114957 -0.130002 -1.166003
v -1.114957 -0.130002 -0.993997
v -1.112022 -0.133596 -1.166003
v -1.112022 -0.133596 -0.993997
v -1.109132 -0.137226 -1.166003
v -1.109132 -0.137226 -0.993997
v -1.106288 -0.140893 -1.166003
v -1.106288 -0.140893 -0.993997
v -1.103490 -0.144594 -1.166003
v -1.103490 -0.144594 -0.993997
v -1.100739 -0.148331 -1.166003
v -1.100739 -0.148331 -0.993997
v -1.098036 -0.152102 -1.166003
v -1.098036 -0.152102 -0.993997
v -1.095380 -0.155907 -1.166003
v -1.095380 -0.155907 -0.993997
v -1.092771 -0.159745 -1.166003
v -1.092771 -0.159745 -0.993997
v -1.090212 -0.163615 -1.166003
v -1.090212 -0.163615 -0.993997
v -1.087701 -0.167517 -1.166003
v -1.087701 -0.167517 -0.993997
v -1.085239 -0.171450 -1.166003
v -1.085239 -0.171450 -0.993997
v -1.082827 -0.175414 -1.166003
v -1.082827 -0.175414 -0.993997
v -1.080465 -0.179408 -1.166003
v -1.080465 -0.179408 -0.993997
v -1.078154 -0.183431 -1.166003
v -1.078154 -0.183431 -0.993997
v -1.075893 -0.187483 -1.166003
v -1.075893 -0.187483 -0.993997
v -1.073683 -0.191563 -1.166003
v -1.073683 -0.191563 -0.993997
v -1.071525 -0.195671 -1.166003
v -1.071525 -0.195671 -0.993997
v -1.069418 -0.199805 -1.166003
v -1.069418 -0.199805 -0.993997
v -1.067364 -0.203966 -1.166003
v -1.067364 -0.203966 -0.993997
v -1.065361 -0.208152 -1.166003
v -1.065361 -0.208152 -0.993997
v -1.063412 -0.212363 -1.166003
v -1.063412 -0.212363 -0.993997
v -1.061516 -0.216598 -1.166003
v -1.061516 -0.216598 -0.993997
v -1.059673 -0.220856 -1.166003
v -1.059673 -0.220856 -0.993997
v -1.057884 -0.225137 -1.166003
v -1.057884 -0.225137 -0.993997
v -1.056149 -0.229441 -1.166003
v -1.056149 -0.229441 -0.993997
v -1.054468 -0.233766 -1.166003
v -1.054468 -0.233766 -0.993997
v -1.052841 -0.238111 -1.166003
v -1.052841 -0.238111 -0.993997
v -1.051270 -0.242477 -1.166003
v -1.051270 -0.242477 -0.993997
v -1.049753 -0.246862 -1.166003
v -1.049753 -0.246862 -0.993997
v -1.048291 -0.251266 -1.166003
v -1.048291 -0.251266 -0.993997
v -1.046885 -0.255688 -1.166003
v -1.046885 -0.255688 -0.993997
v -1.045535 -0.260127 -1.166003
v -1.045535 -0.260127 -0.993997
v -1.044240 -0.264583 -1.166003
v -1.044240 -0.264583 -0.993997
v -1.043002 -0.269055 -1.166003
v -1.043002 -0.269055 -0.993997
v -1.041820 -0.273542 -1.166003
v -1.041820 -0.273542 -0.993997
v -1.040694 -0.278043 -1.166003
v -1.040694 -0.278043 -0.993997
v -1.039625 -0.282559 -1.166003
v -1.039625 -0.282559 -0.993997
v -1.038613 -0.287087 -1.166003
v -1.038613 -0.287087 -0.993997
v -1.037657 -0.291628 -1.166003
v -1.037657 -0.291628 -0.993997
v -1.036759 -0.296180 -1.166003
v -1.036759 -0.296180 -0.993997
v -1.035919 -0.300743 -1.166003
v -1.035919 -0.300743 -0.993997
v -1.035135 -0.305317 -1.166003
v -1.035135 -0.305317 -0.993997
v -1.034409 -0.309900 -1.166003
v -1.034409 -0.309900 -0.993997
v -1.033741 -0.314492 -1.166003
v -1.033741 -0.314492 -0.993997
v -1.033131 -0.319091 -1.166003
v -1.033131 -0.319091 -0.993997
v -1.032578 -0.323698 -1.166003
v -1.032578 -0.323698 -0.993997
v -1.032083 -0.328312 -1.166003
v -1.032083 -0.328312 -0.993997
v -1.031646 -0.332932 -1.166003
v -1.031646 -0.332932 -0.993997
v -1.031268 -0.337556 -1.166003
v -1.031268 -0.337556 -0.993997
v -1.030948 -0.342185 -1.166003
v -1.030948 -0.342185 -0.993997
v -1.030685 -0.346818 -1.166003
v -1.030685 -0.346818 -0.993997
v -1.030481 -0.351453 -1.166003
v -1.030481 -0.351453 -0.993997
v -1.030336 -0.356091 -1.166003
v -1.030336 -0.356091 -0.993997
v -1.030248 -0.360731 -1.166003
v -1.030248 -0.360731 -0.993997
v -1.030219 -0.365371 -1.166003
v -1.030219 -0.365371 -0.993997
v -1.030248 -0.370011 -1.166003
v -1.030248 -0.370011 -0.993997
v -1.030336 -0.374650 -1.166003
v -1.030336 -0.374650 -0.993997
v -1.030481 -0.379288 -1.166003
v -1.030481 -0.379288 -0.993997
v -1.030685 -0.383923 -1.166003
v -1.030685 -0.383923 -0.993997
v -1.030948 -0.388556 -1.166003
v -1.030948 -0.388556 -0.993997
v -1.031268 -0.393185 -1.166003
v -1.031268 -0.393185 -0.993997
v -1.031646 -0.397810 -1.166003
v -1.031646 -0.397810 -0.993997
v -1.032083 -0.402429 -1.166003
v -1.032083 -0.402429 -0.993997
v -1.032578 -0.407043 -1.166003
v -1.032578 -0.407043 -0.993997
v -1.033131 -0.411650 -1.166003
v -1.033131 -0.411650 -0.993997
v -1.033741 -0.416250 -1.166003
v -1.033741 -0.416250 -0.993997
v -1.034409 -0.420841 -1.166003
v -1.034409 -0.420841 -0.993997
v -1.035135 -0.425424 -1.166003
v -1.035135 -0.425424 -0.993997
v -1.035919 -0.429998 -1.166003
v -1.035919 -0.429998 -0.993997
v -1.036759 -0.434561 -1.166003
v -1.036759 -0.434561 -0.993997
v -1.037657 -0.439113 -1.166003
v -1.037657 -0.439113 -0.993997
v -1.038613 -0.443654 -1.166003
v -1.038613 -0.443654 -0.993997
v -1.039625 -0.448182 -1.166003
v -1.039625 -0.448182 -0.993997
v -1.040694 -0.452698 -1.166003
v -1.040694 -0.452698 -0.993997
v -1.041820 -0.457199 -1.166003
v -1.041820 -0.457199 -0.993997
v -1.043002 -0.461686 -1.166003
v -1.043002 -0.461686 -0.993997
v -1.044240 -0.466158 -1.166003
v -1.044240 -0.466158 -0.993997
v -1.045535 -0.470614 -1.166003
v -1.045535 -0.470614 -0.993997
v -1.046885 -0.475053 -1.166003
v -1.046885 -0.475053 -0.993997
v -1.048291 -0.479475 -1.166003
v -1.048291 -0.479475 -0.993997
v -1.049753 -0.483879 -1.166003
v -1.049753 -0.483879 -0.993997
v -1.051270 -0.488264 -1.166003
v -1.051270 -0.488264 -0.993997
v -1.052841 -0.492630 -1.166003
v -1.052841 -0.492630 -0.993997
v -1.054468 -0.496975 -1.166003
v -1.054468 -0.496975 -0.993997
v -1.056149 -0.501300 -1.166003
v -1.056149 -0.501300 -0.993997
v -1.057884 -0.505604 -1.166003
v -1.057884 -0.505604 -0.993997
v -1.059673 -0.509885 -1.166003
v -1.059673 -0.509885 -0.993997
v -1.061516 -0.514144 -1.166003
v -1.061516 -0.514144 -0.993997
v -1.063412 -0.518378 -1.166003
v -1.063412 -0.518378 -0.993997
v -1.065361 -0.522589 -1.166003
v -1.065361 -0.522589 -0.993997
v -1.067364 -0.526775 -1.166003
v -1.067364 -0.526775 -0.993997
v -1.069418 -0.530936 -1.166003
v -1.069418 -0.530936 -0.993997
v -1.071525 -0.535070 -1.166003
v -1.071525 -0.535070 -0.993997
v -1.073683 -0.539178 -1.166003
v -1.073683 -0.539178 -0.993997
v -1.075893 -0.543258 -1.166003
v -1.075893 -0.543258 -0.993997
v -1.078154 -0.547310 -1.166003
v -1.078154 -0.547310 -0.993997
v -1.080465 -0.551333 -1.166003
v -1.080465 -0.551333 -0.993997
v -1.082827 -0.555327 -1.166003
v -1.082827 -0.555327 -0.993997
v -1.085239 -0.559291 -1.166003
v -1.085239 -0.559291 -0.993997
v -1.087701 -0.563224 -1.166003
v -1.087701 -0.563224 -0.993997
v -1.090212 -0.567126 -1.166003
v -1.090212 -0.567126 -0.993997
v -1.092771 -0.570997 -1.166003
v -1.092771 -0.570997 -0.993997
v -1.095380 -0.574834 -1.166003
v -1.095380 -0.574834 -0.993997
v -1.098036 -0.578639 -1.166003
v -1.098036 -0.578639 -0.993997
v -1.100739 -0.582410 -1.166003
v -1.100739 -0.582410 -0.993997
v -1.103490 -0.586147 -1.166003
v -1.103490 -0.586147 -0.993997
v -1.106288 -0.589849 -1.166003
v -1.106288 -0.589849 -0.993997
v -1.109132 -0.593515 -1.166003
v -1.109132 -0.593515 -0.993997
v -1.112022 -0.597145 -1.166003
v -1.112022 -0.597145 -0.993997
v -1.114957 -0.600739 -1.166003
v -1.114957 -0.600739 -0.993997
v -1.117937 -0.604296 -1.166003
v -1.117937 -0.604296 -0.993997
v -1.120961 -0.607814 -1.166003
v -1.120961 -0.607814 -0.993997
v -1.124030 -0.611295 -1.166003
v -1.124030 -0.611295 -0.993997
v -1.127142 -0.614737 -1.166003
v -1.127142 -0.614737 -0.993997
v -1.130297 -0.618139 -1.166003
v -1.130297 -0.618139 -0.993997
v -1.133495 -0.621502 -1.166003
v -1.133495 -0.621502 -0.993997
v -1.136734 -0.624824 -1.166003
v -1.136734 -0.624824 -0.993997
v -1.140015 -0.628105 -1.166003
v -1.140015 -0.628105 -0.993997
v -1.143337 -0.631344 -1.166003
v -1.143337 -0.631344 -0.993997
v -1.146700 -0.634542 -1.166003
v -1.146700 -0.634542 -0.993997
v -1.150102 -0.637697 -1.166003
v -1.150102 -0.637697 -0.993997
v -1.153544 -0.640809 -1.166003
v -1.153544 -0.640809 -0.993997
v -1.157025 -0.643877 -1.166003
v -1.157025 -0.643877 -0.993997
v -1.160543 -0.646902 -1.166003
v -1.160543 -0.646902 -0.993997
v -1.164100 -0.649882 -1.166003
v -1.164100 -0.649882 -0.993997
v -1.167694 -0.652817 -1.166003
v -1.167694 -0.652817 -0.993997
v -1.171324 -0.655707 -1.166003
v -1.171324 -0.655707 -0.993997
v -1.174991 -0.658551 -1.166003
v -1.174991 -0.658551 -0.993997
v -1.178692 -0.661349 -1.166003
v -1.178692 -0.661349 -0.993997
v -1.182429 -0.664100 -1.166003
v -1.182429 -0.664100 -0.993997
v -1.186200 -0.666803 -1.166003
v -1.186200 -0.666803 -0.993997
v -1.190005 -0.669459 -1.166003
v -1.190005 -0.669459 -0.993997
v -1.193842 -0.672068 -1.166003
v -1.193842 -0.672068 -0.993997
v -1.197713 -0.674627 -1.166003
v -1.197713 -0.674627 -0.993997
v -1.201615 -0.677138 -1.166003
v -1.201615 -0.677138 -0.993997
v -1.205548 -0.679600 -1.166003
v -1.205548 -0.679600 -0.993997
v -1.209512 -0.682012 -1.166003
v -1.209512 -0.682012 -0.993997
v -1.213506 -0.684374 -1.166003
v -1.213506 -0.684374 -0.993997
v -1.217529 -0.686685 -1.166003
v -1.217529 -0.686685 -0.993997
v -1.221581 -0.688946 -1.166003
v -1.221581 -0.688946 -0.993997
v -1.225661 -0.691156 -1.166003
v -1.225661 -0.691156 -0.993997
v -1.229769 -0.693314 -1.166003
v -1.229769 -0.693314 -0.993997
v -1.233903 -0.695421 -1.166003
v -1.233903 -0.695421 -0.993997
v -1.238064 -0.697475 -1.166003
v -1.238064 -0.697475 -0.993997
v -1.242250 -0.699477 -1.166003
v -1.242250 -0.699477 -0.993997
v -1.246460 -0.701427 -1.166003
v -1.246460 -0.701427 -0.993997
v -1.250695 -0.703323 -1.166003
v -1.250695 -0.703323 -0.993997
v -1.254954 -0.705166 -1.166003
v -1.254954 -0.705166 -0.993997
v -1.259235 -0.706955 -1.166003
v -1.259235 -0.706955 -0.993997
v -1.263539 -0.708690 -1.166003
v -1.263539 -0.708690 -0.993997
v -1.267864 -0.710371 -1.166003
v -1.267864 -0.710371 -0.993997
v -1.272209 -0.711998 -1.166003
v -1.272209 -0.711998 -0.993997
v -1.276575 -0.713569 -1.166003
v -1.276575 -0.713569 -0.993997
v -1.280960 -0.715086 -1.166003
v -1.280960 -0.715086 -0.993997
v -1.285364 -0.716548 -1.166003
v -1.285364 -0.716548 -0.993997
v -1.289786 -0.717954 -1.166003
v -1.289786 -0.717954 -0.993997
v -1.294225 -0.719304 -1.166003
v -1.294225 -0.719304 -0.993997
v -1.298681 -0.720599 -1.166003
v -1.298681 -0.720599 -0.993997
v -1.303153 -0.721837 -1.166003
v -1.303153 -0.721837 -0.993997
v -1.307640 -0.723019 -1.166003
v -1.307640 -0.723019 -0.993997
v -1.312141 -0.724145 -1.166003
v -1.312141 -0.724145 -0.993997
v -1.316657 -0.725214 -1.166003
v -1.316657 -0.725214 -0.993997
v -1.321185 -0.726226 -1.166003
v -1.321185 -0.726226 -0.993997
v -1.325726 -0.727181 -1.166003
v -1.325726 -0.727181 -0.993997
v -1.330278 -0.728080 -1.166003
v -1.330278 -0.728080 -0.993997
v -1.334841 -0.728920 -1.166003
v -1.334841 -0.728920 -0.993997
v -1.339415 -0.729704 -1.166003
v -1.339415 -0.729704 -0.993997
v -1.343998 -0.730430 -1.166003
v -1.343998 -0.730430 -0.993997
v -1.348589 -0.731098 -1.166003
v -1.348589 -0.731098 -0.993997
v -1.353189 -0.731708 -1.166003
v -1.353189 -0.731708 -0.993997
v -1.357796 -0.732261 -1.166003
v -1.357796 -0.732261 -0.993997
v -1.362410 -0.732756 -1.166003
v -1.362410 -0.732756 -0.993997
v -1.367029 -0.733192 -1.166003
v -1.367029 -0.733192 -0.993997
v -1.371654 -0.733571 -1.166003
v -1.371654 -0.733571 -0.993997
v -1.376283 -0.733891 -1.166003
v -1.376283 -0.733891 -0.993997
v -1.380916 -0.734154 -1.166003
v -1.380916 -0.734154 -0.993997
v -1.385551 -0.734358 -1.166003
v -1.385551 -0.734358 -0.993997
v -1.390189 -0.734503 -1.166003
v -1.390189 -0.734503 -0.993997
v -1.394828 -0.734591 -1.166003
v -1.394828 -0.734591 -0.993997
v -1.399468 -0.734620 -1.166003
v -1.399468 -0.734620 -0.993997
v -1.404108 -0.734591 -1.166003
v -1.404108 -0.734591 -0.993997
v -1.408748 -0.734503 -1.166003
v -1.408748 -0.734503 -0.993997
v -1.413385 -0.734358 -1.166003
v -1.413385 -0.734358 -0.993997
v -1.418021 -0.734154 -1.166003
v -1.418021 -0.734154 -0.993997
v -1.422654 -0.733891 -1.166003
v -1.422654 -0.733891 -0.993997
v -1.427283 -0.733571 -1.166003
v -1.427283 -0.733571 -0.993997
v -1.431908 -0.733192 -1.166003
v -1.431908 -0.733192 -0.993997
v -1.436527 -0.732756 -1.166003
v -1.436527 -0.732756 -0.993997
v -1.441140 -0.732261 -1.166003
v -1.441140 -0.732261 -0.993997
v -1.445748 -0.731708 -1.166003
v -1.445748 -0.731708 -0.993997
v -1.450348 -0.731098 -1.166003
v -1.450348 -0.731098 -0.993997
v -1.454939 -0.730430 -1.166003
v -1.454939 -0.730430 -0.993997
v -1.459522 -0.729704 -1.166003
v -1.459522 -0.729704 -0.993997
v -1.464096 -0.728920 -1.166003
v -1.464096 -0.728920 -0.993997
v -1.468659 -0.728080 -1.166003
v -1.468659 -0.728080 -0.993997
v -1.473211 -0.727181 -1.166003
v -1.473211 -0.727181 -0.993997
v -1.477752 -0.726226 -1.166003
v -1.477752 -0.726226 -0.993997
v -1.482280 -0.725214 -1.166003
v -1.482280 -0.725214 -0.993997
v -1.486795 -0.724145 -1.166003
v -1.486795 -0.724145 -0.993997
v -1.491297 -0.723019 -1.166003
v -1.491297 -0.723019 -0.993997
v -1.495784 -0.721837 -1.166003
v -1.495784 -0.721837 -0.993997
v -1.500256 -0.720599 -1.166003
v -1.500256 -0.720599 -0.993997
v -1.504711 -0.719304 -1.166003
v -1.504711 -0.719304 -0.993997
v -1.509151 -0.717954 -1.166003
v -1.509151 -0.717954 -0.993997
v -1.513573 -0.716548 -1.166003
v -1.513573 -0.716548 -0.993997
v -1.517977 -0.715086 -1.166003
v -1.517977 -0.715086 -0.993997
v -1.522362 -0.713569 -1.166003
v -1.522362 -0.713569 -0.993997
v -1.526727 -0.711998 -1.166003
v -1.526727 -0.711998 -0.993997
v -1.531073 -0.710371 -1.166003
v -1.531073 -0.710371 -0.993997
v -1.535398 -0.708690 -1.166003
v -1.535398 -0.708690 -0.993997
v -1.539701 -0.706955 -1.166003
v -1.539701 -0.706955 -0.993997
v -1.543983 -0.705166 -1.166003
v -1.543983 -0.705166 -0.993997
v -1.548241 -0.703323 -1.166003
v -1.548241 -0.703323 -0.993997
v -1.552476 -0.701427 -1.166003
v -1.552476 -0.701427 -0.993997
v -1.556687 -0.699477 -1.166003
v -1.556687 -0.699477 -0.993997
v -1.560873 -0.697475 -1.166003
v -1.560873 -0.697475 -0.993997
v -1.565034 -0.695421 -1.166003
v -1.565034 -0.695421 -0.993997
v -1.569168 -0.693314 -1.166003
v -1.569168 -0.693314 -0.993997
v -1.573276 -0.691156 -1.166003
v -1.573276 -0.691156 -0.993997
v -1.577356 -0.688946 -1.166003
v -1.577356 -0.688946 -0.993997
v -1.581408 -0.686685 -1.166003
v -1.581408 -0.686685 -0.993997
v -1.585431 -0.684374 -1.166003
v -1.585431 -0.684374 -0.993997
v -1.589425 -0.682012 -1.166003
v -1.589425 -0.682012 -0.993997
v -1.593389 -0.679600 -1.166003
v -1.593389 -0.679600 -0.993997
v -1.597322 -0.677138 -1.166003
v -1.597322 -0.677138 -0.993997
v -1.601224 -0.674627 -1.166003
v -1.601224 -0.674627 -0.993997
v -1.605094 -0.672068 -1.166003
v -1.605094 -0.672068 -0.993997
v -1.608932 -0.669459 -1.166003
v -1.608932 -0.669459 -0.993997
v -1.612737 -0.666803 -1.166003
v -1.612737 -0.666803 -0.993997
v -1.616508 -0.664100 -1.166003
v -1.616508 -0.664100 -0.993997
v -1.620245 -0.661349 -1.166003
v -1.620245 -0.661349 -0.993997
v -1.623946 -0.658551 -1.166003
v -1.623946 -0.658551 -0.993997
v -1.627613 -0.655707 -1.166003
v -1.627613 -0.655707 -0.993997
v -1.631243 -0.652817 -1.166003
v -1.631243 -0.652817 -0.993997
v -1.634837 -0.649882 -1.166003
v -1.634837 -0.649882 -0.993997
v -1.638393 -0.646902 -1.166003
v -1.638393 -0.646902 -0.993997
v -1.641912 -0.643877 -1.166003
v -1.641912 -0.643877 -0.993997
v -1.645393 -0.640809 -1.166003
v -1.645393 -0.640809 -0.993997
v -1.648835 -0.637697 -1.166003
v -1.648835 -0.637697 -0.993997
v -1.652237 -0.634542 -1.166003
v -1.652237 -0.634542 -0.993997
v -1.655599 -0.631344 -1.166003
v -1.655599 -0.631344 -0.993997
v -1.658921 -0.628105 -1.166003
v -1.658921 -0.628105 -0.993997
v -1.662202 -0.624824 -1.166003
v -1.662202 -0.624824 -0.993997
v -1.665442 -0.621502 -1.166003
v -1.665442 -0.621502 -0.993997
v -1.668640 -0.618139 -1.166003
v -1.668640 -0.618139 -0.993997
v -1.671794 -0.614737 -1.166003
v -1.671794 -0.614737 -0.993997
v -1.674907 -0.611295 -1.166003
v -1.674907 -0.611295 -0.993997
v -1.677975 -0.607814 -1.166003
v -1.677975 -0.607814 -0.993997
v -1.681000 -0.604296 -1.166003
v -1.681000 -0.604296 -0.993997
v -1.683980 -0.600739 -1.166003
v -1.683980 -0.600739 -0.993997
v -1.686915 -0.597145 -1.166003
v -1.686915 -0.597145 -0.993997
v -1.689805 -0.593515 -1.166003
v -1.689805 -0.593515 -0.993997
v -1.692649 -0.589849 -1.166003
v -1.692649 -0.589849 -0.993997
v -1.695446 -0.586147 -1.166003
v -1.695446 -0.586147 -0.993997
v -1.698198 -0.582410 -1.166003
v -1.698198 -0.582410 -0.993997
v -1.700901 -0.578639 -1.166003
v -1.700901 -0.578639 -0.993997
v -1.703557 -0.574834 -1.166003
v -1.703557 -0.574834 -0.993997
v -1.706166 -0.570997 -1.166003
v -1.706166 -0.570997 -0.993997
v -1.708725 -0.567126 -1.166003
v -1.708725 -0.567126 -0.993997
v -1.711236 -0.563224 -1.166003
v -1.711236 -0.563224 -0.993997
v -1.713697 -0.559291 -1.166003
v -1.713697 -0.559291 -0.993997
v -1.716110 -0.555327 -1.166003
v -1.716110 -0.555327 -0.993997
v -1.718472 -0.551333 -1.166003
v -1.718472 -0.551333 -0.993997
v -1.720783 -0.547310 -1.166003
v -1.720783 -0.547310 -0.993997
v -1.723044 -0.543258 -1.166003
v -1.723044 -0.543258 -0.993997
v -1.725254 -0.539178 -1.166003
v -1.725254 -0.539178 -0.993997
v -1.727412 -0.535070 -1.166003
v -1.727412 -0.535070 -0.993997
v -1.729519 -0.530936 -1.166003
v -1.729519 -0.530936 -0.993997
v -1.731573 -0.526775 -1.166003
v -1.731573 -0.526775 -0.993997
v -1.733575 -0.522589 -1.166003
v -1.733575 -0.522589 -0.993997
v -1.735524 -0.518378 -1.166003
v -1.735524 -0.518378 -0.993997
v -1.737421 -0.514144 -1.166003
v -1.737421 -0.514144 -0.993997
v -1.739264 -0.509885 -1.166003
v -1.739264 -0.509885 -0.993997
v -1.741053 -0.505604 -1.166003
v -1.741053 -0.505604 -0.993997
v -1.742788 -0.501300 -1.166003
v -1.742788 -0.501300 -0.993997
v -1.744469 -0.496975 -1.166003
v -1.744469 -0.496975 -0.993997
v -1.746095 -0.492630 -1.166003
v -1.746095 -0.492630 -0.993997
v -1.747667 -0.488264 -1.166003
v -1.747667 -0.488264 -0.993997
v -1.749184 -0.483879 -1.166003
v -1.749184 -0.483879 -0.993997
v -1.750645 -0.479475 -1.166003
v -1.750645 -0.479475 -0.993997
v -1.752052 -0.475053 -1.166003
v -1.752052 -0.475053 -0.993997
v -1.753402 -0.470614 -1.166003
v -1.753402 -0.470614 -0.993997
v -1.754697 -0.466158 -1.166003
v -1.754697 -0.466158 -0.993997
v -1.755935 -0.461686 -1.166003
v -1.755935 -0.461686 -0.993997
v -1.757117 -0.457199 -1.166003
v -1.757117 -0.457199 -0.993997
v -1.758243 -0.452698 -1.166003
v -1.758243 -0.452698 -0.993997
v -1.759312 -0.448182 -1.166003
v -1.759312 -0.448182 -0.993997
v -1.760324 -0.443654 -1.166003
v -1.760324 -0.443654 -0.993997
v -1.761279 -0.439113 -1.166003
v -1.761279 -0.439113 -0.993997
v -1.762177 -0.434561 -1.166003
v -1.762177 -0.434561 -0.993997
v -1.763018 -0.429998 -1.166003
v -1.763018 -0.429998 -0.993997
v -1.763802 -0.425424 -1.166003
v -1.763802 -0.425424 -0.993997
v -1.764527 -0.420841 -1.166003
v -1.764527 -0.420841 -0.993997
v -1.765196 -0.416250 -1.166003
v -1.765196 -0.416250 -0.993997
v -1.765806 -0.411650 -1.166003
v -1.765806 -0.411650 -0.993997
v -1.766359 -0.407043 -1.166003
v -1.766359 -0.407043 -0.993997
v -1.766854 -0.402429 -1.166003
v -1.766854 -0.402429 -0.993997
v -1.767290 -0.397810 -1.166003
v -1.767290 -0.397810 -0.993997
v -1.767669 -0.393185 -1.166003
v -1.767669 -0.393185 -0.993997
v -1.767989 -0.388556 -1.166003
v -1.767989 -0.388556 -0.993997
v -1.768252 -0.383923 -1.166003
v -1.768252 -0.383923 -0.993997
v -1.768456 -0.379288 -1.166003
v -1.768456 -0.379288 -0.993997
v -1.768601 -0.374650 -1.166003
v -1.768601 -0.374650 -0.993997
v -1.768689 -0.370011 -1.166003
v -1.768689 -0.370011 -0.993997
v -1.768718 -0.365371 -1.166003
v -1.768718 -0.365371 -0.993997
v -1.768689 -0.360731 -1.166003
v -1.768689 -0.360731 -0.993997
v -1.768601 -0.356091 -1.166003
v -1.768601 -0.356091 -0.993997
v -1.768456 -0.351453 -1.166003
v -1.768456 -0.351453 -0.993997
v -1.768252 -0.346818 -1.166003
v -1.768252 -0.346818 -0.993997
v -1.767989 -0.342185 -1.166003
v -1.767989 -0.342185 -0.993997
v -1.767669 -0.337556 -1.166003
v -1.767669 -0.337556 -0.993997
v -1.767290 -0.332932 -1.166003
v -1.767290 -0.332932 -0.993997
v -1.766854 -0.328312 -1.166003
v -1.766854 -0.328312 -0.993997
v -1.766359 -0.323698 -1.166003
v -1.766359 -0.323698 -0.993997
v -1.765806 -0.319091 -1.166003
v -1.765806 -0.319091 -0.993997
v -1.765196 -0.314492 -1.166003
v -1.765196 -0.314492 -0.993997
v -1.764527 -0.309900 -1.166003
v -1.764527 -0.309900 -0.993997
v -1.763802 -0.305317 -1.166003
v -1.763802 -0.305317 -0.993997
v -1.763018 -0.300743 -1.166003
v -1.763018 -0.300743 -0.993997
v -1.762177 -0.296180 -1.166003
v -1.762177 -0.296180 -0.993997
v -1.761279 -0.291628 -1.166003
v -1.761279 -0.291628 -0.993997
v -1.760324 -0.287087 -1.166003
v -1.760324 -0.287087 -0.993997
v -1.759312 -0.282559 -1.166003
v -1.759312 -0.282559 -0.993997
v -1.758243 -0.278043 -1.166003
v -1.758243 -0.278043 -0.993997
v -1.757117 -0.273542 -1.166003
v -1.757117 -0.273542 -0.993997
v -1.755935 -0.269055 -1.166003
v -1.755935 -0.269055 -0.993997
v -1.754697 -0.264583 -1.166003
v -1.754697 -0.264583 -0.993997
v -1.753402 -0.260127 -1.166003
v -1.753402 -0.260127 -0.993997
v -1.752052 -0.255688 -1.166003
v -1.752052 -0.255688 -0.993997
v -1.750645 -0.251266 -1.166003
v -1.750645 -0.251266 -0.993997
v -1.749184 -0.246862 -1.166003
v -1.749184 -0.246862 -0.993997
v -1.747667 -0.242477 -1.166003
v -1.747667 -0.242477 -0.993997
v -1.746095 -0.238111 -1.166003
v -1.746095 -0.238111 -0.993997
v -1.744469 -0.233766 -1.166003
v -1.744469 -0.233766 -0.993997
v -1.742788 -0.229441 -1.166003
v -1.742788 -0.229441 -0.993997
v -1.741053 -0.225137 -1.166003
v -1.741053 -0.225137 -0.993997
v -1.739264 -0.220856 -1.166003
v -1.739264 -0.220856 -0.993997
v -1.737421 -0.216598 -1.166003
v -1.737421 -0.216598 -0.993997
v -1.735524 -0.212363 -1.166003
v -1.735524 -0.212363 -0.993997
v -1.733575 -0.208152 -1.166003
v -1.733575 -0.208152 -0.993997
v -1.731573 -0.203966 -1.166003
v -1.731573 -0.203966 -0.993997
v -1.729519 -0.199805 -1.166003
v -1.729519 -0.199805 -0.993997
v -1.727412 -0.195671 -1.166003
v -1.727412 -0.195671 -0.993997
v -1.725254 -0.191563 -1.166003
v -1.725254 -0.191563 -0.993997
v -1.723044 -0.187483 -1.166003
v -1.723044 -0.187483 -0.993997
v -1.720783 -0.183431 -1.166003
v -1.720783 -0.183431 -0.993997
v -1.718472 -0.179408 -1.166003
v -1.718472 -0.179408 -0.993997
v -1.716110 -0.175414 -1.166003
v -1.716110 -0.175414 -0.993997
v -1.713697 -0.171450 -1.166003
v -1.713697 -0.171450 -0.993997
v -1.711236 -0.167517 -1.166003
v -1.711236 -0.167517 -0.993997
v -1.708725 -0.163615 -1.166003
v -1.708725 -0.163615 -0.993997
v -1.706166 -0.159745 -1.166003
v -1.706166 -0.159745 -0.993997
v -1.703557 -0.155907 -1.166003
v -1.703557 -0.155907 -0.993997
v -1.700901 -0.152102 -1.166003
v -1.700901 -0.152102 -0.993997
v -1.698198 -0.148331 -1.166003
v -1.698198 -0.148331 -0.993997
v -1.695446 -0.144594 -1.166003
v -1.695446 -0.144594 -0.993997
v -1.692649 -0.140893 -1.166003
v -1.692649 -0.140893 -0.993997
v -1.689805 -0.137226 -1.166003
v -1.689805 -0.137226 -0.993997
v -1.686915 -0.133596 -1.166003
v -1.686915 -0.133596 -0.993997
v -1.683980 -0.130002 -1.166003
v -1.683980 -0.130002 -0.993997
v -1.681000 -0.126446 -1.166003
v -1.681000 -0.126446 -0.993997
v -1.677975 -0.122927 -1.166003
v -1.677975 -0.122927 -0.993997
v -1.674907 -0.119446 -1.166003
v -1.674907 -0.119446 -0.993997
v -1.671794 -0.116004 -1.166003
v -1.671794 -0.116004 -0.993997
v -1.668640 -0.112602 -1.166003
v -1.668640 -0.112602 -0.993997
v -1.665442 -0.109239 -1.166003
v -1.665442 -0.109239 -0.993997
v -1.662202 -0.105917 -1.166003
v -1.662202 -0.105917 -0.993997
v -1.658921 -0.102636 -1.166003
v -1.658921 -0.102636 -0.993997
v -1.655599 -0.099397 -1.166003
v -1.655599 -0.099397 -0.993997
v -1.652237 -0.096199 -1.166003
v -1.652237 -0.096199 -0.993997
v -1.648835 -0.093044 -1.166003
v -1.648835 -0.093044 -0.993997
v -1.645393 -0.089932 -1.166003
v -1.645393 -0.089932 -0.993997
v -1.641912 -0.086864 -1.166003
v -1.641912 -0.086864 -0.993997
v -1.638393 -0.083839 -1.166003
v -1.638393 -0.083839 -0.993997
v -1.634837 -0.080859 -1.166003
v -1.634837 -0.080859 -0.993997
v -1.631243 -0.077924 -1.166003
v -1.631243 -0.077924 -0.993997
v -1.627613 -0.075034 -1.166003
v -1.627613 -0.075034 -0.993997
v -1.623946 -0.072190 -1.166003
v -1.623946 -0.072190 -0.993997
v -1.620245 -0.069392 -1.166003
v -1.620245 -0.069392 -0.993997
v -1.616508 -0.066642 -1.166003
v -1.616508 -0.066642 -0.993997
v -1.612737 -0.063938 -1.166003
v -1.612737 -0.063938 -0.993997
v -1.608932 -0.061282 -1.166003
v -1.608932 -0.061282 -0.993997
v -1.605094 -0.058674 -1.166003
v -1.605094 -0.058674 -0.993997
v -1.601224 -0.056114 -1.166003
v -1.601224 -0.056114 -0.993997
v -1.597322 -0.053603 -1.166003
v -1.597322 -0.053603 -0.993997
v -1.593389 -0.051141 -1.166003
v -1.593389 -0.051141 -0.993997
v -1.589425 -0.048729 -1.166003
v -1.589425 -0.048729 -0.993997
v -1.585431 -0.046367 -1.166003
v -1.585431 -0.046367 -0.993997
v -1.581408 -0.044056 -1.166003
v -1.581408 -0.044056 -0.993997
v -1.577356 -0.041795 -1.166003
v -1.577356 -0.041795 -0.993997
v -1.573276 -0.039585 -1.166003
v -1.573276 -0.039585 -0.993997
v -1.569168 -0.037427 -1.166003
v -1.569168 -0.037427 -0.993997
v -1.565034 -0.035320 -1.166003
v -1.565034 -0.035320 -0.993997
v -1.560873 -0.033266 -1.166003
v -1.560873 -0.033266 -0.993997
v -1.556687 -0.031264 -1.166003
v -1.556687 -0.031264 -0.993997
v -1.552476 -0.029314 -1.166003
v -1.552476 -0.029314 -0.993997
v -1.548241 -0.027418 -1.166003
v -1.548241 -0.027418 -0.993997
v -1.543983 -0.025576 -1.166003
v -1.543983 -0.025576 -0.993997
v -1.539701 -0.023786 -1.166003
v -1.539701 -0.023786 -0.993997
v -1.535398 -0.022051 -1.166003
v -1.535398 -0.022051 -0.993997
v -1.531073 -0.020370 -1.166003
v -1.531073 -0.020370 -0.993997
v -1.526727 -0.018744 -1.166003
v -1.526727 -0.018744 -0.993997
v -1.522362 -0.017172 -1.166003
v -1.522362 -0.017172 -0.993997
v -1.517977 -0.015655 -1.166003
v -1.517977 -0.015655 -0.993997
v -1.513573 -0.014194 -1.166003
v -1.513573 -0.014194 -0.993997
v -1.509151 -0.012787 -1.166003
v -1.509151 -0.012787 -0.993997
v -1.504711 -0.011437 -1.166003
v -1.504711 -0.011437 -0.993997
v -1.500256 -0.010142 -1.166003
v -1.500256 -0.010142 -0.993997
v -1.495784 -0.008904 -1.166003
v -1.495784 -0.008904 -0.993997
v -1.491297 -0.007722 -1.166003
v -1.491297 -0.007722 -0.993997
v -1.486795 -0.006596 -1.166003
v -1.486795 -0.006596 -0.993997
v -1.482280 -0.005527 -1.166003
v -1.482280 -0.005527 -0.993997
v -1.477752 -0.004515 -1.166003
v -1.477752 -0.004515 -0.993997
v -1.473211 -0.003560 -1.166003
v -1.473211 -0.003560 -0.993997
v -1.468659 -0.002662 -1.166003
v -1.468659 -0.002662 -0.993997
v -1.464096 -0.001821 -1.166003
v -1.464096 -0.001821 -0.993997
v -1.459522 -0.001037 -1.166003
v -1.459522 -0.001037 -0.993997
v -1.454939 -0.000311 -1.166003
v -1.454939 -0.000311 -0.993997
v -1.450348 0.000357 -1.166003
v -1.450348 0.000357 -0.993997
v -1.445748 0.000967 -1.166003
v -1.445748 0.000967 -0.993997
v -1.441140 0.001520 -1.166003
v -1.441140 0.001520 -0.993997
v -1.436527 0.002014 -1.166003
v -1.436527 0.002014 -0.993997
v -1.431908 0.002451 -1.166003
v -1.431908 0.002451 -0.993997
v -1.427283 0.002830 -1.166003
v -1.427283 0.002830 -0.993997
v -1.422654 0.003150 -1.166003
v -1.422654 0.003150 -0.993997
v -1.418021 0.003412 -1.166003
v -1.418021 0.003412 -0.993997
v -1.413385 0.003616 -1.166003
v -1.413385 0.003616 -0.993997
v -1.408748 0.003762 -1.166003
v -1.408748 0.003762 -0.993997
v -1.404108 0.003850 -1.166003
v -1.404108 0.003850 -0.993997
vn 0.0063 1.0000 -0.0000
vn 0.0188 0.9998 -0.0000
vn 0.0314 0.9995 -0.0000
vn 0.0440 0.9990 -0.0000
vn 0.0565 0.9984 -0.0000
vn 0.0691 0.9976 -0.0000
vn 0.0816 0.9967 -0.0000
vn 0.0941 0.9956 -0.0000
vn 0.1066 0.9943 -0.0000
vn 0.1191 0.9929 -0.0000
vn 0.1316 0.9913 -0.0000
vn 0.1440 0.9896 -0.0000
vn 0.1564 0.9877 -0.0000
vn 0.1688 0.9856 -0.0000
vn 0.1812 0.9834 -0.0000
vn 0.1935 0.9811 -0.0000
vn 0.2059 0.9786 -0.0000
vn 0.2181 0.9759 -0.0000
vn 0.2304 0.9731 -0.0000
vn 0.2426 0.9701 -0.0000
vn 0.2548 0.9670 -0.0000
vn 0.2669 0.9637 -0.0000
vn 0.2790 0.9603 -0.0000
vn 0.2910 0.9567 -0.0000
vn 0.3030 0.9530 -0.0000
vn 0.3150 0.9491 -0.0000
vn 0.3269 0.9451 -0.0000
vn 0.3387 0.9409 -0.0000
vn 0.3505 0.9366 -0.0000
vn 0.3623 0.9321 -0.0000
vn 0.3740 0.9274 -0.0000
vn 0.3856 0.9227 -0.0000
vn 0.3971 0.9178 -0.0000
vn 0.4086 0.9127 -0.0000
vn 0.4201 0.9075 -0.0000
vn 0.4315 0.9021 -0.0000
vn 0.4428 0.8966 -0.0000
vn 0.4540 0.8910 -0.0000
vn 0.4652 0.8852 -0.0000
vn 0.4762 0.8793 -0.0000
vn 0.4873 0.8733 -0.0000
vn 0.4982 0.8671 -0.0000
vn 0.5090 0.8607 -0.0000
vn 0.5198 0.8543 -0.0000
vn 0.5305 0.8477 -0.0000
vn 0.5411 0.8409 -0.0000
vn 0.5516 0.8341 -0.0000
vn 0.5621 0.8271 -0.0000
vn 0.5724 0.8200 -0.0000
vn 0.5827 0.8127 -0.0000
vn 0.5929 0.8053 -0.0000
vn 0.6029 0.7978 -0.0000
vn 0.6129 0.7902 -0.0000
vn 0.6228 0.7824 -0.0000
vn 0.6326 0.7745 -0.0000
vn 0.6423 0.7665 -0.0000
vn 0.6518 0.7584 -0.0000
vn 0.6613 0.7501 -0.0000
vn 0.6707 0.7417 -0.0000
vn 0.6800 0.7333 -0.0000
vn 0.6891 0.7247 -0.0000
vn 0.6982 0.7159 -0.0000
vn 0.7071 0.7071 -0.0000
vn 0.7159 0.6982 -0.0000
vn 0.7247 0.6891 -0.0000
vn 0.7333 0.6800 -0.0000
vn 0.7417 0.6707 -0.0000
vn 0.7501 0.6613 -0.0000
vn 0.7584 0.6518 -0.0000
vn 0.7665 0.6423 -0.0000
vn 0.7745 0.6326 -0.0000
vn 0.7824 0.6228 -0.0000
vn 0.7902 0.6129 -0.0000
vn 0.7978 0.6029 -0.0000
vn 0.8053 0.5929 -0.0000
vn 0.8127 0.5827 -0.0000
vn 0.8200 0.5724 -0.0000
vn 0.8271 0.5621 -0.0000
vn 0.8341 0.5516 -0.0000
vn 0.8409 0.5411 -0.0000
vn 0.8477 0.5305 -0.0000
vn 0.8543 0.5198 -0.0000
vn 0.8607 0.5090 -0.0000
vn 0.8671 0.4982 -0.0000
vn 0.8733 0.4873 -0.0000
vn 0.8793 0.4762 -0.0000
vn 0.8852 0.4652 -0.0000
vn 0.8910 0.4540 -0.0000
vn 0.8966 0.4428 -0.0000
vn 0.9021 0.4315 -0.0000
vn 0.9075 0.4201 -0.0000
vn 0.9127 0.4086 -0.0000
vn 0.9178 0.3971 -0.0000
vn 0.9227 0.3856 -0.0000
vn 0.9274 0.3740 -0.0000
vn 0.9321 0.3623 -0.0000
vn 0.9366 0.3505 -0.0000
vn 0.9409 0.3387 -0.0000
vn 0.9451 0.3269 -0.0000
vn 0.9491 0.3150 -0.0000
vn 0.9530 0.3030 -0.0000
vn 0.9567 0.2910 -0.0000
vn 0.9603 0.2790 -0.0000
vn 0.9637 0.2669 -0.0000
vn 0.9670 0.2548 -0.0000
vn 0.9701 0.2426 -0.0000
vn 0.9731 0.2304 -0.0000
vn 0.9759 0.2181 -0.0000
vn 0.9786 0.2059 -0.0000
vn 0.9811 0.1935 -0.0000
vn 0.9834 0.1812 -0.0000
vn 0.9856 0.1688 -0.0000
vn 0.9877 0.1564 -0.0000
vn 0.9896 0.1440 -0.0000
vn 0.9913 0.1316 -0.0000
vn 0.9929 0.1191 -0.0000
vn 0.9943 0.1066 -0.0000
vn 0.9956 0.0941 -0.0000
vn 0.9967 0.0816 -0.0000
vn 0.9976 0.0691 -0.0000
vn 0.9984 0.0565 -0.0000
vn 0.9990 0.0440 -0.0000
vn 0.9995 0.0314 -0.0000
vn 0.9998 0.0188 -0.0000
vn 1.0000 0.0063 -0.0000
vn 1.0000 -0.0063 -0.0000
vn 0.9998 -0.0188 -0.0000
vn 0.9995 -0.0314 -0.0000
vn 0.9990 -0.0440 -0.0000
vn 0.9984 -0.0565 -0.0000
vn 0.9976 -0.0691 -0.0000
vn 0.9967 -0.0816 -0.0000
vn 0.9956 -0.0941 -0.0000
vn 0.9943 -0.1066 -0.0000
vn 0.9929 -0.1191 -0.0000
vn 0.9913 -0.1316 -0.0000
vn 0.9896 -0.1440 -0.0000
vn 0.9877 -0.1564 -0.0000
vn 0.9856 -0.1688 -0.0000
vn 0.9834 -0.1812 -0.0000
vn 0.9811 -0.1935 -0.0000
vn 0.9786 -0.2059 -0.0000
vn 0.9759 -0.2181 -0.0000
vn 0.9731 -0.2304 -0.0000
vn 0.9701 -0.2426 -0.0000
vn 0.9670 -0.2548 -0.0000
vn 0.9637 -0.2669 -0.0000
vn 0.9603 -0.2790 -0.0000
vn 0.9567 -0.2910 -0.0000
vn 0.9530 -0.3030 -0.0000
vn 0.9491 -0.3150 -0.0000
vn 0.9451 -0.3269 -0.0000
vn 0.9409 -0.3387 -0.0000
vn 0.9366 -0.3505 -0.0000
vn 0.9321 -0.3623 -0.0000
vn 0.9274 -0.3740 -0.0000
vn 0.9227 -0.3856 -0.0000
vn 0.9178 -0.3971 -0.0000
vn 0.9127 -0.4086 -0.0000
vn 0.9075 -0.4201 -0.0000
vn 0.9021 -0.4315 -0.0000
vn 0.8966 -0.4428 -0.0000
vn 0.8910 -0.4540 -0.0000
vn 0.8852 -0.4652 -0.0000
vn 0.8793 -0.4762 -0.0000
vn 0.8733 -0.4873 -0.0000
vn 0.8671 -0.4982 -0.0000
vn 0.8607 -0.5090 -0.0000
vn 0.8543 -0.5198 -0.0000
vn 0.8477 -0.5305 -0.0000
vn 0.8409 -0.5411 -0.0000
vn 0.8341 -0.5516 -0.0000
vn 0.8271 -0.5621 -0.0000
vn 0.8200 -0.5724 -0.0000
vn 0.8127 -0.5827 -0.0000
vn 0.8053 -0.5929 -0.0000
vn 0.7978 -0.6029 -0.0000
vn 0.7902 -0.6129 -0.0000
vn 0.7824 -0.6228 -0.0000
vn 0.7745 -0.6326 -0.0000
vn 0.7665 -0.6423 -0.0000
vn 0.7584 -0.6518 -0.0000
vn 0.7501 -0.6613 -0.0000
vn 0.7417 -0.6707 -0.0000
vn 0.7333 -0.6800 -0.0000
vn 0.7247 -0.6891 -0.0000
vn 0.7159 -0.6982 -0.0000
vn 0.7071 -0.7071 -0.0000
vn 0.6982 -0.7159 -0.0000
vn 0.6891 -0.7247 -0.0000
vn 0.6800 -0.7333 -0.0000
vn 0.6707 -0.7417 -0.0000
vn 0.6613 -0.7501 -0.0000
vn 0.6518 -0.7584 -0.0000
vn 0.6423 -0.7665 -0.0000
vn 0.6326 -0.7745 -0.0000
vn 0.6228 -0.7824 -0.0000
vn 0.6129 -0.7902 -0.0000
vn 0.6029 -0.7978 -0.0000
vn 0.5929 -0.8053 -0.0000
vn 0.5827 -0.8127 -0.0000
vn 0.5724 -0.8200 -0.0000
vn 0.5621 -0.8271 -0.0000
vn 0.5516 -0.8341 -0.0000
vn 0.5411 -0.8409 -0.0000
vn 0.5305 -0.8477 -0.0000
vn 0.5198 -0.8543 -0.0000
vn 0.5090 -0.8607 -0.0000
vn 0.4982 -0.8671 -0.0000
vn 0.4873 -0.8733 -0.0000
vn 0.4762 -0.8793 -0.0000
vn 0.4652 -0.8852 -0.0000
vn 0.4540 -0.8910 -0.0000
vn 0.4428 -0.8966 -0.0000
vn 0.4315 -0.9021 -0.0000
vn 0.4201 -0.9075 -0.0000
vn 0.4086 -0.9127 -0.0000
vn 0.3971 -0.9178 -0.0000
vn 0.3856 -0.9227 -0.0000
vn 0.3740 -0.9274 -0.0000
vn 0.3623 -0.9321 -0.0000
vn 0.3505 -0.9366 -0.0000
vn 0.3387 -0.9409 -0.0000
vn 0.3269 -0.9451 -0.0000
vn 0.3150 -0.9491 -0.0000
vn 0.3030 -0.9530 -0.0000
vn 0.2910 -0.9567 -0.0000
vn 0.2790 -0.9603 -0.0000
vn 0.2669 -0.9637 -0.0000
vn 0.2548 -0.9670 -0.0000
vn 0.2426 -0.9701 -0.0000
vn 0.2304 -0.9731 -0.0000
vn 0.2181 -0.9759 -0.0000
vn 0.2059 -0.9786 -0.0000
vn 0.1935 -0.9811 -0.0000
vn 0.1812 -0.9834 -0.0000
vn 0.1688 -0.9856 -0.0000
vn 0.1564 -0.9877 -0.0000
vn 0.1440 -0.9896 -0.0000
vn 0.1316 -0.9913 -0.0000
vn 0.1191 -0.9929 -0.0000
vn 0.1066 -0.9943 -0.0000
vn 0.0941 -0.9956 -0.0000
vn 0.0816 -0.9967 -0.0000
vn 0.0691 -0.9976 -0.0000
vn 0.0565 -0.9984 -0.0000
vn 0.0440 -0.9990 -0.0000
vn 0.0314 -0.9995 -0.0000
vn 0.0188 -0.9998 -0.0000
vn 0.0063 -1.0000 -0.0000
vn -0.0063 -1.0000 -0.0000
vn -0.0188 -0.9998 -0.0000
vn -0.0314 -0.9995 -0.0000
vn -0.0440 -0.9990 -0.0000
vn -0.0565 -0.9984 -0.0000
vn -0.0691 -0.9976 -0.0000
vn -0.0816 -0.9967 -0.0000
vn -0.0941 -0.9956 -0.0000
vn -0.1066 -0.9943 -0.0000
vn -0.1191 -0.9929 -0.0000
vn -0.1316 -0.9913 -0.0000
vn -0.1440 -0.9896 -0.0000
vn -0.1564 -0.9877 -0.0000
vn -0.1688 -0.9856 -0.0000
vn -0.1812 -0.9834 -0.0000
vn -0.1935 -0.9811 -0.0000
vn -0.2059 -0.9786 -0.0000
vn -0.2181 -0.9759 -0.0000
vn -0.2304 -0.9731 -0.0000
vn -0.2426 -0.9701 -0.0000
vn -0.2548 -0.9670 -0.0000
vn -0.2669 -0.9637 -0.0000
vn -0.2790 -0.9603 -0.0000
vn -0.2910 -0.9567 -0.0000
vn -0.3030 -0.9530 -0.0000
vn -0.3150 -0.9491 -0.0000
vn -0.3269 -0.9451 -0.0000
vn -0.3387 -0.9409 -0.0000
vn -0.3505 -0.9366 -0.0000
vn -0.3623 -0.9321 -0.0000
vn -0.3740 -0.9274 -0.0000
vn -0.3856 -0.9227 -0.0000
vn -0.3971 -0.9178 -0.0000
vn -0.4086 -0.9127 -0.0000
vn -0.4201 -0.9075 -0.0000
vn -0.4315 -0.9021 -0.0000
vn -0.4428 -0.8966 -0.0000
vn -0.4540 -0.8910 -0.0000
vn -0.4652 -0.8852 -0.0000
vn -0.4762 -0.8793 -0.0000
vn -0.4873 -0.8733 -0.0000
vn -0.4982 -0.8671 -0.0000
vn -0.5090 -0.8607 -0.0000
vn -0.5198 -0.8543 -0.0000
vn -0.5305 -0.8477 -0.0000
vn -0.5411 -0.8409 -0.0000
vn -0.5516 -0.8341 -0.0000
vn -0.5621 -0.8271 -0.0000
vn -0.5724 -0.8200 -0.0000
vn -0.5827 -0.8127 -0.0000
vn -0.5929 -0.8053 -0.0000
vn -0.6029 -0.7978 -0.0000
vn -0.6129 -0.7902 -0.0000
vn -0.6228 -0.7824 -0.0000
vn -0.6326 -0.7745 -0.0000
vn -0.6423 -0.7665 -0.0000
vn -0.6518 -0.7584 -0.0000
vn -0.6613 -0.7501 -0.0000
vn -0.6707 -0.7417 -0.0000
vn -0.6800 -0.7333 -0.0000
vn -0.6891 -0.7247 -0.0000
vn -0.6982 -0.7159 -0.0000
vn -0.7071 -0.7071 -0.0000
vn -0.7159 -0.6982 -0.0000
vn -0.7247 -0.6891 -0.0000
vn -0.7333 -0.6800 -0.0000
vn -0.7417 -0.6707 -0.0000
vn -0.7501 -0.6613 -0.0000
vn -0.7584 -0.6518 -0.0000
vn -0.7665 -0.6423 -0.0000
vn -0.7745 -0.6326 -0.0000
vn -0.7824 -0.6228 -0.0000
vn -0.7902 -0.6129 -0.0000
vn -0.7978 -0.6029 -0.0000
vn -0.8053 -0.5929 -0.0000
vn -0.8127 -0.5827 -0.0000
vn -0.8200 -0.5724 -0.0000
vn -0.8271 -0.5621 -0.0000
vn -0.8341 -0.5516 -0.0000
vn -0.8409 -0.5411 -0.0000
vn -0.8477 -0.5305 -0.0000
vn -0.8543 -0.5198 -0.0000
vn -0.8607 -0.5090 -0.0000
vn -0.8671 -0.4982 -0.0000
vn -0.8733 -0.4873 -0.0000
vn -0.8793 -0.4762 -0.0000
vn -0.8852 -0.4652 -0.0000
vn -0.8910 -0.4540 -0.0000
vn -0.8966 -0.4428 -0.0000
vn -0.9021 -0.4315 -0.0000
vn -0.9075 -0.4201 -0.0000
vn -0.9127 -0.4086 -0.0000
vn -0.9178 -0.3971 -0.0000
vn -0.9227 -0.3856 -0.0000
vn -0.9274 -0.3740 -0.0000
vn -0.9321 -0.3623 -0.0000
vn -0.9366 -0.3505 -0.0000
vn -0.9409 -0.3387 -0.0000
vn -0.9451 -0.3269 -0.0000
vn -0.9491 -0.3150 -0.0000
vn -0.9530 -0.3030 -0.0000
vn -0.9567 -0.2910 -0.0000
vn -0.9603 -0.2790 -0.0000
vn -0.9637 -0.2669 -0.0000
vn -0.9670 -0.2548 -0.0000
vn -0.9701 -0.2426 -0.0000
vn -0.9731 -0.2304 -0.0000
vn -0.9759 -0.2181 -0.0000
vn -0.9786 -0.2059 -0.0000
vn -0.9811 -0.1935 -0.0000
vn -0.9834 -0.1812 -0.0000
vn -0.9856 -0.1688 -0.0000
vn -0.9877 -0.1564 -0.0000
vn -0.9896 -0.1440 -0.0000
vn -0.9913 -0.1316 -0.0000
vn -0.9929 -0.1191 -0.0000
vn -0.9943 -0.1066 -0.0000
vn -0.9956 -0.0941 -0.0000
vn -0.9967 -0.0816 -0.0000
vn -0.9976 -0.0691 -0.0000
vn -0.9984 -0.0565 -0.0000
vn -0.9990 -0.0440 -0.0000
vn -0.9995 -0.0314 -0.0000
vn -0.9998 -0.0188 -0.0000
vn -1.0000 -0.0063 -0.0000
vn -1.0000 0.0063 -0.0000
vn -0.9998 0.0188 -0.0000
vn -0.9995 0.0314 -0.0000
vn -0.9990 0.0440 -0.0000
vn -0.9984 0.0565 -0.0000
vn -0.9976 0.0691 -0.0000
vn -0.9967 0.0816 -0.0000
vn -0.9956 0.0941 -0.0000
vn -0.9943 0.1066 -0.0000
vn -0.9929 0.1191 -0.0000
vn -0.9913 0.1316 -0.0000
vn -0.9896 0.1440 -0.0000
vn -0.9877 0.1564 -0.0000
vn -0.9856 0.1688 -0.0000
vn -0.9834 0.1812 -0.0000
vn -0.9811 0.1935 -0.0000
vn -0.9786 0.2059 -0.0000
vn -0.9759 0.2181 -0.0000
vn -0.9731 0.2304 -0.0000
vn -0.9701 0.2426 -0.0000
vn -0.9670 0.2548 -0.0000
vn -0.9637 0.2669 -0.0000
vn -0.9603 0.2790 -0.0000
vn -0.9567 0.2910 -0.0000
vn -0.9530 0.3030 -0.0000
vn -0.9491 0.3150 -0.0000
vn -0.9451 0.3269 -0.0000
vn -0.9409 0.3387 -0.0000
vn -0.9366 0.3505 -0.0000
vn -0.9321 0.3623 -0.0000
vn -0.9274 0.3740 -0.0000
vn -0.9227 0.3856 -0.0000
vn -0.9178 0.3971 -0.0000
vn -0.9127 0.4086 -0.0000
vn -0.9075 0.4201 -0.0000
vn -0.9021 0.4315 -0.0000
vn -0.8966 0.4428 -0.0000
vn -0.8910 0.4540 -0.0000
vn -0.8852 0.4652 -0.0000
vn -0.8793 0.4762 -0.0000
vn -0.8733 0.4873 -0.0000
vn -0.8671 0.4982 -0.0000
vn -0.8607 0.5090 -0.0000
vn -0.8543 0.5198 -0.0000
vn -0.8477 0.5305 -0.0000
vn -0.8409 0.5411 -0.0000
vn -0.8341 0.5516 -0.0000
vn -0.8271 0.5621 -0.0000
vn -0.8200 0.5724 -0.0000
vn -0.8127 0.5827 -0.0000
vn -0.8053 0.5929 -0.0000
vn -0.7978 0.6029 -0.0000
vn -0.7902 0.6129 -0.0000
vn -0.7824 0.6228 -0.0000
vn -0.7745 0.6326 -0.0000
vn -0.7665 0.6423 -0.0000
vn -0.7584 0.6518 -0.0000
vn -0.7501 0.6613 -0.0000
vn -0.7417 0.6707 -0.0000
vn -0.7333 0.6800 -0.0000
vn -0.7247 0.6891 -0.0000
vn -0.7159 0.6982 -0.0000
vn -0.7071 0.7071 -0.0000
vn -0.6982 0.7159 -0.0000
vn -0.6891 0.7247 -0.0000
vn -0.6800 0.7333 -0.0000
vn -0.6707 0.7417 -0.0000
vn -0.6613 0.7501 -0.0000
vn -0.6518 0.7584 -0.0000
vn -0.6423 0.7665 -0.0000
vn -0.6326 0.7745 -0.0000
vn -0.6228 0.7824 -0.0000
vn -0.6129 0.7902 -0.0000
vn -0.6029 0.7978 -0.0000
vn -0.5929 0.8053 -0.0000
vn -0.5827 0.8127 -0.0000
vn -0.5724 0.8200 -0.0000
vn -0.5621 0.8271 -0.0000
vn -0.5516 0.8341 -0.0000
vn -0.5411 0.8409 -0.0000
vn -0.5305 0.8477 -0.0000
vn -0.5198 0.8543 -0.0000
vn -0.5090 0.8607 -0.0000
vn -0.4982 0.8671 -0.0000
vn -0.4873 0.8733 -0.0000
vn -0.4762 0.8793 -0.0000
vn -0.4652 0.8852 -0.0000
vn -0.4540 0.8910 -0.0000
vn -0.4428 0.8966 -0.0000
vn -0.4315 0.9021 -0.0000
vn -0.4201 0.9075 -0.0000
vn -0.4086 0.9127 -0.0000
vn -0.3971 0.9178 -0.0000
vn -0.3856 0.9227 -0.0000
vn -0.3740 0.9274 -0.0000
vn -0.3623 0.9321 -0.0000
vn -0.3505 0.9366 -0.0000
vn -0.3387 0.9409 -0.0000
vn -0.3269 0.9451 -0.0000
vn -0.3150 0.9491 -0.0000
vn -0.3030 0.9530 -0.0000
vn -0.2910 0.9567 -0.0000
vn -0.2790 0.9603 -0.0000
vn -0.2669 0.9637 -0.0000
vn -0.2548 0.9670 -0.0000
vn -0.2426 0.9701 -0.0000
vn -0.2304 0.9731 -0.0000
vn -0.2181 0.9759 -0.0000
vn -0.2059 0.9786 -0.0000
vn -0.1935 0.9811 -0.0000
vn -0.1812 0.9834 -0.0000
vn -0.1688 0.9856 -0.0000
vn -0.1564 0.9877 -0.0000
vn -0.1440 0.9896 -0.0000
vn -0.1316 0.9913 -0.0000
vn -0.1191 0.9929 -0.0000
vn -0.1066 0.9943 -0.0000
vn -0.0941 0.9956 -0.0000
vn -0.0816 0.9967 -0.0000
vn -0.0691 0.9976 -0.0000
vn -0.0565 0.9984 -0.0000
vn -0.0440 0.9990 -0.0000
vn -0.0314 0.9995 -0.0000
vn -0.0000 -0.0000 1.0000
vn -0.0188 0.9998 -0.0000
vn -0.0063 1.0000 -0.0000
vn -0.0000 -0.0000 -1.0000
vn 0.3505 0.9365 -0.0000
vn 0.4427 0.8966 -0.0000
vn 0.6422 0.7665 -0.0000
vn 0.6800 0.7332 -0.0000
vn 0.7665 0.6422 -0.0000
vn 0.8341 0.5517 -0.0000
vn 0.8733 0.4872 -0.0000
vn 0.8793 0.4763 -0.0000
vn 0.8852 0.4651 -0.0000
vn 0.9021 0.4314 -0.0000
vn 0.9127 0.4087 -0.0000
vn 0.9365 0.3505 -0.0000
vn 0.9759 0.2182 -0.0000
vn 0.9811 0.1936 -0.0000
vn 0.9811 -0.1936 -0.0000
vn 0.9759 -0.2182 -0.0000
vn 0.9365 -0.3505 -0.0000
vn 0.9127 -0.4087 -0.0000
vn 0.9021 -0.4314 -0.0000
vn 0.8852 -0.4651 -0.0000
vn 0.8793 -0.4763 -0.0000
vn 0.8733 -0.4872 -0.0000
vn 0.8341 -0.5517 -0.0000
vn 0.7665 -0.6422 -0.0000
vn 0.6800 -0.7332 -0.0000
vn 0.6422 -0.7665 -0.0000
vn 0.4427 -0.8966 -0.0000
vn 0.3505 -0.9365 -0.0000
vn -0.1936 -0.9811 -0.0000
vn -0.3388 -0.9409 -0.0000
vn -0.4087 -0.9127 -0.0000
vn -0.4427 -0.8966 -0.0000
vn -0.4651 -0.8852 -0.0000
vn -0.4763 -0.8793 -0.0000
vn -0.4872 -0.8733 -0.0000
vn -0.5517 -0.8341 -0.0000
vn -0.5724 -0.8199 -0.0000
vn -0.6325 -0.7745 -0.0000
vn -0.6799 -0.7333 -0.0000
vn -0.6891 -0.7246 -0.0000
vn -0.7333 -0.6799 -0.0000
vn -0.8341 -0.5517 -0.0000
vn -0.8608 -0.5090 -0.0000
vn -0.8733 -0.4872 -0.0000
vn -0.9021 -0.4314 -0.0000
vn -0.9127 -0.4087 -0.0000
vn -0.9275 -0.3739 -0.0000
vn -0.9365 -0.3505 -0.0000
vn -0.9450 -0.3269 -0.0000
vn -0.9786 -0.2058 -0.0000
vn -0.9811 -0.1936 -0.0000
vn -0.9835 -0.1812 -0.0000
vn -0.9856 -0.1689 -0.0000
vn -0.9990 -0.0439 -0.0000
vn -0.9990 0.0439 -0.0000
vn -0.9856 0.1689 -0.0000
vn -0.9835 0.1812 -0.0000
vn -0.9811 0.1936 -0.0000
vn -0.9786 0.2058 -0.0000
vn -0.9450 0.3269 -0.0000
vn -0.9365 0.3505 -0.0000
vn -0.9275 0.3739 -0.0000
vn -0.9127 0.4087 -0.0000
vn -0.9021 0.4314 -0.0000
vn -0.8733 0.4872 -0.0000
vn -0.8608 0.5090 -0.0000
vn -0.8341 0.5517 -0.0000
vn -0.7333 0.6799 -0.0000
vn -0.6891 0.7246 -0.0000
vn -0.6799 0.7333 -0.0000
vn -0.6325 0.7745 -0.0000
vn -0.5724 0.8199 -0.0000
vn -0.5517 0.8341 -0.0000
vn -0.4872 0.8733 -0.0000
vn -0.4763 0.8793 -0.0000
vn -0.4651 0.8852 -0.0000
vn -0.4427 0.8966 -0.0000
vn -0.4087 0.9127 -0.0000
vn -0.3388 0.9409 -0.0000
vn -0.1936 0.9811 -0.0000
vt 1.000000 0.500000
vt 1.000000 1.000000
vt 0.998000 1.000000
vt 0.998000 0.500000
vt 0.996000 1.000000
vt 0.996000 0.500000
vt 0.994000 1.000000
vt 0.994000 0.500000
vt 0.992000 1.000000
vt 0.992000 0.500000
vt 0.990000 1.000000
vt 0.990000 0.500000
vt 0.988000 1.000000
vt 0.988000 0.500000
vt 0.986000 1.000000
vt 0.986000 0.500000
vt 0.984000 1.000000
vt 0.984000 0.500000
vt 0.982000 1.000000
vt 0.982000 0.500000
vt 0.980000 1.000000
vt 0.980000 0.500000
vt 0.978000 1.000000
vt 0.978000 0.500000
vt 0.976000 1.000000
vt 0.976000 0.500000
vt 0.974000 1.000000
vt 0.974000 0.500000
vt 0.972000 1.000000
vt 0.972000 0.500000
vt 0.970000 1.000000
vt 0.970000 0.500000
vt 0.968000 1.000000
vt 0.968000 0.500000
vt 0.966000 1.000000
vt 0.966000 0.500000
vt 0.964000 1.000000
vt 0.964000 0.500000
vt 0.962000 1.000000
vt 0.962000 0.500000
vt 0.960001 1.000000
vt 0.960001 0.500000
vt 0.958001 1.000000
vt 0.958001 0.500000
vt 0.956001 1.000000
vt 0.956001 0.500000
vt 0.954001 1.000000
vt 0.954001 0.500000
vt 0.952001 1.000000
vt 0.952001 0.500000
vt 0.950001 1.000000
vt 0.950001 0.500000
vt 0.948001 1.000000
vt 0.948001 0.500000
vt 0.946001 1.000000
vt 0.946001 0.500000
vt 0.944001 1.000000
vt 0.944001 0.500000
vt 0.942001 1.000000
vt 0.942001 0.500000
vt 0.940001 1.000000
vt 0.940001 0.500000
vt 0.938001 1.000000
vt 0.938001 0.500000
vt 0.936001 1.000000
vt 0.936001 0.500000
vt 0.934001 1.000000
vt 0.934001 0.500000
vt 0.932001 1.000000
vt 0.932001 0.500000
vt 0.930001 1.000000
vt 0.930001 0.500000
vt 0.928001 1.000000
vt 0.928001 0.500000
vt 0.926001 1.000000
vt 0.926001 0.500000
vt 0.924001 1.000000
vt 0.924001 0.500000
vt 0.922001 1.000000
vt 0.922001 0.500000
vt 0.920001 1.000000
vt 0.920001 0.500000
vt 0.918001 1.000000
vt 0.918001 0.500000
vt 0.916001 1.000000
vt 0.916001 0.500000
vt 0.914001 1.000000
vt 0.914001 0.500000
vt 0.912001 1.000000
vt 0.912001 0.500000
vt 0.910001 1.000000
vt 0.910001 0.500000
vt 0.908001 1.000000
vt 0.908001 0.500000
vt 0.906001 1.000000
vt 0.906001 0.500000
vt 0.904001 1.000000
vt 0.904001 0.500000
vt 0.902001 1.000000
vt 0.902001 0.500000
vt 0.900001 1.000000
vt 0.900001 0.500000
vt 0.898001 1.000000
vt 0.898001 0.500000
vt 0.896001 1.000000
vt 0.896001 0.500000
vt 0.894001 1.000000
vt 0.894001 0.500000
vt 0.892001 1.000000
vt 0.892001 0.500000
vt 0.890001 1.000000
vt 0.890001 0.500000
vt 0.888001 1.000000
vt 0.888001 0.500000
vt 0.886001 1.000000
vt 0.886001 0.500000
vt 0.884001 1.000000
vt 0.884001 0.500000
vt 0.882002 1.000000
vt 0.882002 0.500000
vt 0.880002 1.000000
vt 0.880002 0.500000
vt 0.878002 1.000000
vt 0.878002 0.500000
vt 0.876002 1.000000
vt 0.876002 0.500000
vt 0.874002 1.000000
vt 0.874002 0.500000
vt 0.872002 1.000000
vt 0.872002 0.500000
vt 0.870002 1.000000
vt 0.870002 0.500000
vt 0.868002 1.000000
vt 0.868002 0.500000
vt 0.866002 1.000000
vt 0.866002 0.500000
vt 0.864002 1.000000
vt 0.864002 0.500000
vt 0.862002 1.000000
vt 0.862002 0.500000
vt 0.860002 1.000000
vt 0.860002 0.500000
vt 0.858002 1.000000
vt 0.858002 0.500000
vt 0.856002 1.000000
vt 0.856002 0.500000
vt 0.854002 1.000000
vt 0.854002 0.500000
vt 0.852002 1.000000
vt 0.852002 0.500000
vt 0.850002 1.000000
vt 0.850002 0.500000
vt 0.848002 1.000000
vt 0.848002 0.500000
vt 0.846002 1.000000
vt 0.846002 0.500000
vt 0.844002 1.000000
vt 0.844002 0.500000
vt 0.842002 1.000000
vt 0.842002 0.500000
vt 0.840002 1.000000
vt 0.840002 0.500000
vt 0.838002 1.000000
vt 0.838002 0.500000
vt 0.836002 1.000000
vt 0.836002 0.500000
vt 0.834002 1.000000
vt 0.834002 0.500000
vt 0.832002 1.000000
vt 0.832002 0.500000
vt 0.830002 1.000000
vt 0.830002 0.500000
vt 0.828002 1.000000
vt 0.828002 0.500000
vt 0.826002 1.000000
vt 0.826002 0.500000
vt 0.824002 1.000000
vt 0.824002 0.500000
vt 0.822002 1.000000
vt 0.822002 0.500000
vt 0.820002 1.000000
vt 0.820002 0.500000
vt 0.818002 1.000000
vt 0.818002 0.500000
vt 0.816002 1.000000
vt 0.816002 0.500000
vt 0.814002 1.000000
vt 0.814002 0.500000
vt 0.812002 1.000000
vt 0.812002 0.500000
vt 0.810002 1.000000
vt 0.810002 0.500000
vt 0.808002 1.000000
vt 0.808002 0.500000
vt 0.806002 1.000000
vt 0.806002 0.500000
vt 0.804003 1.000000
vt 0.804003 0.500000
vt 0.802003 1.000000
vt 0.802003 0.500000
vt 0.800003 1.000000
vt 0.800003 0.500000
vt 0.798003 1.000000
vt 0.798003 0.500000
vt 0.796003 1.000000
vt 0.796003 0.500000
vt 0.794003 1.000000
vt 0.794003 0.500000
vt 0.792003 1.000000
vt 0.792003 0.500000
vt 0.790003 1.000000
vt 0.790003 0.500000
vt 0.788003 1.000000
vt 0.788003 0.500000
vt 0.786003 1.000000
vt 0.786003 0.500000
vt 0.784003 1.000000
vt 0.784003 0.500000
vt 0.782003 1.000000
vt 0.782003 0.500000
vt 0.780003 1.000000
vt 0.780003 0.500000
vt 0.778003 1.000000
vt 0.778003 0.500000
vt 0.776003 1.000000
vt 0.776003 0.500000
vt 0.774003 1.000000
vt 0.774003 0.500000
vt 0.772003 1.000000
vt 0.772003 0.500000
vt 0.770003 1.000000
vt 0.770003 0.500000
vt 0.768003 1.000000
vt 0.768003 0.500000
vt 0.766003 1.000000
vt 0.766003 0.500000
vt 0.764003 1.000000
vt 0.764003 0.500000
vt 0.762003 1.000000
vt 0.762003 0.500000
vt 0.760003 1.000000
vt 0.760003 0.500000
vt 0.758003 1.000000
vt 0.758003 0.500000
vt 0.756003 1.000000
vt 0.756003 0.500000
vt 0.754003 1.000000
vt 0.754003 0.500000
vt 0.752003 1.000000
vt 0.752003 0.500000
vt 0.750003 1.000000
vt 0.750003 0.500000
vt 0.748003 1.000000
vt 0.748003 0.500000
vt 0.746003 1.000000
vt 0.746003 0.500000
vt 0.744003 1.000000
vt 0.744003 0.500000
vt 0.742003 1.000000
vt 0.742003 0.500000
vt 0.740003 1.000000
vt 0.740003 0.500000
vt 0.738003 1.000000
vt 0.738003 0.500000
vt 0.736003 1.000000
vt 0.736003 0.500000
vt 0.734003 1.000000
vt 0.734003 0.500000
vt 0.732003 1.000000
vt 0.732003 0.500000
vt 0.730003 1.000000
vt 0.730003 0.500000
vt 0.728004 1.000000
vt 0.728004 0.500000
vt 0.726004 1.000000
vt 0.726004 0.500000
vt 0.724004 1.000000
vt 0.724004 0.500000
vt 0.722004 1.000000
vt 0.722004 0.500000
vt 0.720004 1.000000
vt 0.720004 0.500000
vt 0.718004 1.000000
vt 0.718004 0.500000
vt 0.716004 1.000000
vt 0.716004 0.500000
vt 0.714004 1.000000
vt 0.714004 0.500000
vt 0.712004 1.000000
vt 0.712004 0.500000
vt 0.710004 1.000000
vt 0.710004 0.500000
vt 0.708004 1.000000
vt 0.708004 0.500000
vt 0.706004 1.000000
vt 0.706004 0.500000
vt 0.704004 1.000000
vt 0.704004 0.500000
vt 0.702004 1.000000
vt 0.702004 0.500000
vt 0.700004 1.000000
vt 0.700004 0.500000
vt 0.698004 1.000000
vt 0.698004 0.500000
vt 0.696004 1.000000
vt 0.696004 0.500000
vt 0.694004 1.000000
vt 0.694004 0.500000
vt 0.692004 1.000000
vt 0.692004 0.500000
vt 0.690004 1.000000
vt 0.690004 0.500000
vt 0.688004 1.000000
vt 0.688004 0.500000
vt 0.686004 1.000000
vt 0.686004 0.500000
vt 0.684004 1.000000
vt 0.684004 0.500000
vt 0.682004 1.000000
vt 0.682004 0.500000
vt 0.680004 1.000000
vt 0.680004 0.500000
vt 0.678004 1.000000
vt 0.678004 0.500000
vt 0.676004 1.000000
vt 0.676004 0.500000
vt 0.674004 1.000000
vt 0.674004 0.500000
vt 0.672004 1.000000
vt 0.672004 0.500000
vt 0.670004 1.000000
vt 0.670004 0.500000
vt 0.668004 1.000000
vt 0.668004 0.500000
vt 0.666004 1.000000
vt 0.666004 0.500000
vt 0.664004 1.000000
vt 0.664004 0.500000
vt 0.662004 1.000000
vt 0.662004 0.500000
vt 0.660004 1.000000
vt 0.660004 0.500000
vt 0.658004 1.000000
vt 0.658004 0.500000
vt 0.656004 1.000000
vt 0.656004 0.500000
vt 0.654004 1.000000
vt 0.654004 0.500000
vt 0.652004 1.000000
vt 0.652004 0.500000
vt 0.650005 1.000000
vt 0.650005 0.500000
vt 0.648005 1.000000
vt 0.648005 0.500000
vt 0.646005 1.000000
vt 0.646005 0.500000
vt 0.644005 1.000000
vt 0.644005 0.500000
vt 0.642005 1.000000
vt 0.642005 0.500000
vt 0.640005 1.000000
vt 0.640005 0.500000
vt 0.638005 1.000000
vt 0.638005 0.500000
vt 0.636005 1.000000
vt 0.636005 0.500000
vt 0.634005 1.000000
vt 0.634005 0.500000
vt 0.632005 1.000000
vt 0.632005 0.500000
vt 0.630005 1.000000
vt 0.630005 0.500000
vt 0.628005 1.000000
vt 0.628005 0.500000
vt 0.626005 1.000000
vt 0.626005 0.500000
vt 0.624005 1.000000
vt 0.624005 0.500000
vt 0.622005 1.000000
vt 0.622005 0.500000
vt 0.620005 1.000000
vt 0.620005 0.500000
vt 0.618005 1.000000
vt 0.618005 0.500000
vt 0.616005 1.000000
vt 0.616005 0.500000
vt 0.614005 1.000000
vt 0.614005 0.500000
vt 0.612005 1.000000
vt 0.612005 0.500000
vt 0.610005 1.000000
vt 0.610005 0.500000
vt 0.608005 1.000000
vt 0.608005 0.500000
vt 0.606005 1.000000
vt 0.606005 0.500000
vt 0.604005 1.000000
vt 0.604005 0.500000
vt 0.602005 1.000000
vt 0.602005 0.500000
vt 0.600005 1.000000
vt 0.600005 0.500000
vt 0.598005 1.000000
vt 0.598005 0.500000
vt 0.596005 1.000000
vt 0.596005 0.500000
vt 0.594005 1.000000
vt 0.594005 0.500000
vt 0.592005 1.000000
vt 0.592005 0.500000
vt 0.590005 1.000000
vt 0.590005 0.500000
vt 0.588005 1.000000
vt 0.588005 0.500000
vt 0.586005 1.000000
vt 0.586005 0.500000
vt 0.584005 1.000000
vt 0.584005 0.500000
vt 0.582005 1.000000
vt 0.582005 0.500000
vt 0.580005 1.000000
vt 0.580005 0.500000
vt 0.578005 1.000000
vt 0.578005 0.500000
vt 0.576005 1.000000
vt 0.576005 0.500000
vt 0.574005 1.000000
vt 0.574005 0.500000
vt 0.572006 1.000000
vt 0.572006 0.500000
vt 0.570006 1.000000
vt 0.570006 0.500000
vt 0.568006 1.000000
vt 0.568006 0.500000
vt 0.566006 1.000000
vt 0.566006 0.500000
vt 0.564006 1.000000
vt 0.564006 0.500000
vt 0.562006 1.000000
vt 0.562006 0.500000
vt 0.560006 1.000000
vt 0.560006 0.500000
vt 0.558006 1.000000
vt 0.558006 0.500000
vt 0.556006 1.000000
vt 0.556006 0.500000
vt 0.554006 1.000000
vt 0.554006 0.500000
vt 0.552006 1.000000
vt 0.552006 0.500000
vt 0.550006 1.000000
vt 0.550006 0.500000
vt 0.548006 1.000000
vt 0.548006 0.500000
vt 0.546006 1.000000
vt 0.546006 0.500000
vt 0.544006 1.000000
vt 0.544006 0.500000
vt 0.542006 1.000000
vt 0.542006 0.500000
vt 0.540006 1.000000
vt 0.540006 0.500000
vt 0.538006 1.000000
vt 0.538006 0.500000
vt 0.536006 1.000000
vt 0.536006 0.500000
vt 0.534006 1.000000
vt 0.534006 0.500000
vt 0.532006 1.000000
vt 0.532006 0.500000
vt 0.530006 1.000000
vt 0.530006 0.500000
vt 0.528006 1.000000
vt 0.528006 0.500000
vt 0.526006 1.000000
vt 0.526006 0.500000
vt 0.524006 1.000000
vt 0.524006 0.500000
vt 0.522006 1.000000
vt 0.522006 0.500000
vt 0.520006 1.000000
vt 0.520006 0.500000
vt 0.518006 1.000000
vt 0.518006 0.500000
vt 0.516006 1.000000
vt 0.516006 0.500000
vt 0.514006 1.000000
vt 0.514006 0.500000
vt 0.512006 1.000000
vt 0.512006 0.500000
vt 0.510006 1.000000
vt 0.510006 0.500000
vt 0.508006 1.000000
vt 0.508006 0.500000
vt 0.506006 1.000000
vt 0.506006 0.500000
vt 0.504006 1.000000
vt 0.504006 0.500000
vt 0.502006 1.000000
vt 0.502006 0.500000
vt 0.500006 1.000000
vt 0.500006 0.500000
vt 0.498006 1.000000
vt 0.498006 0.500000
vt 0.496006 1.000000
vt 0.496006 0.500000
vt 0.494006 1.000000
vt 0.494006 0.500000
vt 0.492006 1.000000
vt 0.492006 0.500000
vt 0.490006 1.000000
vt 0.490006 0.500000
vt 0.488006 1.000000
vt 0.488006 0.500000
vt 0.486006 1.000000
vt 0.486006 0.500000
vt 0.484006 1.000000
vt 0.484006 0.500000
vt 0.482006 1.000000
vt 0.482006 0.500000
vt 0.480006 1.000000
vt 0.480006 0.500000
vt 0.478006 1.000000
vt 0.478006 0.500000
vt 0.476006 1.000000
vt 0.476006 0.500000
vt 0.474006 1.000000
vt 0.474006 0.500000
vt 0.472006 1.000000
vt 0.472006 0.500000
vt 0.470006 1.000000
vt 0.470006 0.500000
vt 0.468006 1.000000
vt 0.468006 0.500000
vt 0.466006 1.000000
vt 0.466006 0.500000
vt 0.464006 1.000000
vt 0.464006 0.500000
vt 0.462006 1.000000
vt 0.462006 0.500000
vt 0.460006 1.000000
vt 0.460006 0.500000
vt 0.458006 1.000000
vt 0.458006 0.500000
vt 0.456006 1.000000
vt 0.456006 0.500000
vt 0.454006 1.000000
vt 0.454006 0.500000
vt 0.452006 1.000000
vt 0.452006 0.500000
vt 0.450006 1.000000
vt 0.450006 0.500000
vt 0.448006 1.000000
vt 0.448006 0.500000
vt 0.446006 1.000000
vt 0.446006 0.500000
vt 0.444006 1.000000
vt 0.444006 0.500000
vt 0.442006 1.000000
vt 0.442006 0.500000
vt 0.440006 1.000000
vt 0.440006 0.500000
vt 0.438006 1.000000
vt 0.438006 0.500000
vt 0.436006 1.000000
vt 0.436006 0.500000
vt 0.434006 1.000000
vt 0.434006 0.500000
vt 0.432006 1.000000
vt 0.432006 0.500000
vt 0.430006 1.000000
vt 0.430006 0.500000
vt 0.428006 1.000000
vt 0.428006 0.500000
vt 0.426006 1.000000
vt 0.426006 0.500000
vt 0.424006 1.000000
vt 0.424006 0.500000
vt 0.422006 1.000000
vt 0.422006 0.500000
vt 0.420006 1.000000
vt 0.420006 0.500000
vt 0.418006 1.000000
vt 0.418006 0.500000
vt 0.416006 1.000000
vt 0.416006 0.500000
vt 0.414006 1.000000
vt 0.414006 0.500000
vt 0.412006 1.000000
vt 0.412006 0.500000
vt 0.410006 1.000000
vt 0.410006 0.500000
vt 0.408006 1.000000
vt 0.408006 0.500000
vt 0.406006 1.000000
vt 0.406006 0.500000
vt 0.404006 1.000000
vt 0.404006 0.500000
vt 0.402006 1.000000
vt 0.402006 0.500000
vt 0.400006 1.000000
vt 0.400006 0.500000
vt 0.398006 1.000000
vt 0.398006 0.500000
vt 0.396006 1.000000
vt 0.396006 0.500000
vt 0.394006 1.000000
vt 0.394006 0.500000
vt 0.392006 1.000000
vt 0.392006 0.500000
vt 0.390006 1.000000
vt 0.390006 0.500000
vt 0.388006 1.000000
vt 0.388006 0.500000
vt 0.386006 1.000000
vt 0.386006 0.500000
vt 0.384006 1.000000
vt 0.384006 0.500000
vt 0.382006 1.000000
vt 0.382006 0.500000
vt 0.380006 1.000000
vt 0.380006 0.500000
vt 0.378006 1.000000
vt 0.378006 0.500000
vt 0.376006 1.000000
vt 0.376006 0.500000
vt 0.374006 1.000000
vt 0.374006 0.500000
vt 0.372006 1.000000
vt 0.372006 0.500000
vt 0.370006 1.000000
vt 0.370006 0.500000
vt 0.368006 1.000000
vt 0.368006 0.500000
vt 0.366006 1.000000
vt 0.366006 0.500000
vt 0.364006 1.000000
vt 0.364006 0.500000
vt 0.362006 1.000000
vt 0.362006 0.500000
vt 0.360006 1.000000
vt 0.360006 0.500000
vt 0.358006 1.000000
vt 0.358006 0.500000
vt 0.356006 1.000000
vt 0.356006 0.500000
vt 0.354006 1.000000
vt 0.354006 0.500000
vt 0.352006 1.000000
vt 0.352006 0.500000
vt 0.350006 1.000000
vt 0.350006 0.500000
vt 0.348006 1.000000
vt 0.348006 0.500000
vt 0.346006 1.000000
vt 0.346006 0.500000
vt 0.344006 1.000000
vt 0.344006 0.500000
vt 0.342006 1.000000
vt 0.342006 0.500000
vt 0.340006 1.000000
vt 0.340006 0.500000
vt 0.338006 1.000000
vt 0.338006 0.500000
vt 0.336006 1.000000
vt 0.336006 0.500000
vt 0.334006 1.000000
vt 0.334006 0.500000
vt 0.332006 1.000000
vt 0.332006 0.500000
vt 0.330006 1.000000
vt 0.330006 0.500000
vt 0.328006 1.000000
vt 0.328006 0.500000
vt 0.326006 1.000000
vt 0.326006 0.500000
vt 0.324006 1.000000
vt 0.324006 0.500000
vt 0.322006 1.000000
vt 0.322006 0.500000
vt 0.320006 1.000000
vt 0.320006 0.500000
vt 0.318006 1.000000
vt 0.318006 0.500000
vt 0.316006 1.000000
vt 0.316006 0.500000
vt 0.314006 1.000000
vt 0.314006 0.500000
vt 0.312006 1.000000
vt 0.312006 0.500000
vt 0.310006 1.000000
vt 0.310006 0.500000
vt 0.308006 1.000000
vt 0.308006 0.500000
vt 0.306006 1.000000
vt 0.306006 0.500000
vt 0.304006 1.000000
vt 0.304006 0.500000
vt 0.302006 1.000000
vt 0.302006 0.500000
vt 0.300006 1.000000
vt 0.300006 0.500000
vt 0.298006 1.000000
vt 0.298006 0.500000
vt 0.296006 1.000000
vt 0.296006 0.500000
vt 0.294006 1.000000
vt 0.294006 0.500000
vt 0.292006 1.000000
vt 0.292006 0.500000
vt 0.290006 1.000000
vt 0.290006 0.500000
vt 0.288006 1.000000
vt 0.288006 0.500000
vt 0.286006 1.000000
vt 0.286006 0.500000
vt 0.284006 1.000000
vt 0.284006 0.500000
vt 0.282006 1.000000
vt 0.282006 0.500000
vt 0.280006 1.000000
vt 0.280006 0.500000
vt 0.278006 1.000000
vt 0.278006 0.500000
vt 0.276006 1.000000
vt 0.276006 0.500000
vt 0.274006 1.000000
vt 0.274006 0.500000
vt 0.272006 1.000000
vt 0.272006 0.500000
vt 0.270006 1.000000
vt 0.270006 0.500000
vt 0.268006 1.000000
vt 0.268006 0.500000
vt 0.266006 1.000000
vt 0.266006 0.500000
vt 0.264006 1.000000
vt 0.264006 0.500000
vt 0.262006 1.000000
vt 0.262006 0.500000
vt 0.260006 1.000000
vt 0.260006 0.500000
vt 0.258006 1.000000
vt 0.258006 0.500000
vt 0.256006 1.000000
vt 0.256006 0.500000
vt 0.254006 1.000000
vt 0.254006 0.500000
vt 0.252006 1.000000
vt 0.252006 0.500000
vt 0.250006 1.000000
vt 0.250006 0.500000
vt 0.248006 1.000000
vt 0.248006 0.500000
vt 0.246006 1.000000
vt 0.246006 0.500000
vt 0.244006 1.000000
vt 0.244006 0.500000
vt 0.242006 1.000000
vt 0.242006 0.500000
vt 0.240006 1.000000
vt 0.240006 0.500000
vt 0.238006 1.000000
vt 0.238006 0.500000
vt 0.236006 1.000000
vt 0.236006 0.500000
vt 0.234006 1.000000
vt 0.234006 0.500000
vt 0.232006 1.000000
vt 0.232006 0.500000
vt 0.230006 1.000000
vt 0.230006 0.500000
vt 0.228006 1.000000
vt 0.228006 0.500000
vt 0.226006 1.000000
vt 0.226006 0.500000
vt 0.224006 1.000000
vt 0.224006 0.500000
vt 0.222006 1.000000
vt 0.222006 0.500000
vt 0.220006 1.000000
vt 0.220006 0.500000
vt 0.218006 1.000000
vt 0.218006 0.500000
vt 0.216006 1.000000
vt 0.216006 0.500000
vt 0.214006 1.000000
vt 0.214006 0.500000
vt 0.212006 1.000000
vt 0.212006 0.500000
vt 0.210006 1.000000
vt 0.210006 0.500000
vt 0.208006 1.000000
vt 0.208006 0.500000
vt 0.206006 1.000000
vt 0.206006 0.500000
vt 0.204006 1.000000
vt 0.204006 0.500000
vt 0.202006 1.000000
vt 0.202006 0.500000
vt 0.200006 1.000000
vt 0.200006 0.500000
vt 0.198006 1.000000
vt 0.198006 0.500000
vt 0.196006 1.000000
vt 0.196006 0.500000
vt 0.194006 1.000000
vt 0.194006 0.500000
vt 0.192006 1.000000
vt 0.192006 0.500000
vt 0.190006 1.000000
vt 0.190006 0.500000
vt 0.188006 1.000000
vt 0.188006 0.500000
vt 0.186006 1.000000
vt 0.186006 0.500000
vt 0.184006 1.000000
vt 0.184006 0.500000
vt 0.182006 1.000000
vt 0.182006 0.500000
vt 0.180006 1.000000
vt 0.180006 0.500000
vt 0.178006 1.000000
vt 0.178006 0.500000
vt 0.176006 1.000000
vt 0.176006 0.500000
vt 0.174006 1.000000
vt 0.174006 0.500000
vt 0.172006 1.000000
vt 0.172006 0.500000
vt 0.170006 1.000000
vt 0.170006 0.500000
vt 0.168006 1.000000
vt 0.168006 0.500000
vt 0.166006 1.000000
vt 0.166006 0.500000
vt 0.164006 1.000000
vt 0.164006 0.500000
vt 0.162006 1.000000
vt 0.162006 0.500000
vt 0.160006 1.000000
vt 0.160006 0.500000
vt 0.158006 1.000000
vt 0.158006 0.500000
vt 0.156006 1.000000
vt 0.156006 0.500000
vt 0.154006 1.000000
vt 0.154006 0.500000
vt 0.152006 1.000000
vt 0.152006 0.500000
vt 0.150006 1.000000
vt 0.150006 0.500000
vt 0.148006 1.000000
vt 0.148006 0.500000
vt 0.146006 1.000000
vt 0.146006 0.500000
vt 0.144006 1.000000
vt 0.144006 0.500000
vt 0.142006 1.000000
vt 0.142006 0.500000
vt 0.140006 1.000000
vt 0.140006 0.500000
vt 0.138006 1.000000
vt 0.138006 0.500000
vt 0.136006 1.000000
vt 0.136006 0.500000
vt 0.134006 1.000000
vt 0.134006 0.500000
vt 0.132006 1.000000
vt 0.132006 0.500000
vt 0.130006 1.000000
vt 0.130006 0.500000
vt 0.128006 1.000000
vt 0.128006 0.500000
vt 0.126006 1.000000
vt 0.126006 0.500000
vt 0.124006 1.000000
vt 0.124006 0.500000
vt 0.122006 1.000000
vt 0.122006 0.500000
vt 0.120006 1.000000
vt 0.120006 0.500000
vt 0.118006 1.000000
vt 0.118006 0.500000
vt 0.116006 1.000000
vt 0.116006 0.500000
vt 0.114006 1.000000
vt 0.114006 0.500000
vt 0.112006 1.000000
vt 0.112006 0.500000
vt 0.110006 1.000000
vt 0.110006 0.500000
vt 0.108006 1.000000
vt 0.108006 0.500000
vt 0.106006 1.000000
vt 0.106006 0.500000
vt 0.104006 1.000000
vt 0.104006 0.500000
vt 0.102006 1.000000
vt 0.102006 0.500000
vt 0.100006 1.000000
vt 0.100006 0.500000
vt 0.098006 1.000000
vt 0.098006 0.500000
vt 0.096006 1.000000
vt 0.096006 0.500000
vt 0.094006 1.000000
vt 0.094006 0.500000
vt 0.092006 1.000000
vt 0.092006 0.500000
vt 0.090006 1.000000
vt 0.090006 0.500000
vt 0.088006 1.000000
vt 0.088006 0.500000
vt 0.086006 1.000000
vt 0.086006 0.500000
vt 0.084006 1.000000
vt 0.084006 0.500000
vt 0.082006 1.000000
vt 0.082006 0.500000
vt 0.080006 1.000000
vt 0.080006 0.500000
vt 0.078006 1.000000
vt 0.078006 0.500000
vt 0.076006 1.000000
vt 0.076006 0.500000
vt 0.074006 1.000000
vt 0.074006 0.500000
vt 0.072006 1.000000
vt 0.072006 0.500000
vt 0.070006 1.000000
vt 0.070006 0.500000
vt 0.068006 1.000000
vt 0.068006 0.500000
vt 0.066006 1.000000
vt 0.066006 0.500000
vt 0.064006 1.000000
vt 0.064006 0.500000
vt 0.062006 1.000000
vt 0.062006 0.500000
vt 0.060006 1.000000
vt 0.060006 0.500000
vt 0.058006 1.000000
vt 0.058006 0.500000
vt 0.056006 1.000000
vt 0.056006 0.500000
vt 0.054006 1.000000
vt 0.054006 0.500000
vt 0.052006 1.000000
vt 0.052006 0.500000
vt 0.050006 1.000000
vt 0.050006 0.500000
vt 0.048006 1.000000
vt 0.048006 0.500000
vt 0.046006 1.000000
vt 0.046006 0.500000
vt 0.044006 1.000000
vt 0.044006 0.500000
vt 0.042006 1.000000
vt 0.042006 0.500000
vt 0.040006 1.000000
vt 0.040006 0.500000
vt 0.038006 1.000000
vt 0.038006 0.500000
vt 0.036006 1.000000
vt 0.036006 0.500000
vt 0.034006 1.000000
vt 0.034006 0.500000
vt 0.032006 1.000000
vt 0.032006 0.500000
vt 0.030006 1.000000
vt 0.030006 0.500000
vt 0.028006 1.000000
vt 0.028006 0.500000
vt 0.026006 1.000000
vt 0.026006 0.500000
vt 0.024006 1.000000
vt 0.024006 0.500000
vt 0.022006 1.000000
vt 0.022006 0.500000
vt 0.020006 1.000000
vt 0.020006 0.500000
vt 0.018006 1.000000
vt 0.018006 0.500000
vt 0.016006 1.000000
vt 0.016006 0.500000
vt 0.014006 1.000000
vt 0.014006 0.500000
vt 0.012006 1.000000
vt 0.012006 0.500000
vt 0.010006 1.000000
vt 0.010006 0.500000
vt 0.008006 1.000000
vt 0.008006 0.500000
vt 0.006006 1.000000
vt 0.006006 0.500000
vt 0.004006 1.000000
vt 0.004006 0.500000
vt 0.253016 0.489981
vt 0.250000 0.490000
vt 0.246984 0.489981
vt 0.243969 0.489924
vt 0.240954 0.489829
vt 0.237941 0.489697
vt 0.234930 0.489526
vt 0.231922 0.489318
vt 0.228916 0.489072
vt 0.225913 0.488788
vt 0.222914 0.488467
vt 0.219920 0.488108
vt 0.216930 0.487711
vt 0.213946 0.487276
vt 0.210967 0.486805
vt 0.207994 0.486295
vt 0.205028 0.485749
vt 0.202070 0.485165
vt 0.199118 0.484544
vt 0.196175 0.483886
vt 0.193240 0.483192
vt 0.190314 0.482460
vt 0.187398 0.481692
vt 0.184492 0.480887
vt 0.181595 0.480045
vt 0.178710 0.479167
vt 0.175836 0.478254
vt 0.172974 0.477304
vt 0.170123 0.476318
vt 0.167286 0.475296
vt 0.164461 0.474239
vt 0.161650 0.473146
vt 0.158853 0.472019
vt 0.156070 0.470856
vt 0.153302 0.469658
vt 0.150550 0.468425
vt 0.147813 0.467158
vt 0.145092 0.465857
vt 0.142388 0.464522
vt 0.139701 0.463153
vt 0.137031 0.461750
vt 0.134379 0.460314
vt 0.131745 0.458844
vt 0.129130 0.457342
vt 0.126535 0.455806
vt 0.123958 0.454239
vt 0.121402 0.452639
vt 0.118865 0.451007
vt 0.116350 0.449343
vt 0.113855 0.447648
vt 0.111383 0.445921
vt 0.108932 0.444164
vt 0.106503 0.442376
vt 0.104097 0.440558
vt 0.101714 0.438709
vt 0.099354 0.436831
vt 0.097018 0.434923
vt 0.094707 0.432986
vt 0.092419 0.431020
vt 0.090157 0.429026
vt 0.087920 0.427003
vt 0.085709 0.424952
vt 0.083523 0.422874
vt 0.081364 0.420769
vt 0.079231 0.418636
vt 0.077126 0.416477
vt 0.075048 0.414291
vt 0.072997 0.412080
vt 0.070974 0.409843
vt 0.068980 0.407581
vt 0.067014 0.405293
vt 0.065077 0.402982
vt 0.063169 0.400646
vt 0.061291 0.398286
vt 0.059442 0.395903
vt 0.057624 0.393497
vt 0.055836 0.391068
vt 0.054079 0.388617
vt 0.052352 0.386145
vt 0.050657 0.383650
vt 0.048993 0.381135
vt 0.047361 0.378598
vt 0.045761 0.376042
vt 0.044194 0.373465
vt 0.042658 0.370870
vt 0.041156 0.368255
vt 0.039686 0.365621
vt 0.038250 0.362969
vt 0.036847 0.360299
vt 0.035478 0.357612
vt 0.034143 0.354908
vt 0.032842 0.352187
vt 0.031575 0.349450
vt 0.030342 0.346698
vt 0.029144 0.343930
vt 0.027981 0.341147
vt 0.026854 0.338350
vt 0.025761 0.335539
vt 0.024704 0.332714
vt 0.023682 0.329877
vt 0.022696 0.327026
vt 0.021746 0.324164
vt 0.020833 0.321290
vt 0.019955 0.318405
vt 0.019113 0.315508
vt 0.018308 0.312602
vt 0.017540 0.309686
vt 0.016808 0.306760
vt 0.016114 0.303825
vt 0.015456 0.300882
vt 0.014835 0.297930
vt 0.014251 0.294972
vt 0.013705 0.292006
vt 0.013195 0.289033
vt 0.012724 0.286054
vt 0.012289 0.283070
vt 0.011892 0.280080
vt 0.011533 0.277086
vt 0.011212 0.274087
vt 0.010928 0.271084
vt 0.010682 0.268078
vt 0.010474 0.265070
vt 0.010303 0.262059
vt 0.010171 0.259046
vt 0.010076 0.256031
vt 0.010019 0.253016
vt 0.010000 0.250000
vt 0.010019 0.246984
vt 0.010076 0.243969
vt 0.010171 0.240954
vt 0.010303 0.237941
vt 0.010474 0.234930
vt 0.010682 0.231922
vt 0.010928 0.228916
vt 0.011212 0.225913
vt 0.011533 0.222914
vt 0.011892 0.219920
vt 0.012289 0.216930
vt 0.012724 0.213946
vt 0.013195 0.210967
vt 0.013705 0.207994
vt 0.014251 0.205028
vt 0.014835 0.202070
vt 0.015456 0.199118
vt 0.016114 0.196175
vt 0.016808 0.193240
vt 0.017540 0.190314
vt 0.018308 0.187398
vt 0.019113 0.184492
vt 0.019955 0.181595
vt 0.020833 0.178710
vt 0.021746 0.175836
vt 0.022696 0.172974
vt 0.023682 0.170123
vt 0.024704 0.167286
vt 0.025761 0.164461
vt 0.026854 0.161650
vt 0.027981 0.158853
vt 0.029144 0.156070
vt 0.030342 0.153302
vt 0.031575 0.150550
vt 0.032842 0.147813
vt 0.034143 0.145092
vt 0.035478 0.142388
vt 0.036847 0.139701
vt 0.038250 0.137031
vt 0.039686 0.134379
vt 0.041156 0.131745
vt 0.042658 0.129130
vt 0.044194 0.126535
vt 0.045761 0.123958
vt 0.047361 0.121402
vt 0.048993 0.118865
vt 0.050657 0.116350
vt 0.052352 0.113855
vt 0.054079 0.111383
vt 0.055836 0.108932
vt 0.057624 0.106503
vt 0.059442 0.104097
vt 0.061291 0.101714
vt 0.063169 0.099354
vt 0.065077 0.097018
vt 0.067014 0.094707
vt 0.068980 0.092419
vt 0.070974 0.090157
vt 0.072997 0.087920
vt 0.075048 0.085709
vt 0.077126 0.083523
vt 0.079231 0.081364
vt 0.081364 0.079231
vt 0.083523 0.077126
vt 0.085709 0.075048
vt 0.087920 0.072997
vt 0.090157 0.070974
vt 0.092419 0.068980
vt 0.094707 0.067014
vt 0.097018 0.065077
vt 0.099354 0.063169
vt 0.101714 0.061291
vt 0.104097 0.059442
vt 0.106503 0.057624
vt 0.108932 0.055836
vt 0.111383 0.054079
vt 0.113855 0.052352
vt 0.116350 0.050657
vt 0.118865 0.048993
vt 0.121402 0.047361
vt 0.123958 0.045761
vt 0.126535 0.044194
vt 0.129130 0.042658
vt 0.131745 0.041156
vt 0.134379 0.039686
vt 0.137031 0.038250
vt 0.139701 0.036847
vt 0.142388 0.035478
vt 0.145092 0.034143
vt 0.147813 0.032842
vt 0.150550 0.031575
vt 0.153302 0.030342
vt 0.156070 0.029144
vt 0.158853 0.027981
vt 0.161650 0.026854
vt 0.164461 0.025761
vt 0.167286 0.024704
vt 0.170123 0.023682
vt 0.172974 0.022696
vt 0.175836 0.021746
vt 0.178710 0.020833
vt 0.181595 0.019955
vt 0.184492 0.019113
vt 0.187398 0.018308
vt 0.190314 0.017540
vt 0.193240 0.016808
vt 0.196175 0.016114
vt 0.199118 0.015456
vt 0.202070 0.014835
vt 0.205028 0.014251
vt 0.207994 0.013705
vt 0.210967 0.013195
vt 0.213946 0.012724
vt 0.216930 0.012289
vt 0.219920 0.011892
vt 0.222914 0.011533
vt 0.225913 0.011212
vt 0.228916 0.010928
vt 0.231922 0.010682
vt 0.234930 0.010474
vt 0.237941 0.010303
vt 0.240954 0.010171
vt 0.243969 0.010076
vt 0.246984 0.010019
vt 0.250000 0.010000
vt 0.253016 0.010019
vt 0.256031 0.010076
vt 0.259046 0.010171
vt 0.262059 0.010303
vt 0.265070 0.010474
vt 0.268078 0.010682
vt 0.271084 0.010928
vt 0.274087 0.011212
vt 0.277086 0.011533
vt 0.280080 0.011892
vt 0.283070 0.012289
vt 0.286054 0.012724
vt 0.289033 0.013195
vt 0.292006 0.013705
vt 0.294972 0.014251
vt 0.297930 0.014835
vt 0.300882 0.015456
vt 0.303825 0.016114
vt 0.306760 0.016808
vt 0.309686 0.017540
vt 0.312602 0.018308
vt 0.315508 0.019113
vt 0.318405 0.019955
vt 0.321290 0.020833
vt 0.324164 0.021746
vt 0.327026 0.022696
vt 0.329877 0.023682
vt 0.332714 0.024704
vt 0.335539 0.025761
vt 0.338350 0.026854
vt 0.341147 0.027981
vt 0.343930 0.029144
vt 0.346698 0.030342
vt 0.349450 0.031575
vt 0.352187 0.032842
vt 0.354908 0.034143
vt 0.357612 0.035478
vt 0.360299 0.036847
vt 0.362969 0.038250
vt 0.365621 0.039686
vt 0.368255 0.041156
vt 0.370870 0.042658
vt 0.373465 0.044194
vt 0.376042 0.045761
vt 0.378598 0.047361
vt 0.381135 0.048993
vt 0.383650 0.050657
vt 0.386145 0.052352
vt 0.388617 0.054079
vt 0.391068 0.055836
vt 0.393497 0.057624
vt 0.395903 0.059442
vt 0.398286 0.061291
vt 0.400646 0.063169
vt 0.402982 0.065077
vt 0.405293 0.067014
vt 0.407581 0.068980
vt 0.409843 0.070974
vt 0.412080 0.072997
vt 0.414291 0.075048
vt 0.416477 0.077126
vt 0.418636 0.079231
vt 0.420769 0.081364
vt 0.422874 0.083523
vt 0.424952 0.085709
vt 0.427003 0.087920
vt 0.429026 0.090157
vt 0.431020 0.092419
vt 0.432986 0.094707
vt 0.434923 0.097018
vt 0.436831 0.099354
vt 0.438709 0.101714
vt 0.440558 0.104097
vt 0.442376 0.106503
vt 0.444164 0.108932
vt 0.445921 0.111383
vt 0.447648 0.113855
vt 0.449343 0.116350
vt 0.451007 0.118865
vt 0.452639 0.121402
vt 0.454239 0.123958
vt 0.455806 0.126535
vt 0.457342 0.129130
vt 0.458844 0.131745
vt 0.460314 0.134379
vt 0.461750 0.137031
vt 0.463153 0.139701
vt 0.464522 0.142388
vt 0.465857 0.145092
vt 0.467158 0.147813
vt 0.468425 0.150550
vt 0.469658 0.153302
vt 0.470856 0.156070
vt 0.472019 0.158853
vt 0.473146 0.161650
vt 0.474239 0.164461
vt 0.475296 0.167286
vt 0.476318 0.170123
vt 0.477304 0.172974
vt 0.478254 0.175836
vt 0.479167 0.178710
vt 0.480045 0.181595
vt 0.480887 0.184492
vt 0.481692 0.187398
vt 0.482460 0.190314
vt 0.483192 0.193240
vt 0.483886 0.196175
vt 0.484544 0.199118
vt 0.485165 0.202070
vt 0.485749 0.205028
vt 0.486295 0.207994
vt 0.486805 0.210967
vt 0.487276 0.213946
vt 0.487711 0.216930
vt 0.488108 0.219920
vt 0.488467 0.222914
vt 0.488788 0.225913
vt 0.489072 0.228916
vt 0.489318 0.231922
vt 0.489526 0.234930
vt 0.489697 0.237941
vt 0.489829 0.240954
vt 0.489924 0.243969
vt 0.489981 0.246984
vt 0.490000 0.250000
vt 0.489981 0.253016
vt 0.489924 0.256031
vt 0.489829 0.259046
vt 0.489697 0.262059
vt 0.489526 0.265070
vt 0.489318 0.268078
vt 0.489072 0.271084
vt 0.488788 0.274087
vt 0.488467 0.277086
vt 0.488108 0.280080
vt 0.487711 0.283070
vt 0.487276 0.286054
vt 0.486805 0.289033
vt 0.486295 0.292006
vt 0.485749 0.294972
vt 0.485165 0.297930
vt 0.484544 0.300882
vt 0.483886 0.303825
vt 0.483192 0.306760
vt 0.482460 0.309686
vt 0.481692 0.312602
vt 0.480887 0.315508
vt 0.480045 0.318405
vt 0.479167 0.321290
vt 0.478254 0.324164
vt 0.477304 0.327026
vt 0.476318 0.329877
vt 0.475296 0.332714
vt 0.474239 0.335539
vt 0.473146 0.338350
vt 0.472019 0.341147
vt 0.470856 0.343930
vt 0.469658 0.346698
vt 0.468425 0.349450
vt 0.467158 0.352187
vt 0.465857 0.354908
vt 0.464522 0.357612
vt 0.463153 0.360299
vt 0.461750 0.362969
vt 0.460314 0.365621
vt 0.458844 0.368255
vt 0.457342 0.370870
vt 0.455806 0.373465
vt 0.454239 0.376042
vt 0.452639 0.378598
vt 0.451007 0.381135
vt 0.449343 0.383650
vt 0.447648 0.386145
vt 0.445921 0.388617
vt 0.444164 0.391068
vt 0.442376 0.393497
vt 0.440558 0.395903
vt 0.438709 0.398286
vt 0.436831 0.400646
vt 0.434923 0.402982
vt 0.432986 0.405293
vt 0.431020 0.407581
vt 0.429026 0.409843
vt 0.427003 0.412080
vt 0.424952 0.414291
vt 0.422874 0.416477
vt 0.420769 0.418636
vt 0.418636 0.420769
vt 0.416477 0.422874
vt 0.414291 0.424952
vt 0.412080 0.427003
vt 0.409843 0.429026
vt 0.407581 0.431020
vt 0.405293 0.432986
vt 0.402982 0.434923
vt 0.400646 0.436831
vt 0.398286 0.438709
vt 0.395903 0.440558
vt 0.393497 0.442376
vt 0.391068 0.444164
vt 0.388617 0.445921
vt 0.386145 0.447648
vt 0.383650 0.449343
vt 0.381135 0.451007
vt 0.378598 0.452639
vt 0.376042 0.454239
vt 0.373465 0.455806
vt 0.370870 0.457342
vt 0.368255 0.458844
vt 0.365621 0.460314
vt 0.362969 0.461750
vt 0.360299 0.463153
vt 0.357612 0.464522
vt 0.354908 0.465857
vt 0.352187 0.467158
vt 0.349450 0.468425
vt 0.346698 0.469658
vt 0.343930 0.470856
vt 0.341147 0.472019
vt 0.338350 0.473146
vt 0.335539 0.474239
vt 0.332714 0.475296
vt 0.329877 0.476318
vt 0.327026 0.477304
vt 0.324164 0.478254
vt 0.321290 0.479167
vt 0.318405 0.480045
vt 0.315508 0.480887
vt 0.312602 0.481692
vt 0.309686 0.482460
vt 0.306760 0.483192
vt 0.303825 0.483886
vt 0.300882 0.484544
vt 0.297930 0.485165
vt 0.294972 0.485749
vt 0.292006 0.486295
vt 0.289033 0.486805
vt 0.286054 0.487276
vt 0.283070 0.487711
vt 0.280080 0.488108
vt 0.277086 0.488467
vt 0.274087 0.488788
vt 0.271084 0.489072
vt 0.268078 0.489318
vt 0.265070 0.489526
vt 0.262059 0.489697
vt 0.259046 0.489829
vt 0.256031 0.489924
vt 0.002006 1.000000
vt 0.002006 0.500000
vt 0.000006 1.000000
vt 0.000006 0.500000
vt 0.750000 0.490000
vt 0.753016 0.489981
vt 0.756031 0.489924
vt 0.759046 0.489829
vt 0.762059 0.489697
vt 0.765070 0.489526
vt 0.768078 0.489318
vt 0.771084 0.489072
vt 0.774087 0.488788
vt 0.777086 0.488467
vt 0.780080 0.488108
vt 0.783070 0.487711
vt 0.786054 0.487276
vt 0.789033 0.486805
vt 0.792006 0.486295
vt 0.794972 0.485749
vt 0.797930 0.485165
vt 0.800882 0.484544
vt 0.803825 0.483886
vt 0.806760 0.483192
vt 0.809686 0.482460
vt 0.812602 0.481692
vt 0.815508 0.480887
vt 0.818405 0.480045
vt 0.821290 0.479167
vt 0.824164 0.478254
vt 0.827026 0.477304
vt 0.829877 0.476318
vt 0.832714 0.475296
vt 0.835539 0.474239
vt 0.838350 0.473146
vt 0.841147 0.472019
vt 0.843930 0.470856
vt 0.846698 0.469658
vt 0.849450 0.468425
vt 0.852187 0.467158
vt 0.854908 0.465857
vt 0.857612 0.464522
vt 0.860299 0.463153
vt 0.862969 0.461750
vt 0.865621 0.460314
vt 0.868255 0.458844
vt 0.870870 0.457342
vt 0.873465 0.455806
vt 0.876042 0.454239
vt 0.878598 0.452639
vt 0.881135 0.451007
vt 0.883650 0.449343
vt 0.886145 0.447648
vt 0.888617 0.445921
vt 0.891068 0.444164
vt 0.893497 0.442376
vt 0.895903 0.440558
vt 0.898286 0.438709
vt 0.900646 0.436831
vt 0.902982 0.434923
vt 0.905293 0.432986
vt 0.907581 0.431020
vt 0.909843 0.429026
vt 0.912080 0.427003
vt 0.914291 0.424952
vt 0.916477 0.422874
vt 0.918636 0.420769
vt 0.920769 0.418636
vt 0.922874 0.416477
vt 0.924952 0.414291
vt 0.927003 0.412080
vt 0.929026 0.409843
vt 0.931020 0.407581
vt 0.932986 0.405293
vt 0.934923 0.402982
vt 0.936831 0.400646
vt 0.938709 0.398286
vt 0.940558 0.395903
vt 0.942376 0.393497
vt 0.944164 0.391068
vt 0.945921 0.388617
vt 0.947648 0.386145
vt 0.949343 0.383650
vt 0.951007 0.381135
vt 0.952639 0.378598
vt 0.954239 0.376042
vt 0.955806 0.373465
vt 0.957342 0.370870
vt 0.958844 0.368255
vt 0.960314 0.365621
vt 0.961750 0.362969
vt 0.963153 0.360299
vt 0.964522 0.357612
vt 0.965857 0.354908
vt 0.967158 0.352187
vt 0.968425 0.349450
vt 0.969658 0.346698
vt 0.970856 0.343930
vt 0.972019 0.341147
vt 0.973146 0.338350
vt 0.974239 0.335539
vt 0.975296 0.332714
vt 0.976318 0.329877
vt 0.977304 0.327026
vt 0.978254 0.324164
vt 0.979167 0.321290
vt 0.980045 0.318405
vt 0.980887 0.315508
vt 0.981692 0.312602
vt 0.982460 0.309686
vt 0.983192 0.306760
vt 0.983886 0.303825
vt 0.984544 0.300882
vt 0.985165 0.297930
vt 0.985749 0.294972
vt 0.986295 0.292006
vt 0.986805 0.289033
vt 0.987276 0.286054
vt 0.987711 0.283070
vt 0.988108 0.280080
vt 0.988467 0.277086
vt 0.988788 0.274087
vt 0.989072 0.271084
vt 0.989318 0.268078
vt 0.989526 0.265070
vt 0.989697 0.262059
vt 0.989829 0.259046
vt 0.989924 0.256031
vt 0.989981 0.253016
vt 0.990000 0.250000
vt 0.989981 0.246984
vt 0.989924 0.243969
vt 0.989829 0.240954
vt 0.989697 0.237941
vt 0.989526 0.234930
vt 0.989318 0.231922
vt 0.989072 0.228916
vt 0.988788 0.225913
vt 0.988467 0.222914
vt 0.988108 0.219920
vt 0.987711 0.216930
vt 0.987276 0.213946
vt 0.986805 0.210967
vt 0.986295 0.207994
vt 0.985749 0.205028
vt 0.985165 0.202070
vt 0.984544 0.199118
vt 0.983886 0.196175
vt 0.983192 0.193240
vt 0.982460 0.190314
vt 0.981692 0.187398
vt 0.980887 0.184492
vt 0.980045 0.181595
vt 0.979167 0.178710
vt 0.978254 0.175836
vt 0.977304 0.172974
vt 0.976318 0.170123
vt 0.975296 0.167286
vt 0.974239 0.164461
vt 0.973146 0.161650
vt 0.972019 0.158853
vt 0.970856 0.156070
vt 0.969658 0.153302
vt 0.968425 0.150550
vt 0.967158 0.147813
vt 0.965857 0.145092
vt 0.964522 0.142388
vt 0.963153 0.139701
vt 0.961750 0.137031
vt 0.960314 0.134379
vt 0.958844 0.131745
vt 0.957342 0.129130
vt 0.955806 0.126535
vt 0.954239 0.123958
vt 0.952639 0.121402
vt 0.951007 0.118865
vt 0.949343 0.116350
vt 0.947648 0.113855
vt 0.945921 0.111383
vt 0.944164 0.108932
vt 0.942376 0.106503
vt 0.940558 0.104097
vt 0.938709 0.101714
vt 0.936831 0.099354
vt 0.934923 0.097018
vt 0.932986 0.094707
vt 0.931020 0.092419
vt 0.929026 0.090157
vt 0.927003 0.087920
vt 0.924952 0.085709
vt 0.922874 0.083523
vt 0.920769 0.081364
vt 0.918636 0.079231
vt 0.916477 0.077126
vt 0.914291 0.075048
vt 0.912080 0.072997
vt 0.909843 0.070974
vt 0.907581 0.068980
vt 0.905293 0.067014
vt 0.902982 0.065077
vt 0.900646 0.063169
vt 0.898286 0.061291
vt 0.895903 0.059442
vt 0.893497 0.057624
vt 0.891068 0.055836
vt 0.888617 0.054079
vt 0.886145 0.052352
vt 0.883650 0.050657
vt 0.881135 0.048993
vt 0.878598 0.047361
vt 0.876042 0.045761
vt 0.873465 0.044194
vt 0.870870 0.042658
vt 0.868255 0.041156
vt 0.865621 0.039686
vt 0.862969 0.038250
vt 0.860299 0.036847
vt 0.857612 0.035478
vt 0.854908 0.034143
vt 0.852187 0.032842
vt 0.849450 0.031575
vt 0.846698 0.030342
vt 0.843930 0.029144
vt 0.841147 0.027981
vt 0.838350 0.026854
vt 0.835539 0.025761
vt 0.832714 0.024704
vt 0.829877 0.023682
vt 0.827026 0.022696
vt 0.824164 0.021746
vt 0.821290 0.020833
vt 0.818405 0.019955
vt 0.815508 0.019113
vt 0.812602 0.018308
vt 0.809686 0.017540
vt 0.806760 0.016808
vt 0.803825 0.016114
vt 0.800882 0.015456
vt 0.797930 0.014835
vt 0.794972 0.014251
vt 0.792006 0.013705
vt 0.789033 0.013195
vt 0.786054 0.012724
vt 0.783070 0.012289
vt 0.780080 0.011892
vt 0.777086 0.011533
vt 0.774087 0.011212
vt 0.771084 0.010928
vt 0.768078 0.010682
vt 0.765070 0.010474
vt 0.762059 0.010303
vt 0.759046 0.010171
vt 0.756031 0.010076
vt 0.753016 0.010019
vt 0.750000 0.010000
vt 0.746984 0.010019
vt 0.743969 0.010076
vt 0.740954 0.010171
vt 0.737941 0.010303
vt 0.734930 0.010474
vt 0.731922 0.010682
vt 0.728916 0.010928
vt 0.725913 0.011212
vt 0.722914 0.011533
vt 0.719920 0.011892
vt 0.716930 0.012289
vt 0.713946 0.012724
vt 0.710967 0.013195
vt 0.707994 0.013705
vt 0.705028 0.014251
vt 0.702070 0.014835
vt 0.699118 0.015456
vt 0.696175 0.016114
vt 0.693240 0.016808
vt 0.690314 0.017540
vt 0.687398 0.018308
vt 0.684492 0.019113
vt 0.681595 0.019955
vt 0.678710 0.020833
vt 0.675836 0.021746
vt 0.672974 0.022696
vt 0.670123 0.023682
vt 0.667286 0.024704
vt 0.664461 0.025761
vt 0.661650 0.026854
vt 0.658853 0.027981
vt 0.656070 0.029144
vt 0.653302 0.030342
vt 0.650550 0.031575
vt 0.647813 0.032842
vt 0.645092 0.034143
vt 0.642388 0.035478
vt 0.639701 0.036847
vt 0.637031 0.038250
vt 0.634379 0.039686
vt 0.631745 0.041156
vt 0.629130 0.042658
vt 0.626535 0.044194
vt 0.623958 0.045761
vt 0.621402 0.047361
vt 0.618865 0.048993
vt 0.616350 0.050657
vt 0.613855 0.052352
vt 0.611383 0.054079
vt 0.608932 0.055836
vt 0.606503 0.057624
vt 0.604097 0.059442
vt 0.601714 0.061291
vt 0.599354 0.063169
vt 0.597018 0.065077
vt 0.594707 0.067014
vt 0.592419 0.068980
vt 0.590157 0.070974
vt 0.587920 0.072997
vt 0.585709 0.075048
vt 0.583523 0.077126
vt 0.581364 0.079231
vt 0.579231 0.081364
vt 0.577126 0.083523
vt 0.575048 0.085709
vt 0.572997 0.087920
vt 0.570974 0.090157
vt 0.568980 0.092419
vt 0.567014 0.094707
vt 0.565077 0.097018
vt 0.563169 0.099354
vt 0.561291 0.101714
vt 0.559442 0.104097
vt 0.557624 0.106503
vt 0.555836 0.108932
vt 0.554079 0.111383
vt 0.552352 0.113855
vt 0.550657 0.116350
vt 0.548993 0.118865
vt 0.547361 0.121402
vt 0.545761 0.123958
vt 0.544194 0.126535
vt 0.542658 0.129130
vt 0.541156 0.131745
vt 0.539686 0.134379
vt 0.538250 0.137031
vt 0.536847 0.139701
vt 0.535478 0.142388
vt 0.534143 0.145092
vt 0.532842 0.147813
vt 0.531575 0.150550
vt 0.530342 0.153302
vt 0.529144 0.156070
vt 0.527981 0.158853
vt 0.526854 0.161650
vt 0.525761 0.164461
vt 0.524704 0.167286
vt 0.523682 0.170123
vt 0.522696 0.172974
vt 0.521746 0.175836
vt 0.520833 0.178710
vt 0.519955 0.181595
vt 0.519113 0.184492
vt 0.518308 0.187398
vt 0.517540 0.190314
vt 0.516808 0.193240
vt 0.516114 0.196175
vt 0.515456 0.199118
vt 0.514835 0.202070
vt 0.514251 0.205028
vt 0.513705 0.207994
vt 0.513195 0.210967
vt 0.512724 0.213946
vt 0.512289 0.216930
vt 0.511892 0.219920
vt 0.511533 0.222914
vt 0.511212 0.225913
vt 0.510928 0.228916
vt 0.510682 0.231922
vt 0.510474 0.234930
vt 0.510303 0.237941
vt 0.510171 0.240954
vt 0.510076 0.243969
vt 0.510019 0.246984
vt 0.510000 0.250000
vt 0.510019 0.253016
vt 0.510076 0.256031
vt 0.510171 0.259046
vt 0.510303 0.262059
vt 0.510474 0.265070
vt 0.510682 0.268078
vt 0.510928 0.271084
vt 0.511212 0.274087
vt 0.511533 0.277086
vt 0.511892 0.280080
vt 0.512289 0.283070
vt 0.512724 0.286054
vt 0.513195 0.289033
vt 0.513705 0.292006
vt 0.514251 0.294972
vt 0.514835 0.297930
vt 0.515456 0.300882
vt 0.516114 0.303825
vt 0.516808 0.306760
vt 0.517540 0.309686
vt 0.518308 0.312602
vt 0.519113 0.315508
vt 0.519955 0.318405
vt 0.520833 0.321290
vt 0.521746 0.324164
vt 0.522696 0.327026
vt 0.523682 0.329877
vt 0.524704 0.332714
vt 0.525761 0.335539
vt 0.526854 0.338350
vt 0.527981 0.341147
vt 0.529144 0.343930
vt 0.530342 0.346698
vt 0.531575 0.349450
vt 0.532842 0.352187
vt 0.534143 0.354908
vt 0.535478 0.357612
vt 0.536847 0.360299
vt 0.538250 0.362969
vt 0.539686 0.365621
vt 0.541156 0.368255
vt 0.542658 0.370870
vt 0.544194 0.373465
vt 0.545761 0.376042
vt 0.547361 0.378598
vt 0.548993 0.381135
vt 0.550657 0.383650
vt 0.552352 0.386145
vt 0.554079 0.388617
vt 0.555836 0.391068
vt 0.557624 0.393497
vt 0.559442 0.395903
vt 0.561291 0.398286
vt 0.563169 0.400646
vt 0.565077 0.402982
vt 0.567014 0.405293
vt 0.568980 0.407581
vt 0.570974 0.409843
vt 0.572997 0.412080
vt 0.575048 0.414291
vt 0.577126 0.416477
vt 0.579231 0.418636
vt 0.581364 0.420769
vt 0.583523 0.422874
vt 0.585709 0.424952
vt 0.587920 0.427003
vt 0.590157 0.429026
vt 0.592419 0.431020
vt 0.594707 0.432986
vt 0.597018 0.434923
vt 0.599354 0.436831
vt 0.601714 0.438709
vt 0.604097 0.440558
vt 0.606503 0.442376
vt 0.608932 0.444164
vt 0.611383 0.445921
vt 0.613855 0.447648
vt 0.616350 0.449343
vt 0.618865 0.451007
vt 0.621402 0.452639
vt 0.623958 0.454239
vt 0.626535 0.455806
vt 0.629130 0.457342
vt 0.631745 0.458844
vt 0.634379 0.460314
vt 0.637031 0.461750
vt 0.639701 0.463153
vt 0.642388 0.464522
vt 0.645092 0.465857
vt 0.647813 0.467158
vt 0.650550 0.468425
vt 0.653302 0.469658
vt 0.656070 0.470856
vt 0.658853 0.472019
vt 0.661650 0.473146
vt 0.664461 0.474239
vt 0.667286 0.475296
vt 0.670123 0.476318
vt 0.672974 0.477304
vt 0.675836 0.478254
vt 0.678710 0.479167
vt 0.681595 0.480045
vt 0.684492 0.480887
vt 0.687398 0.481692
vt 0.690314 0.482460
vt 0.693240 0.483192
vt 0.696175 0.483886
vt 0.699118 0.484544
vt 0.702070 0.485165
vt 0.705028 0.485749
vt 0.707994 0.486295
vt 0.710967 0.486805
vt 0.713946 0.487276
vt 0.716930 0.487711
vt 0.719920 0.488108
vt 0.722914 0.488467
vt 0.725913 0.488788
vt 0.728916 0.489072
vt 0.731922 0.489318
vt 0.734930 0.489526
vt 0.737941 0.489697
vt 0.740954 0.489829
vt 0.743969 0.489924
vt 0.746984 0.489981
s 0
f 71/85/11 72/86/11 74/87/11 73/88/11
f 73/88/12 74/87/12 76/89/12 75/90/12
f 75/90/13 76/89/13 78/91/13 77/92/13
f 77/92/14 78/91/14 80/93/14 79/94/14
f 79/94/15 80/93/15 82/95/15 81/96/15
f 81/96/16 82/95/16 84/97/16 83/98/16
f 83/98/17 84/97/17 86/99/17 85/100/17
f 85/100/18 86/99/18 88/101/18 87/102/18
f 87/102/19 88/101/19 90/103/19 89/104/19
f 89/104/20 90/103/20 92/105/20 91/106/20
f 91/106/21 92/105/21 94/107/21 93/108/21
f 93/108/22 94/107/22 96/109/22 95/110/22
f 95/110/23 96/109/23 98/111/23 97/112/23
f 97/112/24 98/111/24 100/113/24 99/114/24
f 99/114/25 100/113/25 102/115/25 101/116/25
f 101/116/26 102/115/26 104/117/26 103/118/26
f 103/118/27 104/117/27 106/119/27 105/120/27
f 105/120/28 106/119/28 108/121/28 107/122/28
f 107/122/29 108/121/29 110/123/29 109/124/29
f 109/124/30 110/123/30 112/125/30 111/126/30
f 111/126/31 112/125/31 114/127/31 113/128/31
f 113/128/32 114/127/32 116/129/32 115/130/32
f 115/130/33 116/129/33 118/131/33 117/132/33
f 117/132/34 118/131/34 120/133/34 119/134/34
f 119/134/35 120/133/35 122/135/35 121/136/35
f 121/136/36 122/135/36 124/137/36 123/138/36
f 123/138/37 124/137/37 126/139/37 125/140/37
f 125/140/38 126/139/38 128/141/38 127/142/38
f 127/142/39 128/141/39 130/143/39 129/144/39
f 129/144/40 130/143/40 132/145/40 131/146/40
f 131/146/41 132/145/41 134/147/41 133/148/41
f 133/148/42 134/147/42 136/149/42 135/150/42
f 135/150/43 136/149/43 138/151/43 137/152/43
f 137/152/44 138/151/44 140/153/44 139/154/44
f 139/154/45 140/153/45 142/155/45 141/156/45
f 141/156/46 142/155/46 144/157/46 143/158/46
f 143/158/47 144/157/47 146/159/47 145/160/47
f 145/160/48 146/159/48 148/161/48 147/162/48
f 147/162/49 148/161/49 150/163/49 149/164/49
f 149/164/50 150/163/50 152/165/50 151/166/50
f 151/166/51 152/165/51 154/167/51 153/168/51
f 153/168/52 154/167/52 156/169/52 155/170/52
f 155/170/53 156/169/53 158/171/53 157/172/53
f 157/172/54 158/171/54 160/173/54 159/174/54
f 159/174/55 160/173/55 162/175/55 161/176/55
f 161/176/56 162/175/56 164/177/56 163/178/56
f 163/178/57 164/177/57 166/179/57 165/180/57
f 165/180/58 166/179/58 168/181/58 167/182/58
f 167/182/59 168/181/59 170/183/59 169/184/59
f 169/184/60 170/183/60 172/185/60 171/186/60
f 171/186/61 172/185/61 174/187/61 173/188/61
f 173/188/62 174/187/62 176/189/62 175/190/62
f 175/190/63 176/189/63 178/191/63 177/192/63
f 177/192/64 178/191/64 180/193/64 179/194/64
f 179/194/65 180/193/65 182/195/65 181/196/65
f 181/196/66 182/195/66 184/197/66 183/198/66
f 183/198/67 184/197/67 186/199/67 185/200/67
f 185/200/68 186/199/68 188/201/68 187/202/68
f 187/202/69 188/201/69 190/203/69 189/204/69
f 189/204/70 190/203/70 192/205/70 191/206/70
f 191/206/71 192/205/71 194/207/71 193/208/71
f 193/208/72 194/207/72 196/209/72 195/210/72
f 195/210/73 196/209/73 198/211/73 197/212/73
f 197/212/74 198/211/74 200/213/74 199/214/74
f 199/214/75 200/213/75 202/215/75 201/216/75
f 201/216/76 202/215/76 204/217/76 203/218/76
f 203/218/77 204/217/77 206/219/77 205/220/77
f 205/220/78 206/219/78 208/221/78 207/222/78
f 207/222/79 208/221/79 210/223/79 209/224/79
f 209/224/80 210/223/80 212/225/80 211/226/80
f 211/226/81 212/225/81 214/227/81 213/228/81
f 213/228/82 214/227/82 216/229/82 215/230/82
f 215/230/83 216/229/83 218/231/83 217/232/83
f 217/232/84 218/231/84 220/233/84 219/234/84
f 219/234/85 220/233/85 222/235/85 221/236/85
f 221/236/86 222/235/86 224/237/86 223/238/86
f 223/238/87 224/237/87 226/239/87 225/240/87
f 225/240/88 226/239/88 228/241/88 227/242/88
f 227/242/89 228/241/89 230/243/89 229/244/89
f 229/244/90 230/243/90 232/245/90 231/246/90
f 231/246/91 232/245/91 234/247/91 233/248/91
f 233/248/92 234/247/92 236/249/92 235/250/92
f 235/250/93 236/249/93 238/251/93 237/252/93
f 237/252/94 238/251/94 240/253/94 239/254/94
f 239/254/95 240/253/95 242/255/95 241/256/95
f 241/256/96 242/255/96 244/257/96 243/258/96
f 243/258/97 244/257/97 246/259/97 245/260/97
f 245/260/98 246/259/98 248/261/98 247/262/98
f 247/262/99 248/261/99 250/263/99 249/264/99
f 249/264/100 250/263/100 252/265/100 251/266/100
f 251/266/101 252/265/101 254/267/101 253/268/101
f 253/268/102 254/267/102 256/269/102 255/270/102
f 255/270/103 256/269/103 258/271/103 257/272/103
f 257/272/104 258/271/104 260/273/104 259/274/104
f 259/274/105 260/273/105 262/275/105 261/276/105
f 261/276/106 262/275/106 264/277/106 263/278/106
f 263/278/107 264/277/107 266/279/107 265/280/107
f 265/280/108 266/279/108 268/281/108 267/282/108
f 267/282/109 268/281/109 270/283/109 269/284/109
f 269/284/110 270/283/110 272/285/110 271/286/110
f 271/286/111 272/285/111 274/287/111 273/288/111
f 273/288/112 274/287/112 276/289/112 275/290/112
f 275/290/113 276/289/113 278/291/113 277/292/113
f 277/292/114 278/291/114 280/293/114 279/294/114
f 279/294/115 280/293/115 282/295/115 281/296/115
f 281/296/116 282/295/116 284/297/116 283/298/116
f 283/298/117 284/297/117 286/299/117 285/300/117
f 285/300/118 286/299/118 288/301/118 287/302/118
f 287/302/119 288/301/119 290/303/119 289/304/119
f 289/304/120 290/303/120 292/305/120 291/306/120
f 291/306/121 292/305/121 294/307/121 293/308/121
f 293/308/122 294/307/122 296/309/122 295/310/122
f 295/310/123 296/309/123 298/311/123 297/312/123
f 297/312/124 298/311/124 300/313/124 299/314/124
f 299/314/125 300/313/125 302/315/125 301/316/125
f 301/316/126 302/315/126 304/317/126 303/318/126
f 303/318/127 304/317/127 306/319/127 305/320/127
f 305/320/128 306/319/128 308/321/128 307/322/128
f 307/322/129 308/321/129 310/323/129 309/324/129
f 309/324/130 310/323/130 312/325/130 311/326/130
f 311/326/131 312/325/131 314/327/131 313/328/131
f 313/328/132 314/327/132 316/329/132 315/330/132
f 315/330/133 316/329/133 318/331/133 317/332/133
f 317/332/134 318/331/134 320/333/134 319/334/134
f 319/334/135 320/333/135 322/335/135 321/336/135
f 321/336/136 322/335/136 324/337/136 323/338/136
f 323/338/137 324/337/137 326/339/137 325/340/137
f 325/340/138 326/339/138 328/341/138 327/342/138
f 327/342/139 328/341/139 330/343/139 329/344/139
f 329/344/140 330/343/140 332/345/140 331/346/140
f 331/346/141 332/345/141 334/347/141 333/348/141
f 333/348/142 334/347/142 336/349/142 335/350/142
f 335/350/143 336/349/143 338/351/143 337/352/143
f 337/352/144 338/351/144 340/353/144 339/354/144
f 339/354/145 340/353/145 342/355/145 341/356/145
f 341/356/146 342/355/146 344/357/146 343/358/146
f 343/358/147 344/357/147 346/359/147 345/360/147
f 345/360/148 346/359/148 348/361/148 347/362/148
f 347/362/149 348/361/149 350/363/149 349/364/149
f 349/364/150 350/363/150 352/365/150 351/366/150
f 351/366/151 352/365/151 354/367/151 353/368/151
f 353/368/152 354/367/152 356/369/152 355/370/152
f 355/370/153 356/369/153 358/371/153 357/372/153
f 357/372/154 358/371/154 360/373/154 359/374/154
f 359/374/155 360/373/155 362/375/155 361/376/155
f 361/376/156 362/375/156 364/377/156 363/378/156
f 363/378/157 364/377/157 366/379/157 365/380/157
f 365/380/158 366/379/158 368/381/158 367/382/158
f 367/382/159 368/381/159 370/383/159 369/384/159
f 369/384/160 370/383/160 372/385/160 371/386/160
f 371/386/161 372/385/161 374/387/161 373/388/161
f 373/388/162 374/387/162 376/389/162 375/390/162
f 375/390/163 376/389/163 378/391/163 377/392/163
f 377/392/164 378/391/164 380/393/164 379/394/164
f 379/394/165 380/393/165 382/395/165 381/396/165
f 381/396/166 382/395/166 384/397/166 383/398/166
f 383/398/167 384/397/167 386/399/167 385/400/167
f 385/400/168 386/399/168 388/401/168 387/402/168
f 387/402/169 388/401/169 390/403/169 389/404/169
f 389/404/170 390/403/170 392/405/170 391/406/170
f 391/406/171 392/405/171 394/407/171 393/408/171
f 393/408/172 394/407/172 396/409/172 395/410/172
f 395/410/173 396/409/173 398/411/173 397/412/173
f 397/412/174 398/411/174 400/413/174 399/414/174
f 399/414/175 400/413/175 402/415/175 401/416/175
f 401/416/176 402/415/176 404/417/176 403/418/176
f 403/418/177 404/417/177 406/419/177 405/420/177
f 405/420/178 406/419/178 408/421/178 407/422/178
f 407/422/179 408/421/179 410/423/179 409/424/179
f 409/424/180 410/423/180 412/425/180 411/426/180
f 411/426/181 412/425/181 414/427/181 413/428/181
f 413/428/182 414/427/182 416/429/182 415/430/182
f 415/430/183 416/429/183 418/431/183 417/432/183
f 417/432/184 418/431/184 420/433/184 419/434/184
f 419/434/185 420/433/185 422/435/185 421/436/185
f 421/436/186 422/435/186 424/437/186 423/438/186
f 423/438/187 424/437/187 426/439/187 425/440/187
f 425/440/188 426/439/188 428/441/188 427/442/188
f 427/442/189 428/441/189 430/443/189 429/444/189
f 429/444/190 430/443/190 432/445/190 431/446/190
f 431/446/191 432/445/191 434/447/191 433/448/191
f 433/448/192 434/447/192 436/449/192 435/450/192
f 435/450/193 436/449/193 438/451/193 437/452/193
f 437/452/194 438/451/194 440/453/194 439/454/194
f 439/454/195 440/453/195 442/455/195 441/456/195
f 441/456/196 442/455/196 444/457/196 443/458/196
f 443/458/197 444/457/197 446/459/197 445/460/197
f 445/460/198 446/459/198 448/461/198 447/462/198
f 447/462/199 448/461/199 450/463/199 449/464/199
f 449/464/200 450/463/200 452/465/200 451/466/200
f 451/466/201 452/465/201 454/467/201 453/468/201
f 453/468/202 454/467/202 456/469/202 455/470/202
f 455/470/203 456/469/203 458/471/203 457/472/203
f 457/472/204 458/471/204 460/473/204 459/474/204
f 459/474/205 460/473/205 462/475/205 461/476/205
f 461/476/206 462/475/206 464/477/206 463/478/206
f 463/478/207 464/477/207 466/479/207 465/480/207
f 465/480/208 466/479/208 468/481/208 467/482/208
f 467/482/209 468/481/209 470/483/209 469/484/209
f 469/484/210 470/483/210 472/485/210 471/486/210
f 471/486/211 472/485/211 474/487/211 473/488/211
f 473/488/212 474/487/212 476/489/212 475/490/212
f 475/490/213 476/489/213 478/491/213 477/492/213
f 477/492/214 478/491/214 480/493/214 479/494/214
f 479/494/215 480/493/215 482/495/215 481/496/215
f 481/496/216 482/495/216 484/497/216 483/498/216
f 483/498/217 484/497/217 486/499/217 485/500/217
f 485/500/218 486/499/218 488/501/218 487/502/218
f 487/502/219 488/501/219 490/503/219 489/504/219
f 489/504/220 490/503/220 492/505/220 491/506/220
f 491/506/221 492/505/221 494/507/221 493/508/221
f 493/508/222 494/507/222 496/509/222 495/510/222
f 495/510/223 496/509/223 498/511/223 497/512/223
f 497/512/224 498/511/224 500/513/224 499/514/224
f 499/514/225 500/513/225 502/515/225 501/516/225
f 501/516/226 502/515/226 504/517/226 503/518/226
f 503/518/227 504/517/227 506/519/227 505/520/227
f 505/520/228 506/519/228 508/521/228 507/522/228
f 507/522/229 508/521/229 510/523/229 509/524/229
f 509/524/230 510/523/230 512/525/230 511/526/230
f 511/526/231 512/525/231 514/527/231 513/528/231
f 513/528/232 514/527/232 516/529/232 515/530/232
f 515/530/233 516/529/233 518/531/233 517/532/233
f 517/532/234 518/531/234 520/533/234 519/534/234
f 519/534/235 520/533/235 522/535/235 521/536/235
f 521/536/236 522/535/236 524/537/236 523/538/236
f 523/538/237 524/537/237 526/539/237 525/540/237
f 525/540/238 526/539/238 528/541/238 527/542/238
f 527/542/239 528/541/239 530/543/239 529/544/239
f 529/544/240 530/543/240 532/545/240 531/546/240
f 531/546/241 532/545/241 534/547/241 533/548/241
f 533/548/242 534/547/242 536/549/242 535/550/242
f 535/550/243 536/549/243 538/551/243 537/552/243
f 537/552/244 538/551/244 540/553/244 539/554/244
f 539/554/245 540/553/245 542/555/245 541/556/245
f 541/556/246 542/555/246 544/557/246 543/558/246
f 543/558/247 544/557/247 546/559/247 545/560/247
f 545/560/248 546/559/248 548/561/248 547/562/248
f 547/562/249 548/561/249 550/563/249 549/564/249
f 549/564/250 550/563/250 552/565/250 551/566/250
f 551/566/251 552/565/251 554/567/251 553/568/251
f 553/568/252 554/567/252 556/569/252 555/570/252
f 555/570/253 556/569/253 558/571/253 557/572/253
f 557/572/254 558/571/254 560/573/254 559/574/254
f 559/574/255 560/573/255 562/575/255 561/576/255
f 561/576/256 562/575/256 564/577/256 563/578/256
f 563/578/257 564/577/257 566/579/257 565/580/257
f 565/580/258 566/579/258 568/581/258 567/582/258
f 567/582/259 568/581/259 570/583/259 569/584/259
f 569/584/260 570/583/260 572/585/260 571/586/260
f 571/586/261 572/585/261 574/587/261 573/588/261
f 573/588/262 574/587/262 576/589/262 575/590/262
f 575/590/263 576/589/263 578/591/263 577/592/263
f 577/592/264 578/591/264 580/593/264 579/594/264
f 579/594/265 580/593/265 582/595/265 581/596/265
f 581/596/266 582/595/266 584/597/266 583/598/266
f 583/598/267 584/597/267 586/599/267 585/600/267
f 585/600/268 586/599/268 588/601/268 587/602/268
f 587/602/269 588/601/269 590/603/269 589/604/269
f 589/604/270 590/603/270 592/605/270 591/606/270
f 591/606/271 592/605/271 594/607/271 593/608/271
f 593/608/272 594/607/272 596/609/272 595/610/272
f 595/610/273 596/609/273 598/611/273 597/612/273
f 597/612/274 598/611/274 600/613/274 599/614/274
f 599/614/275 600/613/275 602/615/275 601/616/275
f 601/616/276 602/615/276 604/617/276 603/618/276
f 603/618/277 604/617/277 606/619/277 605/620/277
f 605/620/278 606/619/278 608/621/278 607/622/278
f 607/622/279 608/621/279 610/623/279 609/624/279
f 609/624/280 610/623/280 612/625/280 611/626/280
f 611/626/281 612/625/281 614/627/281 613/628/281
f 613/628/282 614/627/282 616/629/282 615/630/282
f 615/630/283 616/629/283 618/631/283 617/632/283
f 617/632/284 618/631/284 620/633/284 619/634/284
f 619/634/285 620/633/285 622/635/285 621/636/285
f 621/636/286 622/635/286 624/637/286 623/638/286
f 623/638/287 624/637/287 626/639/287 625/640/287
f 625/640/288 626/639/288 628/641/288 627/642/288
f 627/642/289 628/641/289 630/643/289 629/644/289
f 629/644/290 630/643/290 632/645/290 631/646/290
f 631/646/291 632/645/291 634/647/291 633/648/291
f 633/648/292 634/647/292 636/649/292 635/650/292
f 635/650/293 636/649/293 638/651/293 637/652/293
f 637/652/294 638/651/294 640/653/294 639/654/294
f 639/654/295 640/653/295 642/655/295 641/656/295
f 641/656/296 642/655/296 644/657/296 643/658/296
f 643/658/297 644/657/297 646/659/297 645/660/297
f 645/660/298 646/659/298 648/661/298 647/662/298
f 647/662/299 648/661/299 650/663/299 649/664/299
f 649/664/300 650/663/300 652/665/300 651/666/300
f 651/666/301 652/665/301 654/667/301 653/668/301
f 653/668/302 654/667/302 656/669/302 655/670/302
f 655/670/303 656/669/303 658/671/303 657/672/303
f 657/672/304 658/671/304 660/673/304 659/674/304
f 659/674/305 660/673/305 662/675/305 661/676/305
f 661/676/306 662/675/306 664/677/306 663/678/306
f 663/678/307 664/677/307 666/679/307 665/680/307
f 665/680/308 666/679/308 668/681/308 667/682/308
f 667/682/309 668/681/309 670/683/309 669/684/309
f 669/684/310 670/683/310 672/685/310 671/686/310
f 671/686/311 672/685/311 674/687/311 673/688/311
f 673/688/312 674/687/312 676/689/312 675/690/312
f 675/690/313 676/689/313 678/691/313 677/692/313
f 677/692/314 678/691/314 680/693/314 679/694/314
f 679/694/315 680/693/315 682/695/315 681/696/315
f 681/696/316 682/695/316 684/697/316 683/698/316
f 683/698/317 684/697/317 686/699/317 685/700/317
f 685/700/318 686/699/318 688/701/318 687/702/318
f 687/702/319 688/701/319 690/703/319 689/704/319
f 689/704/320 690/703/320 692/705/320 691/706/320
f 691/706/321 692/705/321 694/707/321 693/708/321
f 693/708/322 694/707/322 696/709/322 695/710/322
f 695/710/323 696/709/323 698/711/323 697/712/323
f 697/712/324 698/711/324 700/713/324 699/714/324
f 699/714/325 700/713/325 702/715/325 701/716/325
f 701/716/326 702/715/326 704/717/326 703/718/326
f 703/718/327 704/717/327 706/719/327 705/720/327
f 705/720/328 706/719/328 708/721/328 707/722/328
f 707/722/329 708/721/329 710/723/329 709/724/329
f 709/724/330 710/723/330 712/725/330 711/726/330
f 711/726/331 712/725/331 714/727/331 713/728/331
f 713/728/332 714/727/332 716/729/332 715/730/332
f 715/730/333 716/729/333 718/731/333 717/732/333
f 717/732/334 718/731/334 720/733/334 719/734/334
f 719/734/335 720/733/335 722/735/335 721/736/335
f 721/736/336 722/735/336 724/737/336 723/738/336
f 723/738/337 724/737/337 726/739/337 725/740/337
f 725/740/338 726/739/338 728/741/338 727/742/338
f 727/742/339 728/741/339 730/743/339 729/744/339
f 729/744/340 730/743/340 732/745/340 731/746/340
f 731/746/341 732/745/341 734/747/341 733/748/341
f 733/748/342 734/747/342 736/749/342 735/750/342
f 735/750/343 736/749/343 738/751/343 737/752/343
f 737/752/344 738/751/344 740/753/344 739/754/344
f 739/754/345 740/753/345 742/755/345 741/756/345
f 741/756/346 742/755/346 744/757/346 743/758/346
f 743/758/347 744/757/347 746/759/347 745/760/347
f 745/760/348 746/759/348 748/761/348 747/762/348
f 747/762/349 748/761/349 750/763/349 749/764/349
f 749/764/350 750/763/350 752/765/350 751/766/350
f 751/766/351 752/765/351 754/767/351 753/768/351
f 753/768/352 754/767/352 756/769/352 755/770/352
f 755/770/353 756/769/353 758/771/353 757/772/353
f 757/772/354 758/771/354 760/773/354 759/774/354
f 759/774/355 760/773/355 762/775/355 761/776/355
f 761/776/356 762/775/356 764/777/356 763/778/356
f 763/778/357 764/777/357 766/779/357 765/780/357
f 765/780/358 766/779/358 768/781/358 767/782/358
f 767/782/359 768/781/359 770/783/359 769/784/359
f 769/784/360 770/783/360 772/785/360 771/786/360
f 771/786/361 772/785/361 774/787/361 773/788/361
f 773/788/362 774/787/362 776/789/362 775/790/362
f 775/790/363 776/789/363 778/791/363 777/792/363
f 777/792/364 778/791/364 780/793/364 779/794/364
f 779/794/365 780/793/365 782/795/365 781/796/365
f 781/796/366 782/795/366 784/797/366 783/798/366
f 783/798/367 784/797/367 786/799/367 785/800/367
f 785/800/368 786/799/368 788/801/368 787/802/368
f 787/802/369 788/801/369 790/803/369 789/804/369
f 789/804/370 790/803/370 792/805/370 791/806/370
f 791/806/371 792/805/371 794/807/371 793/808/371
f 793/808/372 794/807/372 796/809/372 795/810/372
f 795/810/373 796/809/373 798/811/373 797/812/373
f 797/812/374 798/811/374 800/813/374 799/814/374
f 799/814/375 800/813/375 802/815/375 801/816/375
f 801/816/376 802/815/376 804/817/376 803/818/376
f 803/818/377 804/817/377 806/819/377 805/820/377
f 805/820/378 806/819/378 808/821/378 807/822/378
f 807/822/379 808/821/379 810/823/379 809/824/379
f 809/824/380 810/823/380 812/825/380 811/826/380
f 811/826/381 812/825/381 814/827/381 813/828/381
f 813/828/382 814/827/382 816/829/382 815/830/382
f 815/830/383 816/829/383 818/831/383 817/832/383
f 817/832/384 818/831/384 820/833/384 819/834/384
f 819/834/385 820/833/385 822/835/385 821/836/385
f 821/836/386 822/835/386 824/837/386 823/838/386
f 823/838/387 824/837/387 826/839/387 825/840/387
f 825/840/388 826/839/388 828/841/388 827/842/388
f 827/842/389 828/841/389 830/843/389 829/844/389
f 829/844/390 830/843/390 832/845/390 831/846/390
f 831/846/391 832/845/391 834/847/391 833/848/391
f 833/848/392 834/847/392 836/849/392 835/850/392
f 835/850/393 836/849/393 838/851/393 837/852/393
f 837/852/394 838/851/394 840/853/394 839/854/394
f 839/854/395 840/853/395 842/855/395 841/856/395
f 841/856/396 842/855/396 844/857/396 843/858/396
f 843/858/397 844/857/397 846/859/397 845/860/397
f 845/860/398 846/859/398 848/861/398 847/862/398
f 847/862/399 848/861/399 850/863/399 849/864/399
f 849/864/400 850/863/400 852/865/400 851/866/400
f 851/866/401 852/865/401 854/867/401 853/868/401
f 853/868/402 854/867/402 856/869/402 855/870/402
f 855/870/403 856/869/403 858/871/403 857/872/403
f 857/872/404 858/871/404 860/873/404 859/874/404
f 859/874/405 860/873/405 862/875/405 861/876/405
f 861/876/406 862/875/406 864/877/406 863/878/406
f 863/878/407 864/877/407 866/879/407 865/880/407
f 865/880/408 866/879/408 868/881/408 867/882/408
f 867/882/409 868/881/409 870/883/409 869/884/409
f 869/884/410 870/883/410 872/885/410 871/886/410
f 871/886/411 872/885/411 874/887/411 873/888/411
f 873/888/412 874/887/412 876/889/412 875/890/412
f 875/890/413 876/889/413 878/891/413 877/892/413
f 877/892/414 878/891/414 880/893/414 879/894/414
f 879/894/415 880/893/415 882/895/415 881/896/415
f 881/896/416 882/895/416 884/897/416 883/898/416
f 883/898/417 884/897/417 886/899/417 885/900/417
f 885/900/418 886/899/418 888/901/418 887/902/418
f 887/902/419 888/901/419 890/903/419 889/904/419
f 889/904/420 890/903/420 892/905/420 891/906/420
f 891/906/421 892/905/421 894/907/421 893/908/421
f 893/908/422 894/907/422 896/909/422 895/910/422
f 895/910/423 896/909/423 898/911/423 897/912/423
f 897/912/424 898/911/424 900/913/424 899/914/424
f 899/914/425 900/913/425 902/915/425 901/916/425
f 901/916/426 902/915/426 904/917/426 903/918/426
f 903/918/427 904/917/427 906/919/427 905/920/427
f 905/920/428 906/919/428 908/921/428 907/922/428
f 907/922/429 908/921/429 910/923/429 909/924/429
f 909/924/430 910/923/430 912/925/430 911/926/430
f 911/926/431 912/925/431 914/927/431 913/928/431
f 913/928/432 914/927/432 916/929/432 915/930/432
f 915/930/433 916/929/433 918/931/433 917/932/433
f 917/932/434 918/931/434 920/933/434 919/934/434
f 919/934/435 920/933/435 922/935/435 921/936/435
f 921/936/436 922/935/436 924/937/436 923/938/436
f 923/938/437 924/937/437 926/939/437 925/940/437
f 925/940/438 926/939/438 928/941/438 927/942/438
f 927/942/439 928/941/439 930/943/439 929/944/439
f 929/944/440 930/943/440 932/945/440 931/946/440
f 931/946/441 932/945/441 934/947/441 933/948/441
f 933/948/442 934/947/442 936/949/442 935/950/442
f 935/950/443 936/949/443 938/951/443 937/952/443
f 937/952/444 938/951/444 940/953/444 939/954/444
f 939/954/445 940/953/445 942/955/445 941/956/445
f 941/956/446 942/955/446 944/957/446 943/958/446
f 943/958/447 944/957/447 946/959/447 945/960/447
f 945/960/448 946/959/448 948/961/448 947/962/448
f 947/962/449 948/961/449 950/963/449 949/964/449
f 949/964/450 950/963/450 952/965/450 951/966/450
f 951/966/451 952/965/451 954/967/451 953/968/451
f 953/968/452 954/967/452 956/969/452 955/970/452
f 955/970/453 956/969/453 958/971/453 957/972/453
f 957/972/454 958/971/454 960/973/454 959/974/454
f 959/974/455 960/973/455 962/975/455 961/976/455
f 961/976/456 962/975/456 964/977/456 963/978/456
f 963/978/457 964/977/457 966/979/457 965/980/457
f 965/980/458 966/979/458 968/981/458 967/982/458
f 967/982/459 968/981/459 970/983/459 969/984/459
f 969/984/460 970/983/460 972/985/460 971/986/460
f 971/986/461 972/985/461 974/987/461 973/988/461
f 973/988/462 974/987/462 976/989/462 975/990/462
f 975/990/463 976/989/463 978/991/463 977/992/463
f 977/992/464 978/991/464 980/993/464 979/994/464
f 979/994/465 980/993/465 982/995/465 981/996/465
f 981/996/466 982/995/466 984/997/466 983/998/466
f 983/998/467 984/997/467 986/999/467 985/1000/467
f 985/1000/468 986/999/468 988/1001/468 987/1002/468
f 987/1002/469 988/1001/469 990/1003/469 989/1004/469
f 989/1004/470 990/1003/470 992/1005/470 991/1006/470
f 991/1006/471 992/1005/471 994/1007/471 993/1008/471
f 993/1008/472 994/1007/472 996/1009/472 995/1010/472
f 995/1010/473 996/1009/473 998/1011/473 997/1012/473
f 997/1012/474 998/1011/474 1000/1013/474 999/1014/474
f 999/1014/475 1000/1013/475 1002/1015/475 1001/1016/475
f 1001/1016/476 1002/1015/476 1004/1017/476 1003/1018/476
f 1003/1018/477 1004/1017/477 1006/1019/477 1005/1020/477
f 1005/1020/478 1006/1019/478 1008/1021/478 1007/1022/478
f 1007/1022/479 1008/1021/479 1010/1023/479 1009/1024/479
f 1009/1024/480 1010/1023/480 1012/1025/480 1011/1026/480
f 1011/1026/481 1012/1025/481 1014/1027/481 1013/1028/481
f 1013/1028/482 1014/1027/482 1016/1029/482 1015/1030/482
f 1015/1030/483 1016/1029/483 1018/1031/483 1017/1032/483
f 1017/1032/484 1018/1031/484 1020/1033/484 1019/1034/484
f 1019/1034/485 1020/1033/485 1022/1035/485 1021/1036/485
f 1021/1036/486 1022/1035/486 1024/1037/486 1023/1038/486
f 1023/1038/487 1024/1037/487 1026/1039/487 1025/1040/487
f 1025/1040/488 1026/1039/488 1028/1041/488 1027/1042/488
f 1027/1042/489 1028/1041/489 1030/1043/489 1029/1044/489
f 1029/1044/490 1030/1043/490 1032/1045/490 1031/1046/490
f 1031/1046/491 1032/1045/491 1034/1047/491 1033/1048/491
f 1033/1048/492 1034/1047/492 1036/1049/492 1035/1050/492
f 1035/1050/493 1036/1049/493 1038/1051/493 1037/1052/493
f 1037/1052/494 1038/1051/494 1040/1053/494 1039/1054/494
f 1039/1054/495 1040/1053/495 1042/1055/495 1041/1056/495
f 1041/1056/496 1042/1055/496 1044/1057/496 1043/1058/496
f 1043/1058/497 1044/1057/497 1046/1059/497 1045/1060/497
f 1045/1060/498 1046/1059/498 1048/1061/498 1047/1062/498
f 1047/1062/499 1048/1061/499 1050/1063/499 1049/1064/499
f 1049/1064/500 1050/1063/500 1052/1065/500 1051/1066/500
f 1051/1066/501 1052/1065/501 1054/1067/501 1053/1068/501
f 1053/1068/502 1054/1067/502 1056/1069/502 1055/1070/502
f 1055/1070/503 1056/1069/503 1058/1071/503 1057/1072/503
f 1057/1072/504 1058/1071/504 1060/1073/504 1059/1074/504
f 1059/1074/505 1060/1073/505 1062/1075/505 1061/1076/505
f 1061/1076/506 1062/1075/506 1064/1077/506 1063/1078/506
f 1063/1078/507 1064/1077/507 1066/1079/507 1065/1080/507
f 1065/1080/508 1066/1079/508 1068/1081/508 1067/1082/508
f 74/1083/509 72/1084/509 1070/1085/509 1068/1086/509 1066/1087/509 1064/1088/509 1062/1089/509 1060/1090/509 1058/1091/509 1056/1092/509 1054/1093/509 1052/1094/509 1050/1095/509 1048/1096/509 1046/1097/509 1044/1098/509 1042/1099/509 1040/1100/509 1038/1101/509 1036/1102/509 1034/1103/509 1032/1104/509 1030/1105/509 1028/1106/509 1026/1107/509 1024/1108/509 1022/1109/509 1020/1110/509 1018/1111/509 1016/1112/509 1014/1113/509 1012/1114/509 1010/1115/509 1008/1116/509 1006/1117/509 1004/1118/509 1002/1119/509 1000/1120/509 998/1121/509 996/1122/509 994/1123/509 992/1124/509 990/1125/509 988/1126/509 986/1127/509 984/1128/509 982/1129/509 980/1130/509 978/1131/509 976/1132/509 974/1133/509 972/1134/509 970/1135/509 968/1136/509 966/1137/509 964/1138/509 962/1139/509 960/1140/509 958/1141/509 956/1142/509 954/1143/509 952/1144/509 950/1145/509 948/1146/509 946/1147/509 944/1148/509 942/1149/509 940/1150/509 938/1151/509 936/1152/509 934/1153/509 932/1154/509 930/1155/509 928/1156/509 926/1157/509 924/1158/509 922/1159/509 920/1160/509 918/1161/509 916/1162/509 914/1163/509 912/1164/509 910/1165/509 908/1166/509 906/1167/509 904/1168/509 902/1169/509 900/1170/509 898/1171/509 896/1172/509 894/1173/509 892/1174/509 890/1175/509 888/1176/509 886/1177/509 884/1178/509 882/1179/509 880/1180/509 878/1181/509 876/1182/509 874/1183/509 872/1184/509 870/1185/509 868/1186/509 866/1187/509 864/1188/509 862/1189/509 860/1190/509 858/1191/509 856/1192/509 854/1193/509 852/1194/509 850/1195/509 848/1196/509 846/1197/509 844/1198/509 842/1199/509 840/1200/509 838/1201/509 836/1202/509 834/1203/509 832/1204/509 830/1205/509 828/1206/509 826/1207/509 824/1208/509 822/1209/509 820/1210/509 818/1211/509 816/1212/509 814/1213/509 812/1214/509 810/1215/509 808/1216/509 806/1217/509 804/1218/509 802/1219/509 800/1220/509 798/1221/509 796/1222/509 794/1223/509 792/1224/509 790/1225/509 788/1226/509 786/1227/509 784/1228/509 782/1229/509 780/1230/509 778/1231/509 776/1232/509 774/1233/509 772/1234/509 770/1235/509 768/1236/509 766/1237/509 764/1238/509 762/1239/509 760/1240/509 758/1241/509 756/1242/509 754/1243/509 752/1244/509 750/1245/509 748/1246/509 746/1247/509 744/1248/509 742/1249/509 740/1250/509 738/1251/509 736/1252/509 734/1253/509 732/1254/509 730/1255/509 728/1256/509 726/1257/509 724/1258/509 722/1259/509 720/1260/509 718/1261/509 716/1262/509 714/1263/509 712/1264/509 710/1265/509 708/1266/509 706/1267/509 704/1268/509 702/1269/509 700/1270/509 698/1271/509 696/1272/509 694/1273/509 692/1274/509 690/1275/509 688/1276/509 686/1277/509 684/1278/509 682/1279/509 680/1280/509 678/1281/509 676/1282/509 674/1283/509 672/1284/509 670/1285/509 668/1286/509 666/1287/509 664/1288/509 662/1289/509 660/1290/509 658/1291/509 656/1292/509 654/1293/509 652/1294/509 650/1295/509 648/1296/509 646/1297/509 644/1298/509 642/1299/509 640/1300/509 638/1301/509 636/1302/509 634/1303/509 632/1304/509 630/1305/509 628/1306/509 626/1307/509 624/1308/509 622/1309/509 620/1310/509 618/1311/509 616/1312/509 614/1313/509 612/1314/509 610/1315/509 608/1316/509 606/1317/509 604/1318/509 602/1319/509 600/1320/509 598/1321/509 596/1322/509 594/1323/509 592/1324/509 590/1325/509 588/1326/509 586/1327/509 584/1328/509 582/1329/509 580/1330/509 578/1331/509 576/1332/509 574/1333/509 572/1334/509 570/1335/509 568/1336/509 566/1337/509 564/1338/509 562/1339/509 560/1340/509 558/1341/509 556/1342/509 554/1343/509 552/1344/509 550/1345/509 548/1346/509 546/1347/509 544/1348/509 542/1349/509 540/1350/509 538/1351/509 536/1352/509 534/1353/509 532/1354/509 530/1355/509 528/1356/509 526/1357/509 524/1358/509 522/1359/509 520/1360/509 518/1361/509 516/1362/509 514/1363/509 512/1364/509 510/1365/509 508/1366/509 506/1367/509 504/1368/509 502/1369/509 500/1370/509 498/1371/509 496/1372/509 494/1373/509 492/1374/509 490/1375/509 488/1376/509 486/1377/509 484/1378/509 482/1379/509 480/1380/509 478/1381/509 476/1382/509 474/1383/509 472/1384/509 470/1385/509 468/1386/509 466/1387/509 464/1388/509 462/1389/509 460/1390/509 458/1391/509 456/1392/509 454/1393/509 452/1394/509 450/1395/509 448/1396/509 446/1397/509 444/1398/509 442/1399/509 440/1400/509 438/1401/509 436/1402/509 434/1403/509 432/1404/509 430/1405/509 428/1406/509 426/1407/509 424/1408/509 422/1409/509 420/1410/509 418/1411/509 416/1412/509 414/1413/509 412/1414/509 410/1415/509 408/1416/509 406/1417/509 404/1418/509 402/1419/509 400/1420/509 398/1421/509 396/1422/509 394/1423/509 392/1424/509 390/1425/509 388/1426/509 386/1427/509 384/1428/509 382/1429/509 380/1430/509 378/1431/509 376/1432/509 374/1433/509 372/1434/509 370/1435/509 368/1436/509 366/1437/509 364/1438/509 362/1439/509 360/1440/509 358/1441/509 356/1442/509 354/1443/509 352/1444/509 350/1445/509 348/1446/509 346/1447/509 344/1448/509 342/1449/509 340/1450/509 338/1451/509 336/1452/509 334/1453/509 332/1454/509 330/1455/509 328/1456/509 326/1457/509 324/1458/509 322/1459/509 320/1460/509 318/1461/509 316/1462/509 314/1463/509 312/1464/509 310/1465/509 308/1466/509 306/1467/509 304/1468/509 302/1469/509 300/1470/509 298/1471/509 296/1472/509 294/1473/509 292/1474/509 290/1475/509 288/1476/509 286/1477/509 284/1478/509 282/1479/509 280/1480/509 278/1481/509 276/1482/509 274/1483/509 272/1484/509 270/1485/509 268/1486/509 266/1487/509 264/1488/509 262/1489/509 260/1490/509 258/1491/509 256/1492/509 254/1493/509 252/1494/509 250/1495/509 248/1496/509 246/1497/509 244/1498/509 242/1499/509 240/1500/509 238/1501/509 236/1502/509 234/1503/509 232/1504/509 230/1505/509 228/1506/509 226/1507/509 224/1508/509 222/1509/509 220/1510/509 218/1511/509 216/1512/509 214/1513/509 212/1514/509 210/1515/509 208/1516/509 206/1517/509 204/1518/509 202/1519/509 200/1520/509 198/1521/509 196/1522/509 194/1523/509 192/1524/509 190/1525/509 188/1526/509 186/1527/509 184/1528/509 182/1529/509 180/1530/509 178/1531/509 176/1532/509 174/1533/509 172/1534/509 170/1535/509 168/1536/509 166/1537/509 164/1538/509 162/1539/509 160/1540/509 158/1541/509 156/1542/509 154/1543/509 152/1544/509 150/1545/509 148/1546/509 146/1547/509 144/1548/509 142/1549/509 140/1550/509 138/1551/509 136/1552/509 134/1553/509 132/1554/509 130/1555/509 128/1556/509 126/1557/509 124/1558/509 122/1559/509 120/1560/509 118/1561/509 116/1562/509 114/1563/509 112/1564/509 110/1565/509 108/1566/509 106/1567/509 104/1568/509 102/1569/509 100/1570/509 98/1571/509 96/1572/509 94/1573/509 92/1574/509 90/1575/509 88/1576/509 86/1577/509 84/1578/509 82/1579/509 80/1580/509 78/1581/509 76/1582/509
f 1067/1082/510 1068/1081/510 1070/1583/510 1069/1584/510
f 1069/1584/511 1070/1583/511 72/1585/511 71/1586/511
f 71/1587/512 73/1588/512 75/1589/512 77/1590/512 79/1591/512 81/1592/512 83/1593/512 85/1594/512 87/1595/512 89/1596/512 91/1597/512 93/1598/512 95/1599/512 97/1600/512 99/1601/512 101/1602/512 103/1603/512 105/1604/512 107/1605/512 109/1606/512 111/1607/512 113/1608/512 115/1609/512 117/1610/512 119/1611/512 121/1612/512 123/1613/512 125/1614/512 127/1615/512 129/1616/512 131/1617/512 133/1618/512 135/1619/512 137/1620/512 139/1621/512 141/1622/512 143/1623/512 145/1624/512 147/1625/512 149/1626/512 151/1627/512 153/1628/512 155/1629/512 157/1630/512 159/1631/512 161/1632/512 163/1633/512 165/1634/512 167/1635/512 169/1636/512 171/1637/512 173/1638/512 175/1639/512 177/1640/512 179/1641/512 181/1642/512 183/1643/512 185/1644/512 187/1645/512 189/1646/512 191/1647/512 193/1648/512 195/1649/512 197/1650/512 199/1651/512 201/1652/512 203/1653/512 205/1654/512 207/1655/512 209/1656/512 211/1657/512 213/1658/512 215/1659/512 217/1660/512 219/1661/512 221/1662/512 223/1663/512 225/1664/512 227/1665/512 229/1666/512 231/1667/512 233/1668/512 235/1669/512 237/1670/512 239/1671/512 241/1672/512 243/1673/512 245/1674/512 247/1675/512 249/1676/512 251/1677/512 253/1678/512 255/1679/512 257/1680/512 259/1681/512 261/1682/512 263/1683/512 265/1684/512 267/1685/512 269/1686/512 271/1687/512 273/1688/512 275/1689/512 277/1690/512 279/1691/512 281/1692/512 283/1693/512 285/1694/512 287/1695/512 289/1696/512 291/1697/512 293/1698/512 295/1699/512 297/1700/512 299/1701/512 301/1702/512 303/1703/512 305/1704/512 307/1705/512 309/1706/512 311/1707/512 313/1708/512 315/1709/512 317/1710/512 319/1711/512 321/1712/512 323/1713/512 325/1714/512 327/1715/512 329/1716/512 331/1717/512 333/1718/512 335/1719/512 337/1720/512 339/1721/512 341/1722/512 343/1723/512 345/1724/512 347/1725/512 349/1726/512 351/1727/512 353/1728/512 355/1729/512 357/1730/512 359/1731/512 361/1732/512 363/1733/512 365/1734/512 367/1735/512 369/1736/512 371/1737/512 373/1738/512 375/1739/512 377/1740/512 379/1741/512 381/1742/512 383/1743/512 385/1744/512 387/1745/512 389/1746/512 391/1747/512 393/1748/512 395/1749/512 397/1750/512 399/1751/512 401/1752/512 403/1753/512 405/1754/512 407/1755/512 409/1756/512 411/1757/512 413/1758/512 415/1759/512 417/1760/512 419/1761/512 421/1762/512 423/1763/512 425/1764/512 427/1765/512 429/1766/512 431/1767/512 433/1768/512 435/1769/512 437/1770/512 439/1771/512 441/1772/512 443/1773/512 445/1774/512 447/1775/512 449/1776/512 451/1777/512 453/1778/512 455/1779/512 457/1780/512 459/1781/512 461/1782/512 463/1783/512 465/1784/512 467/1785/512 469/1786/512 471/1787/512 473/1788/512 475/1789/512 477/1790/512 479/1791/512 481/1792/512 483/1793/512 485/1794/512 487/1795/512 489/1796/512 491/1797/512 493/1798/512 495/1799/512 497/1800/512 499/1801/512 501/1802/512 503/1803/512 505/1804/512 507/1805/512 509/1806/512 511/1807/512 513/1808/512 515/1809/512 517/1810/512 519/1811/512 521/1812/512 523/1813/512 525/1814/512 527/1815/512 529/1816/512 531/1817/512 533/1818/512 535/1819/512 537/1820/512 539/1821/512 541/1822/512 543/1823/512 545/1824/512 547/1825/512 549/1826/512 551/1827/512 553/1828/512 555/1829/512 557/1830/512 559/1831/512 561/1832/512 563/1833/512 565/1834/512 567/1835/512 569/1836/512 571/1837/512 573/1838/512 575/1839/512 577/1840/512 579/1841/512 581/1842/512 583/1843/512 585/1844/512 587/1845/512 589/1846/512 591/1847/512 593/1848/512 595/1849/512 597/1850/512 599/1851/512 601/1852/512 603/1853/512 605/1854/512 607/1855/512 609/1856/512 611/1857/512 613/1858/512 615/1859/512 617/1860/512 619/1861/512 621/1862/512 623/1863/512 625/1864/512 627/1865/512 629/1866/512 631/1867/512 633/1868/512 635/1869/512 637/1870/512 639/1871/512 641/1872/512 643/1873/512 645/1874/512 647/1875/512 649/1876/512 651/1877/512 653/1878/512 655/1879/512 657/1880/512 659/1881/512 661/1882/512 663/1883/512 665/1884/512 667/1885/512 669/1886/512 671/1887/512 673/1888/512 675/1889/512 677/1890/512 679/1891/512 681/1892/512 683/1893/512 685/1894/512 687/1895/512 689/1896/512 691/1897/512 693/1898/512 695/1899/512 697/1900/512 699/1901/512 701/1902/512 703/1903/512 705/1904/512 707/1905/512 709/1906/512 711/1907/512 713/1908/512 715/1909/512 717/1910/512 719/1911/512 721/1912/512 723/1913/512 725/1914/512 727/1915/512 729/1916/512 731/1917/512 733/1918/512 735/1919/512 737/1920/512 739/1921/512 741/1922/512 743/1923/512 745/1924/512 747/1925/512 749/1926/512 751/1927/512 753/1928/512 755/1929/512 757/1930/512 759/1931/512 761/1932/512 763/1933/512 765/1934/512 767/1935/512 769/1936/512 771/1937/512 773/1938/512 775/1939/512 777/1940/512 779/1941/512 781/1942/512 783/1943/512 785/1944/512 787/1945/512 789/1946/512 791/1947/512 793/1948/512 795/1949/512 797/1950/512 799/1951/512 801/1952/512 803/1953/512 805/1954/512 807/1955/512 809/1956/512 811/1957/512 813/1958/512 815/1959/512 817/1960/512 819/1961/512 821/1962/512 823/1963/512 825/1964/512 827/1965/512 829/1966/512 831/1967/512 833/1968/512 835/1969/512 837/1970/512 839/1971/512 841/1972/512 843/1973/512 845/1974/512 847/1975/512 849/1976/512 851/1977/512 853/1978/512 855/1979/512 857/1980/512 859/1981/512 861/1982/512 863/1983/512 865/1984/512 867/1985/512 869/1986/512 871/1987/512 873/1988/512 875/1989/512 877/1990/512 879/1991/512 881/1992/512 883/1993/512 885/1994/512 887/1995/512 889/1996/512 891/1997/512 893/1998/512 895/1999/512 897/2000/512 899/2001/512 901/2002/512 903/2003/512 905/2004/512 907/2005/512 909/2006/512 911/2007/512 913/2008/512 915/2009/512 917/2010/512 919/2011/512 921/2012/512 923/2013/512 925/2014/512 927/2015/512 929/2016/512 931/2017/512 933/2018/512 935/2019/512 937/2020/512 939/2021/512 941/2022/512 943/2023/512 945/2024/512 947/2025/512 949/2026/512 951/2027/512 953/2028/512 955/2029/512 957/2030/512 959/2031/512 961/2032/512 963/2033/512 965/2034/512 967/2035/512 969/2036/512 971/2037/512 973/2038/512 975/2039/512 977/2040/512 979/2041/512 981/2042/512 983/2043/512 985/2044/512 987/2045/512 989/2046/512 991/2047/512 993/2048/512 995/2049/512 997/2050/512 999/2051/512 1001/2052/512 1003/2053/512 1005/2054/512 1007/2055/512 1009/2056/512 1011/2057/512 1013/2058/512 1015/2059/512 1017/2060/512 1019/2061/512 1021/2062/512 1023/2063/512 1025/2064/512 1027/2065/512 1029/2066/512 1031/2067/512 1033/2068/512 1035/2069/512 1037/2070/512 1039/2071/512 1041/2072/512 1043/2073/512 1045/2074/512 1047/2075/512 1049/2076/512 1051/2077/512 1053/2078/512 1055/2079/512 1057/2080/512 1059/2081/512 1061/2082/512 1063/2083/512 1065/2084/512 1067/2085/512 1069/2086/512
f 1071/85/11 1072/86/11 1074/87/11 1073/88/11
f 1073/88/12 1074/87/12 1076/89/12 1075/90/12
f 1075/90/13 1076/89/13 1078/91/13 1077/92/13
f 1077/92/14 1078/91/14 1080/93/14 1079/94/14
f 1079/94/15 1080/93/15 1082/95/15 1081/96/15
f 1081/96/16 1082/95/16 1084/97/16 1083/98/16
f 1083/98/17 1084/97/17 1086/99/17 1085/100/17
f 1085/100/18 1086/99/18 1088/101/18 1087/102/18
f 1087/102/19 1088/101/19 1090/103/19 1089/104/19
f 1089/104/20 1090/103/20 1092/105/20 1091/106/20
f 1091/106/21 1092/105/21 1094/107/21 1093/108/21
f 1093/108/22 1094/107/22 1096/109/22 1095/110/22
f 1095/110/23 1096/109/23 1098/111/23 1097/112/23
f 1097/112/24 1098/111/24 1100/113/24 1099/114/24
f 1099/114/25 1100/113/25 1102/115/25 1101/116/25
f 1101/116/26 1102/115/26 1104/117/26 1103/118/26
f 1103/118/27 1104/117/27 1106/119/27 1105/120/27
f 1105/120/28 1106/119/28 1108/121/28 1107/122/28
f 1107/122/29 1108/121/29 1110/123/29 1109/124/29
f 1109/124/30 1110/123/30 1112/125/30 1111/126/30
f 1111/126/31 1112/125/31 1114/127/31 1113/128/31
f 1113/128/32 1114/127/32 1116/129/32 1115/130/32
f 1115/130/33 1116/129/33 1118/131/33 1117/132/33
f 1117/132/34 1118/131/34 1120/133/34 1119/134/34
f 1119/134/35 1120/133/35 1122/135/35 1121/136/35
f 1121/136/36 1122/135/36 1124/137/36 1123/138/36
f 1123/138/37 1124/137/37 1126/139/37 1125/140/37
f 1125/140/38 1126/139/38 1128/141/38 1127/142/38
f 1127/142/513 1128/141/513 1130/143/513 1129/144/513
f 1129/144/40 1130/143/40 1132/145/40 1131/146/40
f 1131/146/41 1132/145/41 1134/147/41 1133/148/41
f 1133/148/42 1134/147/42 1136/149/42 1135/150/42
f 1135/150/43 1136/149/43 1138/151/43 1137/152/43
f 1137/152/44 1138/151/44 1140/153/44 1139/154/44
f 1139/154/45 1140/153/45 1142/155/45 1141/156/45
f 1141/156/46 1142/155/46 1144/157/46 1143/158/46
f 1143/158/514 1144/157/514 1146/159/514 1145/160/514
f 1145/160/48 1146/159/48 1148/161/48 1147/162/48
f 1147/162/49 1148/161/49 1150/163/49 1149/164/49
f 1149/164/50 1150/163/50 1152/165/50 1151/166/50
f 1151/166/51 1152/165/51 1154/167/51 1153/168/51
f 1153/168/52 1154/167/52 1156/169/52 1155/170/52
f 1155/170/53 1156/169/53 1158/171/53 1157/172/53
f 1157/172/54 1158/171/54 1160/173/54 1159/174/54
f 1159/174/55 1160/173/55 1162/175/55 1161/176/55
f 1161/176/56 1162/175/56 1164/177/56 1163/178/56
f 1163/178/57 1164/177/57 1166/179/57 1165/180/57
f 1165/180/58 1166/179/58 1168/181/58 1167/182/58
f 1167/182/59 1168/181/59 1170/183/59 1169/184/59
f 1169/184/60 1170/183/60 1172/185/60 1171/186/60
f 1171/186/61 1172/185/61 1174/187/61 1173/188/61
f 1173/188/62 1174/187/62 1176/189/62 1175/190/62
f 1175/190/63 1176/189/63 1178/191/63 1177/192/63
f 1177/192/64 1178/191/64 1180/193/64 1179/194/64
f 1179/194/65 1180/193/65 1182/195/65 1181/196/65
f 1181/196/515 1182/195/515 1184/197/515 1183/198/515
f 1183/198/67 1184/197/67 1186/199/67 1185/200/67
f 1185/200/68 1186/199/68 1188/201/68 1187/202/68
f 1187/202/69 1188/201/69 1190/203/69 1189/204/69
f 1189/204/516 1190/203/516 1192/205/516 1191/206/516
f 1191/206/71 1192/205/71 1194/207/71 1193/208/71
f 1193/208/72 1194/207/72 1196/209/72 1195/210/72
f 1195/210/73 1196/209/73 1198/211/73 1197/212/73
f 1197/212/74 1198/211/74 1200/213/74 1199/214/74
f 1199/214/75 1200/213/75 1202/215/75 1201/216/75
f 1201/216/76 1202/215/76 1204/217/76 1203/218/76
f 1203/218/77 1204/217/77 1206/219/77 1205/220/77
f 1205/220/78 1206/219/78 1208/221/78 1207/222/78
f 1207/222/79 1208/221/79 1210/223/79 1209/224/79
f 1209/224/517 1210/223/517 1212/225/517 1211/226/517
f 1211/226/81 1212/225/81 1214/227/81 1213/228/81
f 1213/228/82 1214/227/82 1216/229/82 1215/230/82
f 1215/230/83 1216/229/83 1218/231/83 1217/232/83
f 1217/232/84 1218/231/84 1220/233/84 1219/234/84
f 1219/234/85 1220/233/85 1222/235/85 1221/236/85
f 1221/236/86 1222/235/86 1224/237/86 1223/238/86
f 1223/238/87 1224/237/87 1226/239/87 1225/240/87
f 1225/240/88 1226/239/88 1228/241/88 1227/242/88
f 1227/242/518 1228/241/518 1230/243/518 1229/244/518
f 1229/244/90 1230/243/90 1232/245/90 1231/246/90
f 1231/246/91 1232/245/91 1234/247/91 1233/248/91
f 1233/248/92 1234/247/92 1236/249/92 1235/250/92
f 1235/250/93 1236/249/93 1238/251/93 1237/252/93
f 1237/252/94 1238/251/94 1240/253/94 1239/254/94
f 1239/254/519 1240/253/519 1242/255/519 1241/256/519
f 1241/256/520 1242/255/520 1244/257/520 1243/258/520
f 1243/258/521 1244/257/521 1246/259/521 1245/260/521
f 1245/260/98 1246/259/98 1248/261/98 1247/262/98
f 1247/262/99 1248/261/99 1250/263/99 1249/264/99
f 1249/264/522 1250/263/522 1252/265/522 1251/266/522
f 1251/266/101 1252/265/101 1254/267/101 1253/268/101
f 1253/268/523 1254/267/523 1256/269/523 1255/270/523
f 1255/270/103 1256/269/103 1258/271/103 1257/272/103
f 1257/272/104 1258/271/104 1260/273/104 1259/274/104
f 1259/274/105 1260/273/105 1262/275/105 1261/276/105
f 1261/276/106 1262/275/106 1264/277/106 1263/278/106
f 1263/278/524 1264/277/524 1266/279/524 1265/280/524
f 1265/280/108 1266/279/108 1268/281/108 1267/282/108
f 1267/282/109 1268/281/109 1270/283/109 1269/284/109
f 1269/284/110 1270/283/110 1272/285/110 1271/286/110
f 1271/286/111 1272/285/111 1274/287/111 1273/288/111
f 1273/288/112 1274/287/112 1276/289/112 1275/290/112
f 1275/290/113 1276/289/113 1278/291/113 1277/292/113
f 1277/292/114 1278/291/114 1280/293/114 1279/294/114
f 1279/294/115 1280/293/115 1282/295/115 1281/296/115
f 1281/296/116 1282/295/116 1284/297/116 1283/298/116
f 1283/298/117 1284/297/117 1286/299/117 1285/300/117
f 1285/300/525 1286/299/525 1288/301/525 1287/302/525
f 1287/302/119 1288/301/119 1290/303/119 1289/304/119
f 1289/304/526 1290/303/526 1292/305/526 1291/306/526
f 1291/306/121 1292/305/121 1294/307/121 1293/308/121
f 1293/308/122 1294/307/122 1296/309/122 1295/310/122
f 1295/310/123 1296/309/123 1298/311/123 1297/312/123
f 1297/312/124 1298/311/124 1300/313/124 1299/314/124
f 1299/314/125 1300/313/125 1302/315/125 1301/316/125
f 1301/316/126 1302/315/126 1304/317/126 1303/318/126
f 1303/318/127 1304/317/127 1306/319/127 1305/320/127
f 1305/320/128 1306/319/128 1308/321/128 1307/322/128
f 1307/322/129 1308/321/129 1310/323/129 1309/324/129
f 1309/324/130 1310/323/130 1312/325/130 1311/326/130
f 1311/326/131 1312/325/131 1314/327/131 1313/328/131
f 1313/328/132 1314/327/132 1316/329/132 1315/330/132
f 1315/330/133 1316/329/133 1318/331/133 1317/332/133
f 1317/332/134 1318/331/134 1320/333/134 1319/334/134
f 1319/334/135 1320/333/135 1322/335/135 1321/336/135
f 1321/336/136 1322/335/136 1324/337/136 1323/338/136
f 1323/338/137 1324/337/137 1326/339/137 1325/340/137
f 1325/340/138 1326/339/138 1328/341/138 1327/342/138
f 1327/342/139 1328/341/139 1330/343/139 1329/344/139
f 1329/344/140 1330/343/140 1332/345/140 1331/346/140
f 1331/346/141 1332/345/141 1334/347/141 1333/348/141
f 1333/348/142 1334/347/142 1336/349/142 1335/350/142
f 1335/350/143 1336/349/143 1338/351/143 1337/352/143
f 1337/352/144 1338/351/144 1340/353/144 1339/354/144
f 1339/354/145 1340/353/145 1342/355/145 1341/356/145
f 1341/356/146 1342/355/146 1344/357/146 1343/358/146
f 1343/358/147 1344/357/147 1346/359/147 1345/360/147
f 1345/360/148 1346/359/148 1348/361/148 1347/362/148
f 1347/362/149 1348/361/149 1350/363/149 1349/364/149
f 1349/364/150 1350/363/150 1352/365/150 1351/366/150
f 1351/366/527 1352/365/527 1354/367/527 1353/368/527
f 1353/368/152 1354/367/152 1356/369/152 1355/370/152
f 1355/370/528 1356/369/528 1358/371/528 1357/372/528
f 1357/372/154 1358/371/154 1360/373/154 1359/374/154
f 1359/374/155 1360/373/155 1362/375/155 1361/376/155
f 1361/376/156 1362/375/156 1364/377/156 1363/378/156
f 1363/378/157 1364/377/157 1366/379/157 1365/380/157
f 1365/380/158 1366/379/158 1368/381/158 1367/382/158
f 1367/382/159 1368/381/159 1370/383/159 1369/384/159
f 1369/384/160 1370/383/160 1372/385/160 1371/386/160
f 1371/386/161 1372/385/161 1374/387/161 1373/388/161
f 1373/388/162 1374/387/162 1376/389/162 1375/390/162
f 1375/390/163 1376/389/163 1378/391/163 1377/392/163
f 1377/392/529 1378/391/529 1380/393/529 1379/394/529
f 1379/394/165 1380/393/165 1382/395/165 1381/396/165
f 1381/396/166 1382/395/166 1384/397/166 1383/398/166
f 1383/398/167 1384/397/167 1386/399/167 1385/400/167
f 1385/400/168 1386/399/168 1388/401/168 1387/402/168
f 1387/402/530 1388/401/530 1390/403/530 1389/404/530
f 1389/404/170 1390/403/170 1392/405/170 1391/406/170
f 1391/406/531 1392/405/531 1394/407/531 1393/408/531
f 1393/408/172 1394/407/172 1396/409/172 1395/410/172
f 1395/410/173 1396/409/173 1398/411/173 1397/412/173
f 1397/412/532 1398/411/532 1400/413/532 1399/414/532
f 1399/414/533 1400/413/533 1402/415/533 1401/416/533
f 1401/416/534 1402/415/534 1404/417/534 1403/418/534
f 1403/418/177 1404/417/177 1406/419/177 1405/420/177
f 1405/420/178 1406/419/178 1408/421/178 1407/422/178
f 1407/422/179 1408/421/179 1410/423/179 1409/424/179
f 1409/424/180 1410/423/180 1412/425/180 1411/426/180
f 1411/426/181 1412/425/181 1414/427/181 1413/428/181
f 1413/428/535 1414/427/535 1416/429/535 1415/430/535
f 1415/430/183 1416/429/183 1418/431/183 1417/432/183
f 1417/432/184 1418/431/184 1420/433/184 1419/434/184
f 1419/434/185 1420/433/185 1422/435/185 1421/436/185
f 1421/436/186 1422/435/186 1424/437/186 1423/438/186
f 1423/438/187 1424/437/187 1426/439/187 1425/440/187
f 1425/440/188 1426/439/188 1428/441/188 1427/442/188
f 1427/442/189 1428/441/189 1430/443/189 1429/444/189
f 1429/444/190 1430/443/190 1432/445/190 1431/446/190
f 1431/446/536 1432/445/536 1434/447/536 1433/448/536
f 1433/448/192 1434/447/192 1436/449/192 1435/450/192
f 1435/450/193 1436/449/193 1438/451/193 1437/452/193
f 1437/452/194 1438/451/194 1440/453/194 1439/454/194
f 1439/454/195 1440/453/195 1442/455/195 1441/456/195
f 1441/456/196 1442/455/196 1444/457/196 1443/458/196
f 1443/458/197 1444/457/197 1446/459/197 1445/460/197
f 1445/460/198 1446/459/198 1448/461/198 1447/462/198
f 1447/462/199 1448/461/199 1450/463/199 1449/464/199
f 1449/464/200 1450/463/200 1452/465/200 1451/466/200
f 1451/466/537 1452/465/537 1454/467/537 1453/468/537
f 1453/468/202 1454/467/202 1456/469/202 1455/470/202
f 1455/470/203 1456/469/203 1458/471/203 1457/472/203
f 1457/472/204 1458/471/204 1460/473/204 1459/474/204
f 1459/474/538 1460/473/538 1462/475/538 1461/476/538
f 1461/476/206 1462/475/206 1464/477/206 1463/478/206
f 1463/478/207 1464/477/207 1466/479/207 1465/480/207
f 1465/480/208 1466/479/208 1468/481/208 1467/482/208
f 1467/482/209 1468/481/209 1470/483/209 1469/484/209
f 1469/484/210 1470/483/210 1472/485/210 1471/486/210
f 1471/486/211 1472/485/211 1474/487/211 1473/488/211
f 1473/488/212 1474/487/212 1476/489/212 1475/490/212
f 1475/490/213 1476/489/213 1478/491/213 1477/492/213
f 1477/492/214 1478/491/214 1480/493/214 1479/494/214
f 1479/494/215 1480/493/215 1482/495/215 1481/496/215
f 1481/496/216 1482/495/216 1484/497/216 1483/498/216
f 1483/498/217 1484/497/217 1486/499/217 1485/500/217
f 1485/500/218 1486/499/218 1488/501/218 1487/502/218
f 1487/502/219 1488/501/219 1490/503/219 1489/504/219
f 1489/504/220 1490/503/220 1492/505/220 1491/506/220
f 1491/506/221 1492/505/221 1494/507/221 1493/508/221
f 1493/508/222 1494/507/222 1496/509/222 1495/510/222
f 1495/510/223 1496/509/223 1498/511/223 1497/512/223
f 1497/512/539 1498/511/539 1500/513/539 1499/514/539
f 1499/514/225 1500/513/225 1502/515/225 1501/516/225
f 1501/516/226 1502/515/226 1504/517/226 1503/518/226
f 1503/518/227 1504/517/227 1506/519/227 1505/520/227
f 1505/520/228 1506/519/228 1508/521/228 1507/522/228
f 1507/522/229 1508/521/229 1510/523/229 1509/524/229
f 1509/524/230 1510/523/230 1512/525/230 1511/526/230
f 1511/526/231 1512/525/231 1514/527/231 1513/528/231
f 1513/528/540 1514/527/540 1516/529/540 1515/530/540
f 1515/530/233 1516/529/233 1518/531/233 1517/532/233
f 1517/532/234 1518/531/234 1520/533/234 1519/534/234
f 1519/534/235 1520/533/235 1522/535/235 1521/536/235
f 1521/536/236 1522/535/236 1524/537/236 1523/538/236
f 1523/538/237 1524/537/237 1526/539/237 1525/540/237
f 1525/540/238 1526/539/238 1528/541/238 1527/542/238
f 1527/542/239 1528/541/239 1530/543/239 1529/544/239
f 1529/544/240 1530/543/240 1532/545/240 1531/546/240
f 1531/546/241 1532/545/241 1534/547/241 1533/548/241
f 1533/548/242 1534/547/242 1536/549/242 1535/550/242
f 1535/550/243 1536/549/243 1538/551/243 1537/552/243
f 1537/552/244 1538/551/244 1540/553/244 1539/554/244
f 1539/554/245 1540/553/245 1542/555/245 1541/556/245
f 1541/556/246 1542/555/246 1544/557/246 1543/558/246
f 1543/558/247 1544/557/247 1546/559/247 1545/560/247
f 1545/560/248 1546/559/248 1548/561/248 1547/562/248
f 1547/562/249 1548/561/249 1550/563/249 1549/564/249
f 1549/564/250 1550/563/250 1552/565/250 1551/566/250
f 1551/566/251 1552/565/251 1554/567/251 1553/568/251
f 1553/568/252 1554/567/252 1556/569/252 1555/570/252
f 1555/570/253 1556/569/253 1558/571/253 1557/572/253
f 1557/572/254 1558/571/254 1560/573/254 1559/574/254
f 1559/574/255 1560/573/255 1562/575/255 1561/576/255
f 1561/576/256 1562/575/256 1564/577/256 1563/578/256
f 1563/578/257 1564/577/257 1566/579/257 1565/580/257
f 1565/580/258 1566/579/258 1568/581/258 1567/582/258
f 1567/582/259 1568/581/259 1570/583/259 1569/584/259
f 1569/584/260 1570/583/260 1572/585/260 1571/586/260
f 1571/586/261 1572/585/261 1574/587/261 1573/588/261
f 1573/588/262 1574/587/262 1576/589/262 1575/590/262
f 1575/590/263 1576/589/263 1578/591/263 1577/592/263
f 1577/592/264 1578/591/264 1580/593/264 1579/594/264
f 1579/594/265 1580/593/265 1582/595/265 1581/596/265
f 1581/596/266 1582/595/266 1584/597/266 1583/598/266
f 1583/598/267 1584/597/267 1586/599/267 1585/600/267
f 1585/600/268 1586/599/268 1588/601/268 1587/602/268
f 1587/602/269 1588/601/269 1590/603/269 1589/604/269
f 1589/604/270 1590/603/270 1592/605/270 1591/606/270
f 1591/606/271 1592/605/271 1594/607/271 1593/608/271
f 1593/608/272 1594/607/272 1596/609/272 1595/610/272
f 1595/610/273 1596/609/273 1598/611/273 1597/612/273
f 1597/612/274 1598/611/274 1600/613/274 1599/614/274
f 1599/614/275 1600/613/275 1602/615/275 1601/616/275
f 1601/616/541 1602/615/541 1604/617/541 1603/618/541
f 1603/618/277 1604/617/277 1606/619/277 1605/620/277
f 1605/620/278 1606/619/278 1608/621/278 1607/622/278
f 1607/622/279 1608/621/279 1610/623/279 1609/624/279
f 1609/624/280 1610/623/280 1612/625/280 1611/626/280
f 1611/626/281 1612/625/281 1614/627/281 1613/628/281
f 1613/628/282 1614/627/282 1616/629/282 1615/630/282
f 1615/630/283 1616/629/283 1618/631/283 1617/632/283
f 1617/632/284 1618/631/284 1620/633/284 1619/634/284
f 1619/634/285 1620/633/285 1622/635/285 1621/636/285
f 1621/636/286 1622/635/286 1624/637/286 1623/638/286
f 1623/638/287 1624/637/287 1626/639/287 1625/640/287
f 1625/640/542 1626/639/542 1628/641/542 1627/642/542
f 1627/642/289 1628/641/289 1630/643/289 1629/644/289
f 1629/644/290 1630/643/290 1632/645/290 1631/646/290
f 1631/646/291 1632/645/291 1634/647/291 1633/648/291
f 1633/648/292 1634/647/292 1636/649/292 1635/650/292
f 1635/650/293 1636/649/293 1638/651/293 1637/652/293
f 1637/652/543 1638/651/543 1640/653/543 1639/654/543
f 1639/654/295 1640/653/295 1642/655/295 1641/656/295
f 1641/656/296 1642/655/296 1644/657/296 1643/658/296
f 1643/658/544 1644/657/544 1646/659/544 1645/660/544
f 1645/660/298 1646/659/298 1648/661/298 1647/662/298
f 1647/662/545 1648/661/545 1650/663/545 1649/664/545
f 1649/664/546 1650/663/546 1652/665/546 1651/666/546
f 1651/666/547 1652/665/547 1654/667/547 1653/668/547
f 1653/668/302 1654/667/302 1656/669/302 1655/670/302
f 1655/670/303 1656/669/303 1658/671/303 1657/672/303
f 1657/672/304 1658/671/304 1660/673/304 1659/674/304
f 1659/674/305 1660/673/305 1662/675/305 1661/676/305
f 1661/676/306 1662/675/306 1664/677/306 1663/678/306
f 1663/678/548 1664/677/548 1666/679/548 1665/680/548
f 1665/680/308 1666/679/308 1668/681/308 1667/682/308
f 1667/682/549 1668/681/549 1670/683/549 1669/684/549
f 1669/684/310 1670/683/310 1672/685/310 1671/686/310
f 1671/686/311 1672/685/311 1674/687/311 1673/688/311
f 1673/688/312 1674/687/312 1676/689/312 1675/690/312
f 1675/690/313 1676/689/313 1678/691/313 1677/692/313
f 1677/692/314 1678/691/314 1680/693/314 1679/694/314
f 1679/694/550 1680/693/550 1682/695/550 1681/696/550
f 1681/696/316 1682/695/316 1684/697/316 1683/698/316
f 1683/698/317 1684/697/317 1686/699/317 1685/700/317
f 1685/700/318 1686/699/318 1688/701/318 1687/702/318
f 1687/702/319 1688/701/319 1690/703/319 1689/704/319
f 1689/704/551 1690/703/551 1692/705/551 1691/706/551
f 1691/706/552 1692/705/552 1694/707/552 1693/708/552
f 1693/708/322 1694/707/322 1696/709/322 1695/710/322
f 1695/710/323 1696/709/323 1698/711/323 1697/712/323
f 1697/712/324 1698/711/324 1700/713/324 1699/714/324
f 1699/714/325 1700/713/325 1702/715/325 1701/716/325
f 1701/716/553 1702/715/553 1704/717/553 1703/718/553
f 1703/718/327 1704/717/327 1706/719/327 1705/720/327
f 1705/720/328 1706/719/328 1708/721/328 1707/722/328
f 1707/722/329 1708/721/329 1710/723/329 1709/724/329
f 1709/724/330 1710/723/330 1712/725/330 1711/726/330
f 1711/726/331 1712/725/331 1714/727/331 1713/728/331
f 1713/728/332 1714/727/332 1716/729/332 1715/730/332
f 1715/730/333 1716/729/333 1718/731/333 1717/732/333
f 1717/732/334 1718/731/334 1720/733/334 1719/734/334
f 1719/734/335 1720/733/335 1722/735/335 1721/736/335
f 1721/736/336 1722/735/336 1724/737/336 1723/738/336
f 1723/738/337 1724/737/337 1726/739/337 1725/740/337
f 1725/740/338 1726/739/338 1728/741/338 1727/742/338
f 1727/742/554 1728/741/554 1730/743/554 1729/744/554
f 1729/744/340 1730/743/340 1732/745/340 1731/746/340
f 1731/746/341 1732/745/341 1734/747/341 1733/748/341
f 1733/748/342 1734/747/342 1736/749/342 1735/750/342
f 1735/750/555 1736/749/555 1738/751/555 1737/752/555
f 1737/752/344 1738/751/344 1740/753/344 1739/754/344
f 1739/754/556 1740/753/556 1742/755/556 1741/756/556
f 1741/756/346 1742/755/346 1744/757/346 1743/758/346
f 1743/758/347 1744/757/347 1746/759/347 1745/760/347
f 1745/760/348 1746/759/348 1748/761/348 1747/762/348
f 1747/762/349 1748/761/349 1750/763/349 1749/764/349
f 1749/764/557 1750/763/557 1752/765/557 1751/766/557
f 1751/766/351 1752/765/351 1754/767/351 1753/768/351
f 1753/768/558 1754/767/558 1756/769/558 1755/770/558
f 1755/770/353 1756/769/353 1758/771/353 1757/772/353
f 1757/772/354 1758/771/354 1760/773/354 1759/774/354
f 1759/774/559 1760/773/559 1762/775/559 1761/776/559
f 1761/776/356 1762/775/356 1764/777/356 1763/778/356
f 1763/778/560 1764/777/560 1766/779/560 1765/780/560
f 1765/780/358 1766/779/358 1768/781/358 1767/782/358
f 1767/782/561 1768/781/561 1770/783/561 1769/784/561
f 1769/784/360 1770/783/360 1772/785/360 1771/786/360
f 1771/786/361 1772/785/361 1774/787/361 1773/788/361
f 1773/788/362 1774/787/362 1776/789/362 1775/790/362
f 1775/790/363 1776/789/363 1778/791/363 1777/792/363
f 1777/792/364 1778/791/364 1780/793/364 1779/794/364
f 1779/794/365 1780/793/365 1782/795/365 1781/796/365
f 1781/796/366 1782/795/366 1784/797/366 1783/798/366
f 1783/798/367 1784/797/367 1786/799/367 1785/800/367
f 1785/800/368 1786/799/368 1788/801/368 1787/802/368
f 1787/802/562 1788/801/562 1790/803/562 1789/804/562
f 1789/804/563 1790/803/563 1792/805/563 1791/806/563
f 1791/806/564 1792/805/564 1794/807/564 1793/808/564
f 1793/808/565 1794/807/565 1796/809/565 1795/810/565
f 1795/810/373 1796/809/373 1798/811/373 1797/812/373
f 1797/812/374 1798/811/374 1800/813/374 1799/814/374
f 1799/814/375 1800/813/375 1802/815/375 1801/816/375
f 1801/816/376 1802/815/376 1804/817/376 1803/818/376
f 1803/818/377 1804/817/377 1806/819/377 1805/820/377
f 1805/820/378 1806/819/378 1808/821/378 1807/822/378
f 1807/822/379 1808/821/379 1810/823/379 1809/824/379
f 1809/824/380 1810/823/380 1812/825/380 1811/826/380
f 1811/826/381 1812/825/381 1814/827/381 1813/828/381
f 1813/828/566 1814/827/566 1816/829/566 1815/830/566
f 1815/830/383 1816/829/383 1818/831/383 1817/832/383
f 1817/832/384 1818/831/384 1820/833/384 1819/834/384
f 1819/834/385 1820/833/385 1822/835/385 1821/836/385
f 1821/836/386 1822/835/386 1824/837/386 1823/838/386
f 1823/838/387 1824/837/387 1826/839/387 1825/840/387
f 1825/840/388 1826/839/388 1828/841/388 1827/842/388
f 1827/842/567 1828/841/567 1830/843/567 1829/844/567
f 1829/844/390 1830/843/390 1832/845/390 1831/846/390
f 1831/846/391 1832/845/391 1834/847/391 1833/848/391
f 1833/848/392 1834/847/392 1836/849/392 1835/850/392
f 1835/850/393 1836/849/393 1838/851/393 1837/852/393
f 1837/852/394 1838/851/394 1840/853/394 1839/854/394
f 1839/854/395 1840/853/395 1842/855/395 1841/856/395
f 1841/856/396 1842/855/396 1844/857/396 1843/858/396
f 1843/858/397 1844/857/397 1846/859/397 1845/860/397
f 1845/860/398 1846/859/398 1848/861/398 1847/862/398
f 1847/862/568 1848/861/568 1850/863/568 1849/864/568
f 1849/864/569 1850/863/569 1852/865/569 1851/866/569
f 1851/866/570 1852/865/570 1854/867/570 1853/868/570
f 1853/868/571 1854/867/571 1856/869/571 1855/870/571
f 1855/870/403 1856/869/403 1858/871/403 1857/872/403
f 1857/872/404 1858/871/404 1860/873/404 1859/874/404
f 1859/874/405 1860/873/405 1862/875/405 1861/876/405
f 1861/876/406 1862/875/406 1864/877/406 1863/878/406
f 1863/878/407 1864/877/407 1866/879/407 1865/880/407
f 1865/880/408 1866/879/408 1868/881/408 1867/882/408
f 1867/882/409 1868/881/409 1870/883/409 1869/884/409
f 1869/884/410 1870/883/410 1872/885/410 1871/886/410
f 1871/886/411 1872/885/411 1874/887/411 1873/888/411
f 1873/888/572 1874/887/572 1876/889/572 1875/890/572
f 1875/890/413 1876/889/413 1878/891/413 1877/892/413
f 1877/892/573 1878/891/573 1880/893/573 1879/894/573
f 1879/894/415 1880/893/415 1882/895/415 1881/896/415
f 1881/896/574 1882/895/574 1884/897/574 1883/898/574
f 1883/898/417 1884/897/417 1886/899/417 1885/900/417
f 1885/900/418 1886/899/418 1888/901/418 1887/902/418
f 1887/902/575 1888/901/575 1890/903/575 1889/904/575
f 1889/904/420 1890/903/420 1892/905/420 1891/906/420
f 1891/906/576 1892/905/576 1894/907/576 1893/908/576
f 1893/908/422 1894/907/422 1896/909/422 1895/910/422
f 1895/910/423 1896/909/423 1898/911/423 1897/912/423
f 1897/912/424 1898/911/424 1900/913/424 1899/914/424
f 1899/914/425 1900/913/425 1902/915/425 1901/916/425
f 1901/916/577 1902/915/577 1904/917/577 1903/918/577
f 1903/918/427 1904/917/427 1906/919/427 1905/920/427
f 1905/920/578 1906/919/578 1908/921/578 1907/922/578
f 1907/922/429 1908/921/429 1910/923/429 1909/924/429
f 1909/924/430 1910/923/430 1912/925/430 1911/926/430
f 1911/926/431 1912/925/431 1914/927/431 1913/928/431
f 1913/928/579 1914/927/579 1916/929/579 1915/930/579
f 1915/930/433 1916/929/433 1918/931/433 1917/932/433
f 1917/932/434 1918/931/434 1920/933/434 1919/934/434
f 1919/934/435 1920/933/435 1922/935/435 1921/936/435
f 1921/936/436 1922/935/436 1924/937/436 1923/938/436
f 1923/938/437 1924/937/437 1926/939/437 1925/940/437
f 1925/940/438 1926/939/438 1928/941/438 1927/942/438
f 1927/942/439 1928/941/439 1930/943/439 1929/944/439
f 1929/944/440 1930/943/440 1932/945/440 1931/946/440
f 1931/946/441 1932/945/441 1934/947/441 1933/948/441
f 1933/948/442 1934/947/442 1936/949/442 1935/950/442
f 1935/950/443 1936/949/443 1938/951/443 1937/952/443
f 1937/952/444 1938/951/444 1940/953/444 1939/954/444
f 1939/954/580 1940/953/580 1942/955/580 1941/956/580
f 1941/956/446 1942/955/446 1944/957/446 1943/958/446
f 1943/958/447 1944/957/447 1946/959/447 1945/960/447
f 1945/960/448 1946/959/448 1948/961/448 1947/962/448
f 1947/962/449 1948/961/449 1950/963/449 1949/964/449
f 1949/964/581 1950/963/581 1952/965/581 1951/966/581
f 1951/966/582 1952/965/582 1954/967/582 1953/968/582
f 1953/968/452 1954/967/452 1956/969/452 1955/970/452
f 1955/970/453 1956/969/453 1958/971/453 1957/972/453
f 1957/972/454 1958/971/454 1960/973/454 1959/974/454
f 1959/974/455 1960/973/455 1962/975/455 1961/976/455
f 1961/976/583 1962/975/583 1964/977/583 1963/978/583
f 1963/978/457 1964/977/457 1966/979/457 1965/980/457
f 1965/980/458 1966/979/458 1968/981/458 1967/982/458
f 1967/982/459 1968/981/459 1970/983/459 1969/984/459
f 1969/984/460 1970/983/460 1972/985/460 1971/986/460
f 1971/986/461 1972/985/461 1974/987/461 1973/988/461
f 1973/988/584 1974/987/584 1976/989/584 1975/990/584
f 1975/990/463 1976/989/463 1978/991/463 1977/992/463
f 1977/992/585 1978/991/585 1980/993/585 1979/994/585
f 1979/994/465 1980/993/465 1982/995/465 1981/996/465
f 1981/996/466 1982/995/466 1984/997/466 1983/998/466
f 1983/998/467 1984/997/467 1986/999/467 1985/1000/467
f 1985/1000/468 1986/999/468 1988/1001/468 1987/1002/468
f 1987/1002/469 1988/1001/469 1990/1003/469 1989/1004/469
f 1989/1004/586 1990/1003/586 1992/1005/586 1991/1006/586
f 1991/1006/587 1992/1005/587 1994/1007/587 1993/1008/587
f 1993/1008/588 1994/1007/588 1996/1009/588 1995/1010/588
f 1995/1010/473 1996/1009/473 1998/1011/473 1997/1012/473
f 1997/1012/589 1998/1011/589 2000/1013/589 1999/1014/589
f 1999/1014/475 2000/1013/475 2002/1015/475 2001/1016/475
f 2001/1016/476 2002/1015/476 2004/1017/476 2003/1018/476
f 2003/1018/590 2004/1017/590 2006/1019/590 2005/1020/590
f 2005/1020/478 2006/1019/478 2008/1021/478 2007/1022/478
f 2007/1022/479 2008/1021/479 2010/1023/479 2009/1024/479
f 2009/1024/480 2010/1023/480 2012/1025/480 2011/1026/480
f 2011/1026/481 2012/1025/481 2014/1027/481 2013/1028/481
f 2013/1028/482 2014/1027/482 2016/1029/482 2015/1030/482
f 2015/1030/591 2016/1029/591 2018/1031/591 2017/1032/591
f 2017/1032/484 2018/1031/484 2020/1033/484 2019/1034/484
f 2019/1034/485 2020/1033/485 2022/1035/485 2021/1036/485
f 2021/1036/486 2022/1035/486 2024/1037/486 2023/1038/486
f 2023/1038/487 2024/1037/487 2026/1039/487 2025/1040/487
f 2025/1040/488 2026/1039/488 2028/1041/488 2027/1042/488
f 2027/1042/489 2028/1041/489 2030/1043/489 2029/1044/489
f 2029/1044/490 2030/1043/490 2032/1045/490 2031/1046/490
f 2031/1046/491 2032/1045/491 2034/1047/491 2033/1048/491
f 2033/1048/492 2034/1047/492 2036/1049/492 2035/1050/492
f 2035/1050/493 2036/1049/493 2038/1051/493 2037/1052/493
f 2037/1052/494 2038/1051/494 2040/1053/494 2039/1054/494
f 2039/1054/592 2040/1053/592 2042/1055/592 2041/1056/592
f 2041/1056/496 2042/1055/496 2044/1057/496 2043/1058/496
f 2043/1058/497 2044/1057/497 2046/1059/497 2045/1060/497
f 2045/1060/498 2046/1059/498 2048/1061/498 2047/1062/498
f 2047/1062/499 2048/1061/499 2050/1063/499 2049/1064/499
f 2049/1064/500 2050/1063/500 2052/1065/500 2051/1066/500
f 2051/1066/501 2052/1065/501 2054/1067/501 2053/1068/501
f 2053/1068/502 2054/1067/502 2056/1069/502 2055/1070/502
f 2055/1070/503 2056/1069/503 2058/1071/503 2057/1072/503
f 2057/1072/504 2058/1071/504 2060/1073/504 2059/1074/504
f 2059/1074/505 2060/1073/505 2062/1075/505 2061/1076/505
f 2061/1076/506 2062/1075/506 2064/1077/506 2063/1078/506
f 2063/1078/507 2064/1077/507 2066/1079/507 2065/1080/507
f 2065/1080/508 2066/1079/508 2068/1081/508 2067/1082/508
f 1074/1083/509 1072/1084/509 2070/1085/509 2068/1086/509 2066/1087/509 2064/1088/509 2062/1089/509 2060/1090/509 2058/1091/509 2056/1092/509 2054/1093/509 2052/1094/509 2050/1095/509 2048/1096/509 2046/1097/509 2044/1098/509 2042/1099/509 2040/1100/509 2038/1101/509 2036/1102/509 2034/1103/509 2032/1104/509 2030/1105/509 2028/1106/509 2026/1107/509 2024/1108/509 2022/1109/509 2020/1110/509 2018/1111/509 2016/1112/509 2014/1113/509 2012/1114/509 2010/1115/509 2008/1116/509 2006/1117/509 2004/1118/509 2002/1119/509 2000/1120/509 1998/1121/509 1996/1122/509 1994/1123/509 1992/1124/509 1990/1125/509 1988/1126/509 1986/1127/509 1984/1128/509 1982/1129/509 1980/1130/509 1978/1131/509 1976/1132/509 1974/1133/509 1972/1134/509 1970/1135/509 1968/1136/509 1966/1137/509 1964/1138/509 1962/1139/509 1960/1140/509 1958/1141/509 1956/1142/509 1954/1143/509 1952/1144/509 1950/1145/509 1948/1146/509 1946/1147/509 1944/1148/509 1942/1149/509 1940/1150/509 1938/1151/509 1936/1152/509 1934/1153/509 1932/1154/509 1930/1155/509 1928/1156/509 1926/1157/509 1924/1158/509 1922/1159/509 1920/1160/509 1918/1161/509 1916/1162/509 1914/1163/509 1912/1164/509 1910/1165/509 1908/1166/509 1906/1167/509 1904/1168/509 1902/1169/509 1900/1170/509 1898/1171/509 1896/1172/509 1894/1173/509 1892/1174/509 1890/1175/509 1888/1176/509 1886/1177/509 1884/1178/509 1882/1179/509 1880/1180/509 1878/1181/509 1876/1182/509 1874/1183/509 1872/1184/509 1870/1185/509 1868/1186/509 1866/1187/509 1864/1188/509 1862/1189/509 1860/1190/509 1858/1191/509 1856/1192/509 1854/1193/509 1852/1194/509 1850/1195/509 1848/1196/509 1846/1197/509 1844/1198/509 1842/1199/509 1840/1200/509 1838/1201/509 1836/1202/509 1834/1203/509 1832/1204/509 1830/1205/509 1828/1206/509 1826/1207/509 1824/1208/509 1822/1209/509 1820/1210/509 1818/1211/509 1816/1212/509 1814/1213/509 1812/1214/509 1810/1215/509 1808/1216/509 1806/1217/509 1804/1218/509 1802/1219/509 1800/1220/509 1798/1221/509 1796/1222/509 1794/1223/509 1792/1224/509 1790/1225/509 1788/1226/509 1786/1227/509 1784/1228/509 1782/1229/509 1780/1230/509 1778/1231/509 1776/1232/509 1774/1233/509 1772/1234/509 1770/1235/509 1768/1236/509 1766/1237/509 1764/1238/509 1762/1239/509 1760/1240/509 1758/1241/509 1756/1242/509 1754/1243/509 1752/1244/509 1750/1245/509 1748/1246/509 1746/1247/509 1744/1248/509 1742/1249/509 1740/1250/509 1738/1251/509 1736/1252/509 1734/1253/509 1732/1254/509 1730/1255/509 1728/1256/509 1726/1257/509 1724/1258/509 1722/1259/509 1720/1260/509 1718/1261/509 1716/1262/509 1714/1263/509 1712/1264/509 1710/1265/509 1708/1266/509 1706/1267/509 1704/1268/509 1702/1269/509 1700/1270/509 1698/1271/509 1696/1272/509 1694/1273/509 1692/1274/509 1690/1275/509 1688/1276/509 1686/1277/509 1684/1278/509 1682/1279/509 1680/1280/509 1678/1281/509 1676/1282/509 1674/1283/509 1672/1284/509 1670/1285/509 1668/1286/509 1666/1287/509 1664/1288/509 1662/1289/509 1660/1290/509 1658/1291/509 1656/1292/509 1654/1293/509 1652/1294/509 1650/1295/509 1648/1296/509 1646/1297/509 1644/1298/509 1642/1299/509 1640/1300/509 1638/1301/509 1636/1302/509 1634/1303/509 1632/1304/509 1630/1305/509 1628/1306/509 1626/1307/509 1624/1308/509 1622/1309/509 1620/1310/509 1618/1311/509 1616/1312/509 1614/1313/509 1612/1314/509 1610/1315/509 1608/1316/509 1606/1317/509 1604/1318/509 1602/1319/509 1600/1320/509 1598/1321/509 1596/1322/509 1594/1323/509 1592/1324/509 1590/1325/509 1588/1326/509 1586/1327/509 1584/1328/509 1582/1329/509 1580/1330/509 1578/1331/509 1576/1332/509 1574/1333/509 1572/1334/509 1570/1335/509 1568/1336/509 1566/1337/509 1564/1338/509 1562/1339/509 1560/1340/509 1558/1341/509 1556/1342/509 1554/1343/509 1552/1344/509 1550/1345/509 1548/1346/509 1546/1347/509 1544/1348/509 1542/1349/509 1540/1350/509 1538/1351/509 1536/1352/509 1534/1353/509 1532/1354/509 1530/1355/509 1528/1356/509 1526/1357/509 1524/1358/509 1522/1359/509 1520/1360/509 1518/1361/509 1516/1362/509 1514/1363/509 1512/1364/509 1510/1365/509 1508/1366/509 1506/1367/509 1504/1368/509 1502/1369/509 1500/1370/509 1498/1371/509 1496/1372/509 1494/1373/509 1492/1374/509 1490/1375/509 1488/1376/509 1486/1377/509 1484/1378/509 1482/1379/509 1480/1380/509 1478/1381/509 1476/1382/509 1474/1383/509 1472/1384/509 1470/1385/509 1468/1386/509 1466/1387/509 1464/1388/509 1462/1389/509 1460/1390/509 1458/1391/509 1456/1392/509 1454/1393/509 1452/1394/509 1450/1395/509 1448/1396/509 1446/1397/509 1444/1398/509 1442/1399/509 1440/1400/509 1438/1401/509 1436/1402/509 1434/1403/509 1432/1404/509 1430/1405/509 1428/1406/509 1426/1407/509 1424/1408/509 1422/1409/509 1420/1410/509 1418/1411/509 1416/1412/509 1414/1413/509 1412/1414/509 1410/1415/509 1408/1416/509 1406/1417/509 1404/1418/509 1402/1419/509 1400/1420/509 1398/1421/509 1396/1422/509 1394/1423/509 1392/1424/509 1390/1425/509 1388/1426/509 1386/1427/509 1384/1428/509 1382/1429/509 1380/1430/509 1378/1431/509 1376/1432/509 1374/1433/509 1372/1434/509 1370/1435/509 1368/1436/509 1366/1437/509 1364/1438/509 1362/1439/509 1360/1440/509 1358/1441/509 1356/1442/509 1354/1443/509 1352/1444/509 1350/1445/509 1348/1446/509 1346/1447/509 1344/1448/509 1342/1449/509 1340/1450/509 1338/1451/509 1336/1452/509 1334/1453/509 1332/1454/509 1330/1455/509 1328/1456/509 1326/1457/509 1324/1458/509 1322/1459/509 1320/1460/509 1318/1461/509 1316/1462/509 1314/1463/509 1312/1464/509 1310/1465/509 1308/1466/509 1306/1467/509 1304/1468/509 1302/1469/509 1300/1470/509 1298/1471/509 1296/1472/509 1294/1473/509 1292/1474/509 1290/1475/509 1288/1476/509 1286/1477/509 1284/1478/509 1282/1479/509 1280/1480/509 1278/1481/509 1276/1482/509 1274/1483/509 1272/1484/509 1270/1485/509 1268/1486/509 1266/1487/509 1264/1488/509 1262/1489/509 1260/1490/509 1258/1491/509 1256/1492/509 1254/1493/509 1252/1494/509 1250/1495/509 1248/1496/509 1246/1497/509 1244/1498/509 1242/1499/509 1240/1500/509 1238/1501/509 1236/1502/509 1234/1503/509 1232/1504/509 1230/1505/509 1228/1506/509 1226/1507/509 1224/1508/509 1222/1509/509 1220/1510/509 1218/1511/509 1216/1512/509 1214/1513/509 1212/1514/509 1210/1515/509 1208/1516/509 1206/1517/509 1204/1518/509 1202/1519/509 1200/1520/509 1198/1521/509 1196/1522/509 1194/1523/509 1192/1524/509 1190/1525/509 1188/1526/509 1186/1527/509 1184/1528/509 1182/1529/509 1180/1530/509 1178/1531/509 1176/1532/509 1174/1533/509 1172/1534/509 1170/1535/509 1168/1536/509 1166/1537/509 1164/1538/509 1162/1539/509 1160/1540/509 1158/1541/509 1156/1542/509 1154/1543/509 1152/1544/509 1150/1545/509 1148/1546/509 1146/1547/509 1144/1548/509 1142/1549/509 1140/1550/509 1138/1551/509 1136/1552/509 1134/1553/509 1132/1554/509 1130/1555/509 1128/1556/509 1126/1557/509 1124/1558/509 1122/1559/509 1120/1560/509 1118/1561/509 1116/1562/509 1114/1563/509 1112/1564/509 1110/1565/509 1108/1566/509 1106/1567/509 1104/1568/509 1102/1569/509 1100/1570/509 1098/1571/509 1096/1572/509 1094/1573/509 1092/1574/509 1090/1575/509 1088/1576/509 1086/1577/509 1084/1578/509 1082/1579/509 1080/1580/509 1078/1581/509 1076/1582/509
f 2067/1082/510 2068/1081/510 2070/1583/510 2069/1584/510
f 2069/1584/511 2070/1583/511 1072/1585/511 1071/1586/511
f 1071/1587/512 1073/1588/512 1075/1589/512 1077/1590/512 1079/1591/512 1081/1592/512 1083/1593/512 1085/1594/512 1087/1595/512 1089/1596/512 1091/1597/512 1093/1598/512 1095/1599/512 1097/1600/512 1099/1601/512 1101/1602/512 1103/1603/512 1105/1604/512 1107/1605/512 1109/1606/512 1111/1607/512 1113/1608/512 1115/1609/512 1117/1610/512 1119/1611/512 1121/1612/512 1123/1613/512 1125/1614/512 1127/1615/512 1129/1616/512 1131/1617/512 1133/1618/512 1135/1619/512 1137/1620/512 1139/1621/512 1141/1622/512 1143/1623/512 1145/1624/512 1147/1625/512 1149/1626/512 1151/1627/512 1153/1628/512 1155/1629/512 1157/1630/512 1159/1631/512 1161/1632/512 1163/1633/512 1165/1634/512 1167/1635/512 1169/1636/512 1171/1637/512 1173/1638/512 1175/1639/512 1177/1640/512 1179/1641/512 1181/1642/512 1183/1643/512 1185/1644/512 1187/1645/512 1189/1646/512 1191/1647/512 1193/1648/512 1195/1649/512 1197/1650/512 1199/1651/512 1201/1652/512 1203/1653/512 1205/1654/512 1207/1655/512 1209/1656/512 1211/1657/512 1213/1658/512 1215/1659/512 1217/1660/512 1219/1661/512 1221/1662/512 1223/1663/512 1225/1664/512 1227/1665/512 1229/1666/512 1231/1667/512 1233/1668/512 1235/1669/512 1237/1670/512 1239/1671/512 1241/1672/512 1243/1673/512 1245/1674/512 1247/1675/512 1249/1676/512 1251/1677/512 1253/1678/512 1255/1679/512 1257/1680/512 1259/1681/512 1261/1682/512 1263/1683/512 1265/1684/512 1267/1685/512 1269/1686/512 1271/1687/512 1273/1688/512 1275/1689/512 1277/1690/512 1279/1691/512 1281/1692/512 1283/1693/512 1285/1694/512 1287/1695/512 1289/1696/512 1291/1697/512 1293/1698/512 1295/1699/512 1297/1700/512 1299/1701/512 1301/1702/512 1303/1703/512 1305/1704/512 1307/1705/512 1309/1706/512 1311/1707/512 1313/1708/512 1315/1709/512 1317/1710/512 1319/1711/512 1321/1712/512 1323/1713/512 1325/1714/512 1327/1715/512 1329/1716/512 1331/1717/512 1333/1718/512 1335/1719/512 1337/1720/512 1339/1721/512 1341/1722/512 1343/1723/512 1345/1724/512 1347/1725/512 1349/1726/512 1351/1727/512 1353/1728/512 1355/1729/512 1357/1730/512 1359/1731/512 1361/1732/512 1363/1733/512 1365/1734/512 1367/1735/512 1369/1736/512 1371/1737/512 1373/1738/512 1375/1739/512 1377/1740/512 1379/1741/512 1381/1742/512 1383/1743/512 1385/1744/512 1387/1745/512 1389/1746/512 1391/1747/512 1393/1748/512 1395/1749/512 1397/1750/512 1399/1751/512 1401/1752/512 1403/1753/512 1405/1754/512 1407/1755/512 1409/1756/512 1411/1757/512 1413/1758/512 1415/1759/512 1417/1760/512 1419/1761/512 1421/1762/512 1423/1763/512 1425/1764/512 1427/1765/512 1429/1766/512 1431/1767/512 1433/1768/512 1435/1769/512 1437/1770/512 1439/1771/512 1441/1772/512 1443/1773/512 1445/1774/512 1447/1775/512 1449/1776/512 1451/1777/512 1453/1778/512 1455/1779/512 1457/1780/512 1459/1781/512 1461/1782/512 1463/1783/512 1465/1784/512 1467/1785/512 1469/1786/512 1471/1787/512 1473/1788/512 1475/1789/512 1477/1790/512 1479/1791/512 1481/1792/512 1483/1793/512 1485/1794/512 1487/1795/512 1489/1796/512 1491/1797/512 1493/1798/512 1495/1799/512 1497/1800/512 1499/1801/512 1501/1802/512 1503/1803/512 1505/1804/512 1507/1805/512 1509/1806/512 1511/1807/512 1513/1808/512 1515/1809/512 1517/1810/512 1519/1811/512 1521/1812/512 1523/1813/512 1525/1814/512 1527/1815/512 1529/1816/512 1531/1817/512 1533/1818/512 1535/1819/512 1537/1820/512 1539/1821/512 1541/1822/512 1543/1823/512 1545/1824/512 1547/1825/512 1549/1826/512 1551/1827/512 1553/1828/512 1555/1829/512 1557/1830/512 1559/1831/512 1561/1832/512 1563/1833/512 1565/1834/512 1567/1835/512 1569/1836/512 1571/1837/512 1573/1838/512 1575/1839/512 1577/1840/512 1579/1841/512 1581/1842/512 1583/1843/512 1585/1844/512 1587/1845/512 1589/1846/512 1591/1847/512 1593/1848/512 1595/1849/512 1597/1850/512 1599/1851/512 1601/1852/512 1603/1853/512 1605/1854/512 1607/1855/512 1609/1856/512 1611/1857/512 1613/1858/512 1615/1859/512 1617/1860/512 1619/1861/512 1621/1862/512 1623/1863/512 1625/1864/512 1627/1865/512 1629/1866/512 1631/1867/512 1633/1868/512 1635/1869/512 1637/1870/512 1639/1871/512 1641/1872/512 1643/1873/512 1645/1874/512 1647/1875/512 1649/1876/512 1651/1877/512 1653/1878/512 1655/1879/512 1657/1880/512 1659/1881/512 1661/1882/512 1663/1883/512 1665/1884/512 1667/1885/512 1669/1886/512 1671/1887/512 1673/1888/512 1675/1889/512 1677/1890/512 1679/1891/512 1681/1892/512 1683/1893/512 1685/1894/512 1687/1895/512 1689/1896/512 1691/1897/512 1693/1898/512 1695/1899/512 1697/1900/512 1699/1901/512 1701/1902/512 1703/1903/512 1705/1904/512 1707/1905/512 1709/1906/512 1711/1907/512 1713/1908/512 1715/1909/512 1717/1910/512 1719/1911/512 1721/1912/512 1723/1913/512 1725/1914/512 1727/1915/512 1729/1916/512 1731/1917/512 1733/1918/512 1735/1919/512 1737/1920/512 1739/1921/512 1741/1922/512 1743/1923/512 1745/1924/512 1747/1925/512 1749/1926/512 1751/1927/512 1753/1928/512 1755/1929/512 1757/1930/512 1759/1931/512 1761/1932/512 1763/1933/512 1765/1934/512 1767/1935/512 1769/1936/512 1771/1937/512 1773/1938/512 1775/1939/512 1777/1940/512 1779/1941/512 1781/1942/512 1783/1943/512 1785/1944/512 1787/1945/512 1789/1946/512 1791/1947/512 1793/1948/512 1795/1949/512 1797/1950/512 1799/1951/512 1801/1952/512 1803/1953/512 1805/1954/512 1807/1955/512 1809/1956/512 1811/1957/512 1813/1958/512 1815/1959/512 1817/1960/512 1819/1961/512 1821/1962/512 1823/1963/512 1825/1964/512 1827/1965/512 1829/1966/512 1831/1967/512 1833/1968/512 1835/1969/512 1837/1970/512 1839/1971/512 1841/1972/512 1843/1973/512 1845/1974/512 1847/1975/512 1849/1976/512 1851/1977/512 1853/1978/512 1855/1979/512 1857/1980/512 1859/1981/512 1861/1982/512 1863/1983/512 1865/1984/512 1867/1985/512 1869/1986/512 1871/1987/512 1873/1988/512 1875/1989/512 1877/1990/512 1879/1991/512 1881/1992/512 1883/1993/512 1885/1994/512 1887/1995/512 1889/1996/512 1891/1997/512 1893/1998/512 1895/1999/512 1897/2000/512 1899/2001/512 1901/2002/512 1903/2003/512 1905/2004/512 1907/2005/512 1909/2006/512 1911/2007/512 1913/2008/512 1915/2009/512 1917/2010/512 1919/2011/512 1921/2012/512 1923/2013/512 1925/2014/512 1927/2015/512 1929/2016/512 1931/2017/512 1933/2018/512 1935/2019/512 1937/2020/512 1939/2021/512 1941/2022/512 1943/2023/512 1945/2024/512 1947/2025/512 1949/2026/512 1951/2027/512 1953/2028/512 1955/2029/512 1957/2030/512 1959/2031/512 1961/2032/512 1963/2033/512 1965/2034/512 1967/2035/512 1969/2036/512 1971/2037/512 1973/2038/512 1975/2039/512 1977/2040/512 1979/2041/512 1981/2042/512 1983/2043/512 1985/2044/512 1987/2045/512 1989/2046/512 1991/2047/512 1993/2048/512 1995/2049/512 1997/2050/512 1999/2051/512 2001/2052/512 2003/2053/512 2005/2054/512 2007/2055/512 2009/2056/512 2011/2057/512 2013/2058/512 2015/2059/512 2017/2060/512 2019/2061/512 2021/2062/512 2023/2063/512 2025/2064/512 2027/2065/512 2029/2066/512 2031/2067/512 2033/2068/512 2035/2069/512 2037/2070/512 2039/2071/512 2041/2072/512 2043/2073/512 2045/2074/512 2047/2075/512 2049/2076/512 2051/2077/512 2053/2078/512 2055/2079/512 2057/2080/512 2059/2081/512 2061/2082/512 2063/2083/512 2065/2084/512 2067/2085/512 2069/2086/512
o roues_droite
v 1.554527 0.003879 0.993997
v 1.554527 0.003879 1.166003
v 1.559167 0.003850 0.993997
v 1.559167 0.003850 1.166003
v 1.563806 0.003762 0.993997
v 1.563806 0.003762 1.166003
v 1.568444 0.003616 0.993997
v 1.568444 0.003616 1.166003
v 1.573079 0.003412 0.993997
v 1.573079 0.003412 1.166003
v 1.577712 0.003150 0.993997
v 1.577712 0.003150 1.166003
v 1.582341 0.002830 0.993997
v 1.582341 0.002830 1.166003
v 1.586966 0.002451 0.993997
v 1.586966 0.002451 1.166003
v 1.591585 0.002014 0.993997
v 1.591585 0.002014 1.166003
v 1.596199 0.001520 0.993997
v 1.596199 0.001520 1.166003
v 1.600806 0.000967 0.993997
v 1.600806 0.000967 1.166003
v 1.605406 0.000357 0.993997
v 1.605406 0.000357 1.166003
v 1.609998 -0.000311 0.993997
v 1.609998 -0.000311 1.166003
v 1.614581 -0.001037 0.993997
v 1.614581 -0.001037 1.166003
v 1.619154 -0.001821 0.993997
v 1.619154 -0.001821 1.166003
v 1.623717 -0.002662 0.993997
v 1.623717 -0.002662 1.166003
v 1.628270 -0.003560 0.993997
v 1.628270 -0.003560 1.166003
v 1.632810 -0.004515 0.993997
v 1.632810 -0.004515 1.166003
v 1.637339 -0.005527 0.993997
v 1.637339 -0.005527 1.166003
v 1.641854 -0.006596 0.993997
v 1.641854 -0.006596 1.166003
v 1.646355 -0.007722 0.993997
v 1.646355 -0.007722 1.166003
v 1.650842 -0.008904 0.993997
v 1.650842 -0.008904 1.166003
v 1.655314 -0.010142 0.993997
v 1.655314 -0.010142 1.166003
v 1.659770 -0.011437 0.993997
v 1.659770 -0.011437 1.166003
v 1.664209 -0.012787 0.993997
v 1.664209 -0.012787 1.166003
v 1.668631 -0.014194 0.993997
v 1.668631 -0.014194 1.166003
v 1.673035 -0.015655 0.993997
v 1.673035 -0.015655 1.166003
v 1.677420 -0.017172 0.993997
v 1.677420 -0.017172 1.166003
v 1.681786 -0.018744 0.993997
v 1.681786 -0.018744 1.166003
v 1.686132 -0.020370 0.993997
v 1.686132 -0.020370 1.166003
v 1.690457 -0.022051 0.993997
v 1.690457 -0.022051 1.166003
v 1.694760 -0.023786 0.993997
v 1.694760 -0.023786 1.166003
v 1.699041 -0.025576 0.993997
v 1.699041 -0.025576 1.166003
v 1.703300 -0.027418 0.993997
v 1.703300 -0.027418 1.166003
v 1.707535 -0.029314 0.993997
v 1.707535 -0.029314 1.166003
v 1.711746 -0.031264 0.993997
v 1.711746 -0.031264 1.166003
v 1.715932 -0.033266 0.993997
v 1.715932 -0.033266 1.166003
v 1.720092 -0.035320 0.993997
v 1.720092 -0.035320 1.166003
v 1.724226 -0.037427 0.993997
v 1.724226 -0.037427 1.166003
v 1.728334 -0.039585 0.993997
v 1.728334 -0.039585 1.166003
v 1.732414 -0.041795 0.993997
v 1.732414 -0.041795 1.166003
v 1.736466 -0.044056 0.993997
v 1.736466 -0.044056 1.166003
v 1.740489 -0.046367 0.993997
v 1.740489 -0.046367 1.166003
v 1.744483 -0.048729 0.993997
v 1.744483 -0.048729 1.166003
v 1.748447 -0.051141 0.993997
v 1.748447 -0.051141 1.166003
v 1.752381 -0.053603 0.993997
v 1.752381 -0.053603 1.166003
v 1.756283 -0.056114 0.993997
v 1.756283 -0.056114 1.166003
v 1.760153 -0.058674 0.993997
v 1.760153 -0.058674 1.166003
v 1.763991 -0.061282 0.993997
v 1.763991 -0.061282 1.166003
v 1.767795 -0.063938 0.993997
v 1.767795 -0.063938 1.166003
v 1.771566 -0.066642 0.993997
v 1.771566 -0.066642 1.166003
v 1.775303 -0.069392 0.993997
v 1.775303 -0.069392 1.166003
v 1.779005 -0.072190 0.993997
v 1.779005 -0.072190 1.166003
v 1.782671 -0.075034 0.993997
v 1.782671 -0.075034 1.166003
v 1.786301 -0.077924 0.993997
v 1.786301 -0.077924 1.166003
v 1.789895 -0.080859 0.993997
v 1.789895 -0.080859 1.166003
v 1.793452 -0.083839 0.993997
v 1.793452 -0.083839 1.166003
v 1.796971 -0.086864 0.993997
v 1.796971 -0.086864 1.166003
v 1.800451 -0.089932 0.993997
v 1.800451 -0.089932 1.166003
v 1.803893 -0.093044 0.993997
v 1.803893 -0.093044 1.166003
v 1.807295 -0.096199 0.993997
v 1.807295 -0.096199 1.166003
v 1.810658 -0.099397 0.993997
v 1.810658 -0.099397 1.166003
v 1.813980 -0.102636 0.993997
v 1.813980 -0.102636 1.166003
v 1.817261 -0.105917 0.993997
v 1.817261 -0.105917 1.166003
v 1.820500 -0.109239 0.993997
v 1.820500 -0.109239 1.166003
v 1.823698 -0.112602 0.993997
v 1.823698 -0.112602 1.166003
v 1.826853 -0.116004 0.993997
v 1.826853 -0.116004 1.166003
v 1.829965 -0.119446 0.993997
v 1.829965 -0.119446 1.166003
v 1.833034 -0.122927 0.993997
v 1.833034 -0.122927 1.166003
v 1.836058 -0.126446 0.993997
v 1.836058 -0.126446 1.166003
v 1.839038 -0.130002 0.993997
v 1.839038 -0.130002 1.166003
v 1.841974 -0.133596 0.993997
v 1.841974 -0.133596 1.166003
v 1.844863 -0.137226 0.993997
v 1.844863 -0.137226 1.166003
v 1.847707 -0.140893 0.993997
v 1.847707 -0.140893 1.166003
v 1.850505 -0.144594 0.993997
v 1.850505 -0.144594 1.166003
v 1.853256 -0.148331 0.993997
v 1.853256 -0.148331 1.166003
v 1.855960 -0.152102 0.993997
v 1.855960 -0.152102 1.166003
v 1.858616 -0.155907 0.993997
v 1.858616 -0.155907 1.166003
v 1.861224 -0.159745 0.993997
v 1.861224 -0.159745 1.166003
v 1.863784 -0.163615 0.993997
v 1.863784 -0.163615 1.166003
v 1.866294 -0.167517 0.993997
v 1.866294 -0.167517 1.166003
v 1.868756 -0.171450 0.993997
v 1.868756 -0.171450 1.166003
v 1.871168 -0.175414 0.993997
v 1.871168 -0.175414 1.166003
v 1.873530 -0.179408 0.993997
v 1.873530 -0.179408 1.166003
v 1.875842 -0.183431 0.993997
v 1.875842 -0.183431 1.166003
v 1.878103 -0.187483 0.993997
v 1.878103 -0.187483 1.166003
v 1.880312 -0.191563 0.993997
v 1.880312 -0.191563 1.166003
v 1.882471 -0.195671 0.993997
v 1.882471 -0.195671 1.166003
v 1.884577 -0.199805 0.993997
v 1.884577 -0.199805 1.166003
v 1.886632 -0.203966 0.993997
v 1.886632 -0.203966 1.166003
v 1.888634 -0.208152 0.993997
v 1.888634 -0.208152 1.166003
v 1.890583 -0.212363 0.993997
v 1.890583 -0.212363 1.166003
v 1.892479 -0.216598 0.993997
v 1.892479 -0.216598 1.166003
v 1.894322 -0.220856 0.993997
v 1.894322 -0.220856 1.166003
v 1.896111 -0.225137 0.993997
v 1.896111 -0.225137 1.166003
v 1.897846 -0.229441 0.993997
v 1.897846 -0.229441 1.166003
v 1.899527 -0.233766 0.993997
v 1.899527 -0.233766 1.166003
v 1.901154 -0.238111 0.993997
v 1.901154 -0.238111 1.166003
v 1.902725 -0.242477 0.993997
v 1.902725 -0.242477 1.166003
v 1.904242 -0.246862 0.993997
v 1.904242 -0.246862 1.166003
v 1.905704 -0.251266 0.993997
v 1.905704 -0.251266 1.166003
v 1.907110 -0.255688 0.993997
v 1.907110 -0.255688 1.166003
v 1.908460 -0.260127 0.993997
v 1.908460 -0.260127 1.166003
v 1.909755 -0.264583 0.993997
v 1.909755 -0.264583 1.166003
v 1.910993 -0.269055 0.993997
v 1.910993 -0.269055 1.166003
v 1.912176 -0.273542 0.993997
v 1.912176 -0.273542 1.166003
v 1.913301 -0.278043 0.993997
v 1.913301 -0.278043 1.166003
v 1.914370 -0.282559 0.993997
v 1.914370 -0.282559 1.166003
v 1.915383 -0.287087 0.993997
v 1.915383 -0.287087 1.166003
v 1.916338 -0.291628 0.993997
v 1.916338 -0.291628 1.166003
v 1.917236 -0.296180 0.993997
v 1.917236 -0.296180 1.166003
v 1.918077 -0.300743 0.993997
v 1.918077 -0.300743 1.166003
v 1.918860 -0.305317 0.993997
v 1.918860 -0.305317 1.166003
v 1.919586 -0.309900 0.993997
v 1.919586 -0.309900 1.166003
v 1.920254 -0.314492 0.993997
v 1.920254 -0.314492 1.166003
v 1.920865 -0.319091 0.993997
v 1.920865 -0.319091 1.166003
v 1.921417 -0.323698 0.993997
v 1.921417 -0.323698 1.166003
v 1.921912 -0.328312 0.993997
v 1.921912 -0.328312 1.166003
v 1.922348 -0.332932 0.993997
v 1.922348 -0.332932 1.166003
v 1.922727 -0.337556 0.993997
v 1.922727 -0.337556 1.166003
v 1.923048 -0.342185 0.993997
v 1.923048 -0.342185 1.166003
v 1.923310 -0.346818 0.993997
v 1.923310 -0.346818 1.166003
v 1.923514 -0.351453 0.993997
v 1.923514 -0.351453 1.166003
v 1.923660 -0.356091 0.993997
v 1.923660 -0.356091 1.166003
v 1.923747 -0.360731 0.993997
v 1.923747 -0.360731 1.166003
v 1.923776 -0.365371 0.993997
v 1.923776 -0.365371 1.166003
v 1.923747 -0.370011 0.993997
v 1.923747 -0.370011 1.166003
v 1.923660 -0.374650 0.993997
v 1.923660 -0.374650 1.166003
v 1.923514 -0.379288 0.993997
v 1.923514 -0.379288 1.166003
v 1.923310 -0.383923 0.993997
v 1.923310 -0.383923 1.166003
v 1.923048 -0.388556 0.993997
v 1.923048 -0.388556 1.166003
v 1.922727 -0.393185 0.993997
v 1.922727 -0.393185 1.166003
v 1.922348 -0.397810 0.993997
v 1.922348 -0.397810 1.166003
v 1.921912 -0.402429 0.993997
v 1.921912 -0.402429 1.166003
v 1.921417 -0.407043 0.993997
v 1.921417 -0.407043 1.166003
v 1.920865 -0.411650 0.993997
v 1.920865 -0.411650 1.166003
v 1.920254 -0.416250 0.993997
v 1.920254 -0.416250 1.166003
v 1.919586 -0.420841 0.993997
v 1.919586 -0.420841 1.166003
v 1.918860 -0.425424 0.993997
v 1.918860 -0.425424 1.166003
v 1.918077 -0.429998 0.993997
v 1.918077 -0.429998 1.166003
v 1.917236 -0.434561 0.993997
v 1.917236 -0.434561 1.166003
v 1.916338 -0.439113 0.993997
v 1.916338 -0.439113 1.166003
v 1.915383 -0.443654 0.993997
v 1.915383 -0.443654 1.166003
v 1.914370 -0.448182 0.993997
v 1.914370 -0.448182 1.166003
v 1.913301 -0.452698 0.993997
v 1.913301 -0.452698 1.166003
v 1.912176 -0.457199 0.993997
v 1.912176 -0.457199 1.166003
v 1.910993 -0.461686 0.993997
v 1.910993 -0.461686 1.166003
v 1.909755 -0.466158 0.993997
v 1.909755 -0.466158 1.166003
v 1.908460 -0.470614 0.993997
v 1.908460 -0.470614 1.166003
v 1.907110 -0.475053 0.993997
v 1.907110 -0.475053 1.166003
v 1.905704 -0.479475 0.993997
v 1.905704 -0.479475 1.166003
v 1.904242 -0.483879 0.993997
v 1.904242 -0.483879 1.166003
v 1.902725 -0.488264 0.993997
v 1.902725 -0.488264 1.166003
v 1.901154 -0.492630 0.993997
v 1.901154 -0.492630 1.166003
v 1.899527 -0.496975 0.993997
v 1.899527 -0.496975 1.166003
v 1.897846 -0.501300 0.993997
v 1.897846 -0.501300 1.166003
v 1.896111 -0.505604 0.993997
v 1.896111 -0.505604 1.166003
v 1.894322 -0.509885 0.993997
v 1.894322 -0.509885 1.166003
v 1.892479 -0.514144 0.993997
v 1.892479 -0.514144 1.166003
v 1.890583 -0.518378 0.993997
v 1.890583 -0.518378 1.166003
v 1.888634 -0.522589 0.993997
v 1.888634 -0.522589 1.166003
v 1.886632 -0.526775 0.993997
v 1.886632 -0.526775 1.166003
v 1.884577 -0.530936 0.993997
v 1.884577 -0.530936 1.166003
v 1.882471 -0.535070 0.993997
v 1.882471 -0.535070 1.166003
v 1.880312 -0.539178 0.993997
v 1.880312 -0.539178 1.166003
v 1.878103 -0.543258 0.993997
v 1.878103 -0.543258 1.166003
v 1.875842 -0.547310 0.993997
v 1.875842 -0.547310 1.166003
v 1.873530 -0.551333 0.993997
v 1.873530 -0.551333 1.166003
v 1.871168 -0.555327 0.993997
v 1.871168 -0.555327 1.166003
v 1.868756 -0.559291 0.993997
v 1.868756 -0.559291 1.166003
v 1.866294 -0.563224 0.993997
v 1.866294 -0.563224 1.166003
v 1.863784 -0.567126 0.993997
v 1.863784 -0.567126 1.166003
v 1.861224 -0.570997 0.993997
v 1.861224 -0.570997 1.166003
v 1.858616 -0.574834 0.993997
v 1.858616 -0.574834 1.166003
v 1.855960 -0.578639 0.993997
v 1.855960 -0.578639 1.166003
v 1.853256 -0.582410 0.993997
v 1.853256 -0.582410 1.166003
v 1.850505 -0.586147 0.993997
v 1.850505 -0.586147 1.166003
v 1.847707 -0.589849 0.993997
v 1.847707 -0.589849 1.166003
v 1.844863 -0.593515 0.993997
v 1.844863 -0.593515 1.166003
v 1.841974 -0.597145 0.993997
v 1.841974 -0.597145 1.166003
v 1.839038 -0.600739 0.993997
v 1.839038 -0.600739 1.166003
v 1.836058 -0.604296 0.993997
v 1.836058 -0.604296 1.166003
v 1.833034 -0.607814 0.993997
v 1.833034 -0.607814 1.166003
v 1.829965 -0.611295 0.993997
v 1.829965 -0.611295 1.166003
v 1.826853 -0.614737 0.993997
v 1.826853 -0.614737 1.166003
v 1.823698 -0.618139 0.993997
v 1.823698 -0.618139 1.166003
v 1.820500 -0.621502 0.993997
v 1.820500 -0.621502 1.166003
v 1.817261 -0.624824 0.993997
v 1.817261 -0.624824 1.166003
v 1.813980 -0.628105 0.993997
v 1.813980 -0.628105 1.166003
v 1.810658 -0.631344 0.993997
v 1.810658 -0.631344 1.166003
v 1.807295 -0.634542 0.993997
v 1.807295 -0.634542 1.166003
v 1.803893 -0.637697 0.993997
v 1.803893 -0.637697 1.166003
v 1.800451 -0.640809 0.993997
v 1.800451 -0.640809 1.166003
v 1.796971 -0.643877 0.993997
v 1.796971 -0.643877 1.166003
v 1.793452 -0.646902 0.993997
v 1.793452 -0.646902 1.166003
v 1.789895 -0.649882 0.993997
v 1.789895 -0.649882 1.166003
v 1.786301 -0.652817 0.993997
v 1.786301 -0.652817 1.166003
v 1.782671 -0.655707 0.993997
v 1.782671 -0.655707 1.166003
v 1.779005 -0.658551 0.993997
v 1.779005 -0.658551 1.166003
v 1.775303 -0.661349 0.993997
v 1.775303 -0.661349 1.166003
v 1.771566 -0.664100 0.993997
v 1.771566 -0.664100 1.166003
v 1.767795 -0.666803 0.993997
v 1.767795 -0.666803 1.166003
v 1.763991 -0.669459 0.993997
v 1.763991 -0.669459 1.166003
v 1.760153 -0.672068 0.993997
v 1.760153 -0.672068 1.166003
v 1.756283 -0.674627 0.993997
v 1.756283 -0.674627 1.166003
v 1.752381 -0.677138 0.993997
v 1.752381 -0.677138 1.166003
v 1.748447 -0.679600 0.993997
v 1.748447 -0.679600 1.166003
v 1.744483 -0.682012 0.993997
v 1.744483 -0.682012 1.166003
v 1.740489 -0.684374 0.993997
v 1.740489 -0.684374 1.166003
v 1.736466 -0.686685 0.993997
v 1.736466 -0.686685 1.166003
v 1.732414 -0.688946 0.993997
v 1.732414 -0.688946 1.166003
v 1.728334 -0.691156 0.993997
v 1.728334 -0.691156 1.166003
v 1.724226 -0.693314 0.993997
v 1.724226 -0.693314 1.166003
v 1.720092 -0.695421 0.993997
v 1.720092 -0.695421 1.166003
v 1.715932 -0.697475 0.993997
v 1.715932 -0.697475 1.166003
v 1.711746 -0.699477 0.993997
v 1.711746 -0.699477 1.166003
v 1.707535 -0.701427 0.993997
v 1.707535 -0.701427 1.166003
v 1.703300 -0.703323 0.993997
v 1.703300 -0.703323 1.166003
v 1.699041 -0.705166 0.993997
v 1.699041 -0.705166 1.166003
v 1.694760 -0.706955 0.993997
v 1.694760 -0.706955 1.166003
v 1.690457 -0.708690 0.993997
v 1.690457 -0.708690 1.166003
v 1.686132 -0.710371 0.993997
v 1.686132 -0.710371 1.166003
v 1.681786 -0.711998 0.993997
v 1.681786 -0.711998 1.166003
v 1.677420 -0.713569 0.993997
v 1.677420 -0.713569 1.166003
v 1.673035 -0.715086 0.993997
v 1.673035 -0.715086 1.166003
v 1.668631 -0.716548 0.993997
v 1.668631 -0.716548 1.166003
v 1.664209 -0.717954 0.993997
v 1.664209 -0.717954 1.166003
v 1.659770 -0.719304 0.993997
v 1.659770 -0.719304 1.166003
v 1.655314 -0.720599 0.993997
v 1.655314 -0.720599 1.166003
v 1.650842 -0.721837 0.993997
v 1.650842 -0.721837 1.166003
v 1.646355 -0.723019 0.993997
v 1.646355 -0.723019 1.166003
v 1.641854 -0.724145 0.993997
v 1.641854 -0.724145 1.166003
v 1.637339 -0.725214 0.993997
v 1.637339 -0.725214 1.166003
v 1.632810 -0.726226 0.993997
v 1.632810 -0.726226 1.166003
v 1.628270 -0.727181 0.993997
v 1.628270 -0.727181 1.166003
v 1.623717 -0.728080 0.993997
v 1.623717 -0.728080 1.166003
v 1.619154 -0.728920 0.993997
v 1.619154 -0.728920 1.166003
v 1.614581 -0.729704 0.993997
v 1.614581 -0.729704 1.166003
v 1.609998 -0.730430 0.993997
v 1.609998 -0.730430 1.166003
v 1.605406 -0.731098 0.993997
v 1.605406 -0.731098 1.166003
v 1.600806 -0.731708 0.993997
v 1.600806 -0.731708 1.166003
v 1.596199 -0.732261 0.993997
v 1.596199 -0.732261 1.166003
v 1.591585 -0.732756 0.993997
v 1.591585 -0.732756 1.166003
v 1.586966 -0.733192 0.993997
v 1.586966 -0.733192 1.166003
v 1.582341 -0.733571 0.993997
v 1.582341 -0.733571 1.166003
v 1.577712 -0.733891 0.993997
v 1.577712 -0.733891 1.166003
v 1.573079 -0.734154 0.993997
v 1.573079 -0.734154 1.166003
v 1.568444 -0.734358 0.993997
v 1.568444 -0.734358 1.166003
v 1.563806 -0.734503 0.993997
v 1.563806 -0.734503 1.166003
v 1.559167 -0.734591 0.993997
v 1.559167 -0.734591 1.166003
v 1.554527 -0.734620 0.993997
v 1.554527 -0.734620 1.166003
v 1.549887 -0.734591 0.993997
v 1.549887 -0.734591 1.166003
v 1.545248 -0.734503 0.993997
v 1.545248 -0.734503 1.166003
v 1.540610 -0.734358 0.993997
v 1.540610 -0.734358 1.166003
v 1.535974 -0.734154 0.993997
v 1.535974 -0.734154 1.166003
v 1.531341 -0.733891 0.993997
v 1.531341 -0.733891 1.166003
v 1.526712 -0.733571 0.993997
v 1.526712 -0.733571 1.166003
v 1.522088 -0.733192 0.993997
v 1.522088 -0.733192 1.166003
v 1.517468 -0.732756 0.993997
v 1.517468 -0.732756 1.166003
v 1.512855 -0.732261 0.993997
v 1.512855 -0.732261 1.166003
v 1.508248 -0.731708 0.993997
v 1.508248 -0.731708 1.166003
v 1.503648 -0.731098 0.993997
v 1.503648 -0.731098 1.166003
v 1.499056 -0.730430 0.993997
v 1.499056 -0.730430 1.166003
v 1.494473 -0.729704 0.993997
v 1.494473 -0.729704 1.166003
v 1.489900 -0.728920 0.993997
v 1.489900 -0.728920 1.166003
v 1.485336 -0.728080 0.993997
v 1.485336 -0.728080 1.166003
v 1.480784 -0.727181 0.993997
v 1.480784 -0.727181 1.166003
v 1.476243 -0.726226 0.993997
v 1.476243 -0.726226 1.166003
v 1.471715 -0.725214 0.993997
v 1.471715 -0.725214 1.166003
v 1.467200 -0.724145 0.993997
v 1.467200 -0.724145 1.166003
v 1.462698 -0.723019 0.993997
v 1.462698 -0.723019 1.166003
v 1.458211 -0.721837 0.993997
v 1.458211 -0.721837 1.166003
v 1.453739 -0.720599 0.993997
v 1.453739 -0.720599 1.166003
v 1.449284 -0.719304 0.993997
v 1.449284 -0.719304 1.166003
v 1.444844 -0.717954 0.993997
v 1.444844 -0.717954 1.166003
v 1.440422 -0.716548 0.993997
v 1.440422 -0.716548 1.166003
v 1.436019 -0.715086 0.993997
v 1.436019 -0.715086 1.166003
v 1.431633 -0.713569 0.993997
v 1.431633 -0.713569 1.166003
v 1.427268 -0.711998 0.993997
v 1.427268 -0.711998 1.166003
v 1.422922 -0.710371 0.993997
v 1.422922 -0.710371 1.166003
v 1.418597 -0.708690 0.993997
v 1.418597 -0.708690 1.166003
v 1.414294 -0.706955 0.993997
v 1.414294 -0.706955 1.166003
v 1.410012 -0.705166 0.993997
v 1.410012 -0.705166 1.166003
v 1.405754 -0.703323 0.993997
v 1.405754 -0.703323 1.166003
v 1.401519 -0.701427 0.993997
v 1.401519 -0.701427 1.166003
v 1.397308 -0.699477 0.993997
v 1.397308 -0.699477 1.166003
v 1.393122 -0.697475 0.993997
v 1.393122 -0.697475 1.166003
v 1.388962 -0.695421 0.993997
v 1.388962 -0.695421 1.166003
v 1.384827 -0.693314 0.993997
v 1.384827 -0.693314 1.166003
v 1.380720 -0.691156 0.993997
v 1.380720 -0.691156 1.166003
v 1.376639 -0.688946 0.993997
v 1.376639 -0.688946 1.166003
v 1.372588 -0.686685 0.993997
v 1.372588 -0.686685 1.166003
v 1.368564 -0.684374 0.993997
v 1.368564 -0.684374 1.166003
v 1.364570 -0.682012 0.993997
v 1.364570 -0.682012 1.166003
v 1.360606 -0.679600 0.993997
v 1.360606 -0.679600 1.166003
v 1.356673 -0.677138 0.993997
v 1.356673 -0.677138 1.166003
v 1.352771 -0.674627 0.993997
v 1.352771 -0.674627 1.166003
v 1.348901 -0.672068 0.993997
v 1.348901 -0.672068 1.166003
v 1.345063 -0.669459 0.993997
v 1.345063 -0.669459 1.166003
v 1.341258 -0.666803 0.993997
v 1.341258 -0.666803 1.166003
v 1.337487 -0.664100 0.993997
v 1.337487 -0.664100 1.166003
v 1.333751 -0.661349 0.993997
v 1.333751 -0.661349 1.166003
v 1.330049 -0.658551 0.993997
v 1.330049 -0.658551 1.166003
v 1.326383 -0.655707 0.993997
v 1.326383 -0.655707 1.166003
v 1.322752 -0.652817 0.993997
v 1.322752 -0.652817 1.166003
v 1.319158 -0.649882 0.993997
v 1.319158 -0.649882 1.166003
v 1.315602 -0.646902 0.993997
v 1.315602 -0.646902 1.166003
v 1.312083 -0.643877 0.993997
v 1.312083 -0.643877 1.166003
v 1.308602 -0.640809 0.993997
v 1.308602 -0.640809 1.166003
v 1.305161 -0.637697 0.993997
v 1.305161 -0.637697 1.166003
v 1.301758 -0.634542 0.993997
v 1.301758 -0.634542 1.166003
v 1.298396 -0.631344 0.993997
v 1.298396 -0.631344 1.166003
v 1.295074 -0.628105 0.993997
v 1.295074 -0.628105 1.166003
v 1.291793 -0.624824 0.993997
v 1.291793 -0.624824 1.166003
v 1.288553 -0.621502 0.993997
v 1.288553 -0.621502 1.166003
v 1.285356 -0.618139 0.993997
v 1.285356 -0.618139 1.166003
v 1.282201 -0.614737 0.993997
v 1.282201 -0.614737 1.166003
v 1.279088 -0.611295 0.993997
v 1.279088 -0.611295 1.166003
v 1.276020 -0.607814 0.993997
v 1.276020 -0.607814 1.166003
v 1.272995 -0.604296 0.993997
v 1.272995 -0.604296 1.166003
v 1.270015 -0.600739 0.993997
v 1.270015 -0.600739 1.166003
v 1.267080 -0.597145 0.993997
v 1.267080 -0.597145 1.166003
v 1.264190 -0.593515 0.993997
v 1.264190 -0.593515 1.166003
v 1.261346 -0.589849 0.993997
v 1.261346 -0.589849 1.166003
v 1.258549 -0.586147 0.993997
v 1.258549 -0.586147 1.166003
v 1.255798 -0.582410 0.993997
v 1.255798 -0.582410 1.166003
v 1.253094 -0.578639 0.993997
v 1.253094 -0.578639 1.166003
v 1.250438 -0.574834 0.993997
v 1.250438 -0.574834 1.166003
v 1.247830 -0.570997 0.993997
v 1.247830 -0.570997 1.166003
v 1.245270 -0.567126 0.993997
v 1.245270 -0.567126 1.166003
v 1.242759 -0.563224 0.993997
v 1.242759 -0.563224 1.166003
v 1.240298 -0.559291 0.993997
v 1.240298 -0.559291 1.166003
v 1.237886 -0.555327 0.993997
v 1.237886 -0.555327 1.166003
v 1.235524 -0.551333 0.993997
v 1.235524 -0.551333 1.166003
v 1.233212 -0.547310 0.993997
v 1.233212 -0.547310 1.166003
v 1.230951 -0.543258 0.993997
v 1.230951 -0.543258 1.166003
v 1.228741 -0.539178 0.993997
v 1.228741 -0.539178 1.166003
v 1.226583 -0.535070 0.993997
v 1.226583 -0.535070 1.166003
v 1.224476 -0.530936 0.993997
v 1.224476 -0.530936 1.166003
v 1.222422 -0.526775 0.993997
v 1.222422 -0.526775 1.166003
v 1.220420 -0.522589 0.993997
v 1.220420 -0.522589 1.166003
v 1.218471 -0.518378 0.993997
v 1.218471 -0.518378 1.166003
v 1.216575 -0.514144 0.993997
v 1.216575 -0.514144 1.166003
v 1.214732 -0.509885 0.993997
v 1.214732 -0.509885 1.166003
v 1.212943 -0.505604 0.993997
v 1.212943 -0.505604 1.166003
v 1.211207 -0.501300 0.993997
v 1.211207 -0.501300 1.166003
v 1.209526 -0.496975 0.993997
v 1.209526 -0.496975 1.166003
v 1.207900 -0.492630 0.993997
v 1.207900 -0.492630 1.166003
v 1.206328 -0.488264 0.993997
v 1.206328 -0.488264 1.166003
v 1.204811 -0.483879 0.993997
v 1.204811 -0.483879 1.166003
v 1.203350 -0.479475 0.993997
v 1.203350 -0.479475 1.166003
v 1.201944 -0.475053 0.993997
v 1.201944 -0.475053 1.166003
v 1.200593 -0.470614 0.993997
v 1.200593 -0.470614 1.166003
v 1.199299 -0.466158 0.993997
v 1.199299 -0.466158 1.166003
v 1.198060 -0.461686 0.993997
v 1.198060 -0.461686 1.166003
v 1.196878 -0.457199 0.993997
v 1.196878 -0.457199 1.166003
v 1.195752 -0.452698 0.993997
v 1.195752 -0.452698 1.166003
v 1.194683 -0.448182 0.993997
v 1.194683 -0.448182 1.166003
v 1.193671 -0.443654 0.993997
v 1.193671 -0.443654 1.166003
v 1.192716 -0.439113 0.993997
v 1.192716 -0.439113 1.166003
v 1.191818 -0.434561 0.993997
v 1.191818 -0.434561 1.166003
v 1.190977 -0.429998 0.993997
v 1.190977 -0.429998 1.166003
v 1.190194 -0.425424 0.993997
v 1.190194 -0.425424 1.166003
v 1.189468 -0.420841 0.993997
v 1.189468 -0.420841 1.166003
v 1.188800 -0.416250 0.993997
v 1.188800 -0.416250 1.166003
v 1.188189 -0.411650 0.993997
v 1.188189 -0.411650 1.166003
v 1.187636 -0.407043 0.993997
v 1.187636 -0.407043 1.166003
v 1.187142 -0.402429 0.993997
v 1.187142 -0.402429 1.166003
v 1.186705 -0.397810 0.993997
v 1.186705 -0.397810 1.166003
v 1.186327 -0.393185 0.993997
v 1.186327 -0.393185 1.166003
v 1.186006 -0.388556 0.993997
v 1.186006 -0.388556 1.166003
v 1.185744 -0.383923 0.993997
v 1.185744 -0.383923 1.166003
v 1.185540 -0.379288 0.993997
v 1.185540 -0.379288 1.166003
v 1.185394 -0.374650 0.993997
v 1.185394 -0.374650 1.166003
v 1.185307 -0.370011 0.993997
v 1.185307 -0.370011 1.166003
v 1.185277 -0.365371 0.993997
v 1.185277 -0.365371 1.166003
v 1.185307 -0.360731 0.993997
v 1.185307 -0.360731 1.166003
v 1.185394 -0.356091 0.993997
v 1.185394 -0.356091 1.166003
v 1.185540 -0.351453 0.993997
v 1.185540 -0.351453 1.166003
v 1.185744 -0.346818 0.993997
v 1.185744 -0.346818 1.166003
v 1.186006 -0.342185 0.993997
v 1.186006 -0.342185 1.166003
v 1.186327 -0.337556 0.993997
v 1.186327 -0.337556 1.166003
v 1.186705 -0.332932 0.993997
v 1.186705 -0.332932 1.166003
v 1.187142 -0.328312 0.993997
v 1.187142 -0.328312 1.166003
v 1.187636 -0.323698 0.993997
v 1.187636 -0.323698 1.166003
v 1.188189 -0.319091 0.993997
v 1.188189 -0.319091 1.166003
v 1.188800 -0.314492 0.993997
v 1.188800 -0.314492 1.166003
v 1.189468 -0.309900 0.993997
v 1.189468 -0.309900 1.166003
v 1.190194 -0.305317 0.993997
v 1.190194 -0.305317 1.166003
v 1.190977 -0.300743 0.993997
v 1.190977 -0.300743 1.166003
v 1.191818 -0.296180 0.993997
v 1.191818 -0.296180 1.166003
v 1.192716 -0.291628 0.993997
v 1.192716 -0.291628 1.166003
v 1.193671 -0.287087 0.993997
v 1.193671 -0.287087 1.166003
v 1.194683 -0.282559 0.993997
v 1.194683 -0.282559 1.166003
v 1.195752 -0.278043 0.993997
v 1.195752 -0.278043 1.166003
v 1.196878 -0.273542 0.993997
v 1.196878 -0.273542 1.166003
v 1.198060 -0.269055 0.993997
v 1.198060 -0.269055 1.166003
v 1.199299 -0.264583 0.993997
v 1.199299 -0.264583 1.166003
v 1.200593 -0.260127 0.993997
v 1.200593 -0.260127 1.166003
v 1.201944 -0.255688 0.993997
v 1.201944 -0.255688 1.166003
v 1.203350 -0.251266 0.993997
v 1.203350 -0.251266 1.166003
v 1.204811 -0.246862 0.993997
v 1.204811 -0.246862 1.166003
v 1.206328 -0.242477 0.993997
v 1.206328 -0.242477 1.166003
v 1.207900 -0.238111 0.993997
v 1.207900 -0.238111 1.166003
v 1.209526 -0.233766 0.993997
v 1.209526 -0.233766 1.166003
v 1.211207 -0.229441 0.993997
v 1.211207 -0.229441 1.166003
v 1.212943 -0.225137 0.993997
v 1.212943 -0.225137 1.166003
v 1.214732 -0.220856 0.993997
v 1.214732 -0.220856 1.166003
v 1.216575 -0.216598 0.993997
v 1.216575 -0.216598 1.166003
v 1.218471 -0.212363 0.993997
v 1.218471 -0.212363 1.166003
v 1.220420 -0.208152 0.993997
v 1.220420 -0.208152 1.166003
v 1.222422 -0.203966 0.993997
v 1.222422 -0.203966 1.166003
v 1.224476 -0.199805 0.993997
v 1.224476 -0.199805 1.166003
v 1.226583 -0.195671 0.993997
v 1.226583 -0.195671 1.166003
v 1.228741 -0.191563 0.993997
v 1.228741 -0.191563 1.166003
v 1.230951 -0.187483 0.993997
v 1.230951 -0.187483 1.166003
v 1.233212 -0.183431 0.993997
v 1.233212 -0.183431 1.166003
v 1.235524 -0.179408 0.993997
v 1.235524 -0.179408 1.166003
v 1.237886 -0.175414 0.993997
v 1.237886 -0.175414 1.166003
v 1.240298 -0.171450 0.993997
v 1.240298 -0.171450 1.166003
v 1.242759 -0.167517 0.993997
v 1.242759 -0.167517 1.166003
v 1.245270 -0.163615 0.993997
v 1.245270 -0.163615 1.166003
v 1.247830 -0.159745 0.993997
v 1.247830 -0.159745 1.166003
v 1.250438 -0.155907 0.993997
v 1.250438 -0.155907 1.166003
v 1.253094 -0.152102 0.993997
v 1.253094 -0.152102 1.166003
v 1.255798 -0.148331 0.993997
v 1.255798 -0.148331 1.166003
v 1.258549 -0.144594 0.993997
v 1.258549 -0.144594 1.166003
v 1.261346 -0.140893 0.993997
v 1.261346 -0.140893 1.166003
v 1.264190 -0.137226 0.993997
v 1.264190 -0.137226 1.166003
v 1.267080 -0.133596 0.993997
v 1.267080 -0.133596 1.166003
v 1.270015 -0.130002 0.993997
v 1.270015 -0.130002 1.166003
v 1.272995 -0.126446 0.993997
v 1.272995 -0.126446 1.166003
v 1.276020 -0.122927 0.993997
v 1.276020 -0.122927 1.166003
v 1.279088 -0.119446 0.993997
v 1.279088 -0.119446 1.166003
v 1.282201 -0.116004 0.993997
v 1.282201 -0.116004 1.166003
v 1.285356 -0.112602 0.993997
v 1.285356 -0.112602 1.166003
v 1.288553 -0.109239 0.993997
v 1.288553 -0.109239 1.166003
v 1.291793 -0.105917 0.993997
v 1.291793 -0.105917 1.166003
v 1.295074 -0.102636 0.993997
v 1.295074 -0.102636 1.166003
v 1.298396 -0.099397 0.993997
v 1.298396 -0.099397 1.166003
v 1.301758 -0.096199 0.993997
v 1.301758 -0.096199 1.166003
v 1.305161 -0.093044 0.993997
v 1.305161 -0.093044 1.166003
v 1.308602 -0.089932 0.993997
v 1.308602 -0.089932 1.166003
v 1.312083 -0.086864 0.993997
v 1.312083 -0.086864 1.166003
v 1.315602 -0.083839 0.993997
v 1.315602 -0.083839 1.166003
v 1.319158 -0.080859 0.993997
v 1.319158 -0.080859 1.166003
v 1.322752 -0.077924 0.993997
v 1.322752 -0.077924 1.166003
v 1.326383 -0.075034 0.993997
v 1.326383 -0.075034 1.166003
v 1.330049 -0.072190 0.993997
v 1.330049 -0.072190 1.166003
v 1.333751 -0.069392 0.993997
v 1.333751 -0.069392 1.166003
v 1.337487 -0.066642 0.993997
v 1.337487 -0.066642 1.166003
v 1.341258 -0.063938 0.993997
v 1.341258 -0.063938 1.166003
v 1.345063 -0.061282 0.993997
v 1.345063 -0.061282 1.166003
v 1.348901 -0.058674 0.993997
v 1.348901 -0.058674 1.166003
v 1.352771 -0.056114 0.993997
v 1.352771 -0.056114 1.166003
v 1.356673 -0.053603 0.993997
v 1.356673 -0.053603 1.166003
v 1.360606 -0.051141 0.993997
v 1.360606 -0.051141 1.166003
v 1.364570 -0.048729 0.993997
v 1.364570 -0.048729 1.166003
v 1.368564 -0.046367 0.993997
v 1.368564 -0.046367 1.166003
v 1.372588 -0.044056 0.993997
v 1.372588 -0.044056 1.166003
v 1.376639 -0.041795 0.993997
v 1.376639 -0.041795 1.166003
v 1.380720 -0.039585 0.993997
v 1.380720 -0.039585 1.166003
v 1.384827 -0.037427 0.993997
v 1.384827 -0.037427 1.166003
v 1.388962 -0.035320 0.993997
v 1.388962 -0.035320 1.166003
v 1.393122 -0.033266 0.993997
v 1.393122 -0.033266 1.166003
v 1.397308 -0.031264 0.993997
v 1.397308 -0.031264 1.166003
v 1.401519 -0.029314 0.993997
v 1.401519 -0.029314 1.166003
v 1.405754 -0.027418 0.993997
v 1.405754 -0.027418 1.166003
v 1.410012 -0.025576 0.993997
v 1.410012 -0.025576 1.166003
v 1.414294 -0.023786 0.993997
v 1.414294 -0.023786 1.166003
v 1.418597 -0.022051 0.993997
v 1.418597 -0.022051 1.166003
v 1.422922 -0.020370 0.993997
v 1.422922 -0.020370 1.166003
v 1.427268 -0.018744 0.993997
v 1.427268 -0.018744 1.166003
v 1.431633 -0.017172 0.993997
v 1.431633 -0.017172 1.166003
v 1.436019 -0.015655 0.993997
v 1.436019 -0.015655 1.166003
v 1.440422 -0.014194 0.993997
v 1.440422 -0.014194 1.166003
v 1.444844 -0.012787 0.993997
v 1.444844 -0.012787 1.166003
v 1.449284 -0.011437 0.993997
v 1.449284 -0.011437 1.166003
v 1.453739 -0.010142 0.993997
v 1.453739 -0.010142 1.166003
v 1.458211 -0.008904 0.993997
v 1.458211 -0.008904 1.166003
v 1.462698 -0.007722 0.993997
v 1.462698 -0.007722 1.166003
v 1.467200 -0.006596 0.993997
v 1.467200 -0.006596 1.166003
v 1.471715 -0.005527 0.993997
v 1.471715 -0.005527 1.166003
v 1.476243 -0.004515 0.993997
v 1.476243 -0.004515 1.166003
v 1.480784 -0.003560 0.993997
v 1.480784 -0.003560 1.166003
v 1.485336 -0.002662 0.993997
v 1.485336 -0.002662 1.166003
v 1.489900 -0.001821 0.993997
v 1.489900 -0.001821 1.166003
v 1.494473 -0.001037 0.993997
v 1.494473 -0.001037 1.166003
v 1.499056 -0.000311 0.993997
v 1.499056 -0.000311 1.166003
v 1.503648 0.000357 0.993997
v 1.503648 0.000357 1.166003
v 1.508248 0.000967 0.993997
v 1.508248 0.000967 1.166003
v 1.512855 0.001520 0.993997
v 1.512855 0.001520 1.166003
v 1.517468 0.002014 0.993997
v 1.517468 0.002014 1.166003
v 1.522088 0.002451 0.993997
v 1.522088 0.002451 1.166003
v 1.526712 0.002830 0.993997
v 1.526712 0.002830 1.166003
v 1.531341 0.003150 0.993997
v 1.531341 0.003150 1.166003
v 1.535974 0.003412 0.993997
v 1.535974 0.003412 1.166003
v 1.540610 0.003616 0.993997
v 1.540610 0.003616 1.166003
v 1.545248 0.003762 0.993997
v 1.545248 0.003762 1.166003
v 1.549887 0.003850 0.993997
v 1.549887 0.003850 1.166003
v -1.399468 0.003879 0.993997
v -1.399468 0.003879 1.166003
v -1.394828 0.003850 0.993997
v -1.394828 0.003850 1.166003
v -1.390189 0.003762 0.993997
v -1.390189 0.003762 1.166003
v -1.385551 0.003616 0.993997
v -1.385551 0.003616 1.166003
v -1.380916 0.003412 0.993997
v -1.380916 0.003412 1.166003
v -1.376283 0.003150 0.993997
v -1.376283 0.003150 1.166003
v -1.371654 0.002830 0.993997
v -1.371654 0.002830 1.166003
v -1.367029 0.002451 0.993997
v -1.367029 0.002451 1.166003
v -1.362410 0.002014 0.993997
v -1.362410 0.002014 1.166003
v -1.357796 0.001520 0.993997
v -1.357796 0.001520 1.166003
v -1.353189 0.000967 0.993997
v -1.353189 0.000967 1.166003
v -1.348589 0.000357 0.993997
v -1.348589 0.000357 1.166003
v -1.343998 -0.000311 0.993997
v -1.343998 -0.000311 1.166003
v -1.339415 -0.001037 0.993997
v -1.339415 -0.001037 1.166003
v -1.334841 -0.001821 0.993997
v -1.334841 -0.001821 1.166003
v -1.330278 -0.002662 0.993997
v -1.330278 -0.002662 1.166003
v -1.325726 -0.003560 0.993997
v -1.325726 -0.003560 1.166003
v -1.321185 -0.004515 0.993997
v -1.321185 -0.004515 1.166003
v -1.316657 -0.005527 0.993997
v -1.316657 -0.005527 1.166003
v -1.312141 -0.006596 0.993997
v -1.312141 -0.006596 1.166003
v -1.307640 -0.007722 0.993997
v -1.307640 -0.007722 1.166003
v -1.303153 -0.008904 0.993997
v -1.303153 -0.008904 1.166003
v -1.298681 -0.010142 0.993997
v -1.298681 -0.010142 1.166003
v -1.294225 -0.011437 0.993997
v -1.294225 -0.011437 1.166003
v -1.289786 -0.012787 0.993997
v -1.289786 -0.012787 1.166003
v -1.285364 -0.014194 0.993997
v -1.285364 -0.014194 1.166003
v -1.280960 -0.015655 0.993997
v -1.280960 -0.015655 1.166003
v -1.276575 -0.017172 0.993997
v -1.276575 -0.017172 1.166003
v -1.272209 -0.018744 0.993997
v -1.272209 -0.018744 1.166003
v -1.267864 -0.020370 0.993997
v -1.267864 -0.020370 1.166003
v -1.263539 -0.022051 0.993997
v -1.263539 -0.022051 1.166003
v -1.259235 -0.023786 0.993997
v -1.259235 -0.023786 1.166003
v -1.254954 -0.025576 0.993997
v -1.254954 -0.025576 1.166003
v -1.250695 -0.027418 0.993997
v -1.250695 -0.027418 1.166003
v -1.246460 -0.029314 0.993997
v -1.246460 -0.029314 1.166003
v -1.242250 -0.031264 0.993997
v -1.242250 -0.031264 1.166003
v -1.238064 -0.033266 0.993997
v -1.238064 -0.033266 1.166003
v -1.233903 -0.035320 0.993997
v -1.233903 -0.035320 1.166003
v -1.229769 -0.037427 0.993997
v -1.229769 -0.037427 1.166003
v -1.225661 -0.039585 0.993997
v -1.225661 -0.039585 1.166003
v -1.221581 -0.041795 0.993997
v -1.221581 -0.041795 1.166003
v -1.217529 -0.044056 0.993997
v -1.217529 -0.044056 1.166003
v -1.213506 -0.046367 0.993997
v -1.213506 -0.046367 1.166003
v -1.209512 -0.048729 0.993997
v -1.209512 -0.048729 1.166003
v -1.205548 -0.051141 0.993997
v -1.205548 -0.051141 1.166003
v -1.201615 -0.053603 0.993997
v -1.201615 -0.053603 1.166003
v -1.197713 -0.056114 0.993997
v -1.197713 -0.056114 1.166003
v -1.193842 -0.058674 0.993997
v -1.193842 -0.058674 1.166003
v -1.190005 -0.061282 0.993997
v -1.190005 -0.061282 1.166003
v -1.186200 -0.063938 0.993997
v -1.186200 -0.063938 1.166003
v -1.182429 -0.066642 0.993997
v -1.182429 -0.066642 1.166003
v -1.178692 -0.069392 0.993997
v -1.178692 -0.069392 1.166003
v -1.174991 -0.072190 0.993997
v -1.174991 -0.072190 1.166003
v -1.171324 -0.075034 0.993997
v -1.171324 -0.075034 1.166003
v -1.167694 -0.077924 0.993997
v -1.167694 -0.077924 1.166003
v -1.164100 -0.080859 0.993997
v -1.164100 -0.080859 1.166003
v -1.160543 -0.083839 0.993997
v -1.160543 -0.083839 1.166003
v -1.157025 -0.086864 0.993997
v -1.157025 -0.086864 1.166003
v -1.153544 -0.089932 0.993997
v -1.153544 -0.089932 1.166003
v -1.150102 -0.093044 0.993997
v -1.150102 -0.093044 1.166003
v -1.146700 -0.096199 0.993997
v -1.146700 -0.096199 1.166003
v -1.143337 -0.099397 0.993997
v -1.143337 -0.099397 1.166003
v -1.140015 -0.102636 0.993997
v -1.140015 -0.102636 1.166003
v -1.136734 -0.105917 0.993997
v -1.136734 -0.105917 1.166003
v -1.133495 -0.109239 0.993997
v -1.133495 -0.109239 1.166003
v -1.130297 -0.112602 0.993997
v -1.130297 -0.112602 1.166003
v -1.127142 -0.116004 0.993997
v -1.127142 -0.116004 1.166003
v -1.124030 -0.119446 0.993997
v -1.124030 -0.119446 1.166003
v -1.120961 -0.122927 0.993997
v -1.120961 -0.122927 1.166003
v -1.117937 -0.126446 0.993997
v -1.117937 -0.126446 1.166003
v -1.114957 -0.130002 0.993997
v -1.114957 -0.130002 1.166003
v -1.112022 -0.133596 0.993997
v -1.112022 -0.133596 1.166003
v -1.109132 -0.137226 0.993997
v -1.109132 -0.137226 1.166003
v -1.106288 -0.140893 0.993997
v -1.106288 -0.140893 1.166003
v -1.103490 -0.144594 0.993997
v -1.103490 -0.144594 1.166003
v -1.100739 -0.148331 0.993997
v -1.100739 -0.148331 1.166003
v -1.098036 -0.152102 0.993997
v -1.098036 -0.152102 1.166003
v -1.095380 -0.155907 0.993997
v -1.095380 -0.155907 1.166003
v -1.092771 -0.159745 0.993997
v -1.092771 -0.159745 1.166003
v -1.090212 -0.163615 0.993997
v -1.090212 -0.163615 1.166003
v -1.087701 -0.167517 0.993997
v -1.087701 -0.167517 1.166003
v -1.085239 -0.171450 0.993997
v -1.085239 -0.171450 1.166003
v -1.082827 -0.175414 0.993997
v -1.082827 -0.175414 1.166003
v -1.080465 -0.179408 0.993997
v -1.080465 -0.179408 1.166003
v -1.078154 -0.183431 0.993997
v -1.078154 -0.183431 1.166003
v -1.075893 -0.187483 0.993997
v -1.075893 -0.187483 1.166003
v -1.073683 -0.191563 0.993997
v -1.073683 -0.191563 1.166003
v -1.071525 -0.195671 0.993997
v -1.071525 -0.195671 1.166003
v -1.069418 -0.199805 0.993997
v -1.069418 -0.199805 1.166003
v -1.067364 -0.203966 0.993997
v -1.067364 -0.203966 1.166003
v -1.065361 -0.208152 0.993997
v -1.065361 -0.208152 1.166003
v -1.063412 -0.212363 0.993997
v -1.063412 -0.212363 1.166003
v -1.061516 -0.216598 0.993997
v -1.061516 -0.216598 1.166003
v -1.059673 -0.220856 0.993997
v -1.059673 -0.220856 1.166003
v -1.057884 -0.225137 0.993997
v -1.057884 -0.225137 1.166003
v -1.056149 -0.229441 0.993997
v -1.056149 -0.229441 1.166003
v -1.054468 -0.233766 0.993997
v -1.054468 -0.233766 1.166003
v -1.052841 -0.238111 0.993997
v -1.052841 -0.238111 1.166003
v -1.051270 -0.242477 0.993997
v -1.051270 -0.242477 1.166003
v -1.049753 -0.246862 0.993997
v -1.049753 -0.246862 1.166003
v -1.048291 -0.251266 0.993997
v -1.048291 -0.251266 1.166003
v -1.046885 -0.255688 0.993997
v -1.046885 -0.255688 1.166003
v -1.045535 -0.260127 0.993997
v -1.045535 -0.260127 1.166003
v -1.044240 -0.264583 0.993997
v -1.044240 -0.264583 1.166003
v -1.043002 -0.269055 0.993997
v -1.043002 -0.269055 1.166003
v -1.041820 -0.273542 0.993997
v -1.041820 -0.273542 1.166003
v -1.040694 -0.278043 0.993997
v -1.040694 -0.278043 1.166003
v -1.039625 -0.282559 0.993997
v -1.039625 -0.282559 1.166003
v -1.038613 -0.287087 0.993997
v -1.038613 -0.287087 1.166003
v -1.037657 -0.291628 0.993997
v -1.037657 -0.291628 1.166003
v -1.036759 -0.296180 0.993997
v -1.036759 -0.296180 1.166003
v -1.035919 -0.300743 0.993997
v -1.035919 -0.300743 1.166003
v -1.035135 -0.305317 0.993997
v -1.035135 -0.305317 1.166003
v -1.034409 -0.309900 0.993997
v -1.034409 -0.309900 1.166003
v -1.033741 -0.314492 0.993997
v -1.033741 -0.314492 1.166003
v -1.033131 -0.319091 0.993997
v -1.033131 -0.319091 1.166003
v -1.032578 -0.323698 0.993997
v -1.032578 -0.323698 1.166003
v -1.032083 -0.328312 0.993997
v -1.032083 -0.328312 1.166003
v -1.031646 -0.332932 0.993997
v -1.031646 -0.332932 1.166003
v -1.031268 -0.337556 0.993997
v -1.031268 -0.337556 1.166003
v -1.030948 -0.342185 0.993997
v -1.030948 -0.342185 1.166003
v -1.030685 -0.346818 0.993997
v -1.030685 -0.346818 1.166003
v -1.030481 -0.351453 0.993997
v -1.030481 -0.351453 1.166003
v -1.030336 -0.356091 0.993997
v -1.030336 -0.356091 1.166003
v -1.030248 -0.360731 0.993997
v -1.030248 -0.360731 1.166003
v -1.030219 -0.365371 0.993997
v -1.030219 -0.365371 1.166003
v -1.030248 -0.370011 0.993997
v -1.030248 -0.370011 1.166003
v -1.030336 -0.374650 0.993997
v -1.030336 -0.374650 1.166003
v -1.030481 -0.379288 0.993997
v -1.030481 -0.379288 1.166003
v -1.030685 -0.383923 0.993997
v -1.030685 -0.383923 1.166003
v -1.030948 -0.388556 0.993997
v -1.030948 -0.388556 1.166003
v -1.031268 -0.393185 0.993997
v -1.031268 -0.393185 1.166003
v -1.031646 -0.397810 0.993997
v -1.031646 -0.397810 1.166003
v -1.032083 -0.402429 0.993997
v -1.032083 -0.402429 1.166003
v -1.032578 -0.407043 0.993997
v -1.032578 -0.407043 1.166003
v -1.033131 -0.411650 0.993997
v -1.033131 -0.411650 1.166003
v -1.033741 -0.416250 0.993997
v -1.033741 -0.416250 1.166003
v -1.034409 -0.420841 0.993997
v -1.034409 -0.420841 1.166003
v -1.035135 -0.425424 0.993997
v -1.035135 -0.425424 1.166003
v -1.035919 -0.429998 0.993997
v -1.035919 -0.429998 1.166003
v -1.036759 -0.434561 0.993997
v -1.036759 -0.434561 1.166003
v -1.037657 -0.439113 0.993997
v -1.037657 -0.439113 1.166003
v -1.038613 -0.443654 0.993997
v -1.038613 -0.443654 1.166003
v -1.039625 -0.448182 0.993997
v -1.039625 -0.448182 1.166003
v -1.040694 -0.452698 0.993997
v -1.040694 -0.452698 1.166003
v -1.041820 -0.457199 0.993997
v -1.041820 -0.457199 1.166003
v -1.043002 -0.461686 0.993997
v -1.043002 -0.461686 1.166003
v -1.044240 -0.466158 0.993997
v -1.044240 -0.466158 1.166003
v -1.045535 -0.470614 0.993997
v -1.045535 -0.470614 1.166003
v -1.046885 -0.475053 0.993997
v -1.046885 -0.475053 1.166003
v -1.048291 -0.479475 0.993997
v -1.048291 -0.479475 1.166003
v -1.049753 -0.483879 0.993997
v -1.049753 -0.483879 1.166003
v -1.051270 -0.488264 0.993997
v -1.051270 -0.488264 1.166003
v -1.052841 -0.492630 0.993997
v -1.052841 -0.492630 1.166003
v -1.054468 -0.496975 0.993997
v -1.054468 -0.496975 1.166003
v -1.056149 -0.501300 0.993997
v -1.056149 -0.501300 1.166003
v -1.057884 -0.505604 0.993997
v -1.057884 -0.505604 1.166003
v -1.059673 -0.509885 0.993997
v -1.059673 -0.509885 1.166003
v -1.061516 -0.514144 0.993997
v -1.061516 -0.514144 1.166003
v -1.063412 -0.518378 0.993997
v -1.063412 -0.518378 1.166003
v -1.065361 -0.522589 0.993997
v -1.065361 -0.522589 1.166003
v -1.067364 -0.526775 0.993997
v -1.067364 -0.526775 1.166003
v -1.069418 -0.530936 0.993997
v -1.069418 -0.530936 1.166003
v -1.071525 -0.535070 0.993997
v -1.071525 -0.535070 1.166003
v -1.073683 -0.539178 0.993997
v -1.073683 -0.539178 1.166003
v -1.075893 -0.543258 0.993997
v -1.075893 -0.543258 1.166003
v -1.078154 -0.547310 0.993997
v -1.078154 -0.547310 1.166003
v -1.080465 -0.551333 0.993997
v -1.080465 -0.551333 1.166003
v -1.082827 -0.555327 0.993997
v -1.082827 -0.555327 1.166003
v -1.085239 -0.559291 0.993997
v -1.085239 -0.559291 1.166003
v -1.087701 -0.563224 0.993997
v -1.087701 -0.563224 1.166003
v -1.090212 -0.567126 0.993997
v -1.090212 -0.567126 1.166003
v -1.092771 -0.570997 0.993997
v -1.092771 -0.570997 1.166003
v -1.095380 -0.574834 0.993997
v -1.095380 -0.574834 1.166003
v -1.098036 -0.578639 0.993997
v -1.098036 -0.578639 1.166003
v -1.100739 -0.582410 0.993997
v -1.100739 -0.582410 1.166003
v -1.103490 -0.586147 0.993997
v -1.103490 -0.586147 1.166003
v -1.106288 -0.589849 0.993997
v -1.106288 -0.589849 1.166003
v -1.109132 -0.593515 0.993997
v -1.109132 -0.593515 1.166003
v -1.112022 -0.597145 0.993997
v -1.112022 -0.597145 1.166003
v -1.114957 -0.600739 0.993997
v -1.114957 -0.600739 1.166003
v -1.117937 -0.604296 0.993997
v -1.117937 -0.604296 1.166003
v -1.120961 -0.607814 0.993997
v -1.120961 -0.607814 1.166003
v -1.124030 -0.611295 0.993997
v -1.124030 -0.611295 1.166003
v -1.127142 -0.614737 0.993997
v -1.127142 -0.614737 1.166003
v -1.130297 -0.618139 0.993997
v -1.130297 -0.618139 1.166003
v -1.133495 -0.621502 0.993997
v -1.133495 -0.621502 1.166003
v -1.136734 -0.624824 0.993997
v -1.136734 -0.624824 1.166003
v -1.140015 -0.628105 0.993997
v -1.140015 -0.628105 1.166003
v -1.143337 -0.631344 0.993997
v -1.143337 -0.631344 1.166003
v -1.146700 -0.634542 0.993997
v -1.146700 -0.634542 1.166003
v -1.150102 -0.637697 0.993997
v -1.150102 -0.637697 1.166003
v -1.153544 -0.640809 0.993997
v -1.153544 -0.640809 1.166003
v -1.157025 -0.643877 0.993997
v -1.157025 -0.643877 1.166003
v -1.160543 -0.646902 0.993997
v -1.160543 -0.646902 1.166003
v -1.164100 -0.649882 0.993997
v -1.164100 -0.649882 1.166003
v -1.167694 -0.652817 0.993997
v -1.167694 -0.652817 1.166003
v -1.171324 -0.655707 0.993997
v -1.171324 -0.655707 1.166003
v -1.174991 -0.658551 0.993997
v -1.174991 -0.658551 1.166003
v -1.178692 -0.661349 0.993997
v -1.178692 -0.661349 1.166003
v -1.182429 -0.664100 0.993997
v -1.182429 -0.664100 1.166003
v -1.186200 -0.666803 0.993997
v -1.186200 -0.666803 1.166003
v -1.190005 -0.669459 0.993997
v -1.190005 -0.669459 1.166003
v -1.193842 -0.672068 0.993997
v -1.193842 -0.672068 1.166003
v -1.197713 -0.674627 0.993997
v -1.197713 -0.674627 1.166003
v -1.201615 -0.677138 0.993997
v -1.201615 -0.677138 1.166003
v -1.205548 -0.679600 0.993997
v -1.205548 -0.679600 1.166003
v -1.209512 -0.682012 0.993997
v -1.209512 -0.682012 1.166003
v -1.213506 -0.684374 0.993997
v -1.213506 -0.684374 1.166003
v -1.217529 -0.686685 0.993997
v -1.217529 -0.686685 1.166003
v -1.221581 -0.688946 0.993997
v -1.221581 -0.688946 1.166003
v -1.225661 -0.691156 0.993997
v -1.225661 -0.691156 1.166003
v -1.229769 -0.693314 0.993997
v -1.229769 -0.693314 1.166003
v -1.233903 -0.695421 0.993997
v -1.233903 -0.695421 1.166003
v -1.238064 -0.697475 0.993997
v -1.238064 -0.697475 1.166003
v -1.242250 -0.699477 0.993997
v -1.242250 -0.699477 1.166003
v -1.246460 -0.701427 0.993997
v -1.246460 -0.701427 1.166003
v -1.250695 -0.703323 0.993997
v -1.250695 -0.703323 1.166003
v -1.254954 -0.705166 0.993997
v -1.254954 -0.705166 1.166003
v -1.259235 -0.706955 0.993997
v -1.259235 -0.706955 1.166003
v -1.263539 -0.708690 0.993997
v -1.263539 -0.708690 1.166003
v -1.267864 -0.710371 0.993997
v -1.267864 -0.710371 1.166003
v -1.272209 -0.711998 0.993997
v -1.272209 -0.711998 1.166003
v -1.276575 -0.713569 0.993997
v -1.276575 -0.713569 1.166003
v -1.280960 -0.715086 0.993997
v -1.280960 -0.715086 1.166003
v -1.285364 -0.716548 0.993997
v -1.285364 -0.716548 1.166003
v -1.289786 -0.717954 0.993997
v -1.289786 -0.717954 1.166003
v -1.294225 -0.719304 0.993997
v -1.294225 -0.719304 1.166003
v -1.298681 -0.720599 0.993997
v -1.298681 -0.720599 1.166003
v -1.303153 -0.721837 0.993997
v -1.303153 -0.721837 1.166003
v -1.307640 -0.723019 0.993997
v -1.307640 -0.723019 1.166003
v -1.312141 -0.724145 0.993997
v -1.312141 -0.724145 1.166003
v -1.316657 -0.725214 0.993997
v -1.316657 -0.725214 1.166003
v -1.321185 -0.726226 0.993997
v -1.321185 -0.726226 1.166003
v -1.325726 -0.727181 0.993997
v -1.325726 -0.727181 1.166003
v -1.330278 -0.728080 0.993997
v -1.330278 -0.728080 1.166003
v -1.334841 -0.728920 0.993997
v -1.334841 -0.728920 1.166003
v -1.339415 -0.729704 0.993997
v -1.339415 -0.729704 1.166003
v -1.343998 -0.730430 0.993997
v -1.343998 -0.730430 1.166003
v -1.348589 -0.731098 0.993997
v -1.348589 -0.731098 1.166003
v -1.353189 -0.731708 0.993997
v -1.353189 -0.731708 1.166003
v -1.357796 -0.732261 0.993997
v -1.357796 -0.732261 1.166003
v -1.362410 -0.732756 0.993997
v -1.362410 -0.732756 1.166003
v -1.367029 -0.733192 0.993997
v -1.367029 -0.733192 1.166003
v -1.371654 -0.733571 0.993997
v -1.371654 -0.733571 1.166003
v -1.376283 -0.733891 0.993997
v -1.376283 -0.733891 1.166003
v -1.380916 -0.734154 0.993997
v -1.380916 -0.734154 1.166003
v -1.385551 -0.734358 0.993997
v -1.385551 -0.734358 1.166003
v -1.390189 -0.734503 0.993997
v -1.390189 -0.734503 1.166003
v -1.394828 -0.734591 0.993997
v -1.394828 -0.734591 1.166003
v -1.399468 -0.734620 0.993997
v -1.399468 -0.734620 1.166003
v -1.404108 -0.734591 0.993997
v -1.404108 -0.734591 1.166003
v -1.408748 -0.734503 0.993997
v -1.408748 -0.734503 1.166003
v -1.413385 -0.734358 0.993997
v -1.413385 -0.734358 1.166003
v -1.418021 -0.734154 0.993997
v -1.418021 -0.734154 1.166003
v -1.422654 -0.733891 0.993997
v -1.422654 -0.733891 1.166003
v -1.427283 -0.733571 0.993997
v -1.427283 -0.733571 1.166003
v -1.431908 -0.733192 0.993997
v -1.431908 -0.733192 1.166003
v -1.436527 -0.732756 0.993997
v -1.436527 -0.732756 1.166003
v -1.441140 -0.732261 0.993997
v -1.441140 -0.732261 1.166003
v -1.445748 -0.731708 0.993997
v -1.445748 -0.731708 1.166003
v -1.450348 -0.731098 0.993997
v -1.450348 -0.731098 1.166003
v -1.454939 -0.730430 0.993997
v -1.454939 -0.730430 1.166003
v -1.459522 -0.729704 0.993997
v -1.459522 -0.729704 1.166003
v -1.464096 -0.728920 0.993997
v -1.464096 -0.728920 1.166003
v -1.468659 -0.728080 0.993997
v -1.468659 -0.728080 1.166003
v -1.473211 -0.727181 0.993997
v -1.473211 -0.727181 1.166003
v -1.477752 -0.726226 0.993997
v -1.477752 -0.726226 1.166003
v -1.482280 -0.725214 0.993997
v -1.482280 -0.725214 1.166003
v -1.486795 -0.724145 0.993997
v -1.486795 -0.724145 1.166003
v -1.491297 -0.723019 0.993997
v -1.491297 -0.723019 1.166003
v -1.495784 -0.721837 0.993997
v -1.495784 -0.721837 1.166003
v -1.500256 -0.720599 0.993997
v -1.500256 -0.720599 1.166003
v -1.504711 -0.719304 0.993997
v -1.504711 -0.719304 1.166003
v -1.509151 -0.717954 0.993997
v -1.509151 -0.717954 1.166003
v -1.513573 -0.716548 0.993997
v -1.513573 -0.716548 1.166003
v -1.517977 -0.715086 0.993997
v -1.517977 -0.715086 1.166003
v -1.522362 -0.713569 0.993997
v -1.522362 -0.713569 1.166003
v -1.526727 -0.711998 0.993997
v -1.526727 -0.711998 1.166003
v -1.531073 -0.710371 0.993997
v -1.531073 -0.710371 1.166003
v -1.535398 -0.708690 0.993997
v -1.535398 -0.708690 1.166003
v -1.539701 -0.706955 0.993997
v -1.539701 -0.706955 1.166003
v -1.543983 -0.705166 0.993997
v -1.543983 -0.705166 1.166003
v -1.548241 -0.703323 0.993997
v -1.548241 -0.703323 1.166003
v -1.552476 -0.701427 0.993997
v -1.552476 -0.701427 1.166003
v -1.556687 -0.699477 0.993997
v -1.556687 -0.699477 1.166003
v -1.560873 -0.697475 0.993997
v -1.560873 -0.697475 1.166003
v -1.565034 -0.695421 0.993997
v -1.565034 -0.695421 1.166003
v -1.569168 -0.693314 0.993997
v -1.569168 -0.693314 1.166003
v -1.573276 -0.691156 0.993997
v -1.573276 -0.691156 1.166003
v -1.577356 -0.688946 0.993997
v -1.577356 -0.688946 1.166003
v -1.581408 -0.686685 0.993997
v -1.581408 -0.686685 1.166003
v -1.585431 -0.684374 0.993997
v -1.585431 -0.684374 1.166003
v -1.589425 -0.682012 0.993997
v -1.589425 -0.682012 1.166003
v -1.593389 -0.679600 0.993997
v -1.593389 -0.679600 1.166003
v -1.597322 -0.677138 0.993997
v -1.597322 -0.677138 1.166003
v -1.601224 -0.674627 0.993997
v -1.601224 -0.674627 1.166003
v -1.605094 -0.672068 0.993997
v -1.605094 -0.672068 1.166003
v -1.608932 -0.669459 0.993997
v -1.608932 -0.669459 1.166003
v -1.612737 -0.666803 0.993997
v -1.612737 -0.666803 1.166003
v -1.616508 -0.664100 0.993997
v -1.616508 -0.664100 1.166003
v -1.620245 -0.661349 0.993997
v -1.620245 -0.661349 1.166003
v -1.623946 -0.658551 0.993997
v -1.623946 -0.658551 1.166003
v -1.627613 -0.655707 0.993997
v -1.627613 -0.655707 1.166003
v -1.631243 -0.652817 0.993997
v -1.631243 -0.652817 1.166003
v -1.634837 -0.649882 0.993997
v -1.634837 -0.649882 1.166003
v -1.638393 -0.646902 0.993997
v -1.638393 -0.646902 1.166003
v -1.641912 -0.643877 0.993997
v -1.641912 -0.643877 1.166003
v -1.645393 -0.640809 0.993997
v -1.645393 -0.640809 1.166003
v -1.648835 -0.637697 0.993997
v -1.648835 -0.637697 1.166003
v -1.652237 -0.634542 0.993997
v -1.652237 -0.634542 1.166003
v -1.655599 -0.631344 0.993997
v -1.655599 -0.631344 1.166003
v -1.658921 -0.628105 0.993997
v -1.658921 -0.628105 1.166003
v -1.662202 -0.624824 0.993997
v -1.662202 -0.624824 1.166003
v -1.665442 -0.621502 0.993997
v -1.665442 -0.621502 1.166003
v -1.668640 -0.618139 0.993997
v -1.668640 -0.618139 1.166003
v -1.671794 -0.614737 0.993997
v -1.671794 -0.614737 1.166003
v -1.674907 -0.611295 0.993997
v -1.674907 -0.611295 1.166003
v -1.677975 -0.607814 0.993997
v -1.677975 -0.607814 1.166003
v -1.681000 -0.604296 0.993997
v -1.681000 -0.604296 1.166003
v -1.683980 -0.600739 0.993997
v -1.683980 -0.600739 1.166003
v -1.686915 -0.597145 0.993997
v -1.686915 -0.597145 1.166003
v -1.689805 -0.593515 0.993997
v -1.689805 -0.593515 1.166003
v -1.692649 -0.589849 0.993997
v -1.692649 -0.589849 1.166003
v -1.695446 -0.586147 0.993997
v -1.695446 -0.586147 1.166003
v -1.698198 -0.582410 0.993997
v -1.698198 -0.582410 1.166003
v -1.700901 -0.578639 0.993997
v -1.700901 -0.578639 1.166003
v -1.703557 -0.574834 0.993997
v -1.703557 -0.574834 1.166003
v -1.706166 -0.570997 0.993997
v -1.706166 -0.570997 1.166003
v -1.708725 -0.567126 0.993997
v -1.708725 -0.567126 1.166003
v -1.711236 -0.563224 0.993997
v -1.711236 -0.563224 1.166003
v -1.713697 -0.559291 0.993997
v -1.713697 -0.559291 1.166003
v -1.716110 -0.555327 0.993997
v -1.716110 -0.555327 1.166003
v -1.718472 -0.551333 0.993997
v -1.718472 -0.551333 1.166003
v -1.720783 -0.547310 0.993997
v -1.720783 -0.547310 1.166003
v -1.723044 -0.543258 0.993997
v -1.723044 -0.543258 1.166003
v -1.725254 -0.539178 0.993997
v -1.725254 -0.539178 1.166003
v -1.727412 -0.535070 0.993997
v -1.727412 -0.535070 1.166003
v -1.729519 -0.530936 0.993997
v -1.729519 -0.530936 1.166003
v -1.731573 -0.526775 0.993997
v -1.731573 -0.526775 1.166003
v -1.733575 -0.522589 0.993997
v -1.733575 -0.522589 1.166003
v -1.735524 -0.518378 0.993997
v -1.735524 -0.518378 1.166003
v -1.737421 -0.514144 0.993997
v -1.737421 -0.514144 1.166003
v -1.739264 -0.509885 0.993997
v -1.739264 -0.509885 1.166003
v -1.741053 -0.505604 0.993997
v -1.741053 -0.505604 1.166003
v -1.742788 -0.501300 0.993997
v -1.742788 -0.501300 1.166003
v -1.744469 -0.496975 0.993997
v -1.744469 -0.496975 1.166003
v -1.746095 -0.492630 0.993997
v -1.746095 -0.492630 1.166003
v -1.747667 -0.488264 0.993997
v -1.747667 -0.488264 1.166003
v -1.749184 -0.483879 0.993997
v -1.749184 -0.483879 1.166003
v -1.750645 -0.479475 0.993997
v -1.750645 -0.479475 1.166003
v -1.752052 -0.475053 0.993997
v -1.752052 -0.475053 1.166003
v -1.753402 -0.470614 0.993997
v -1.753402 -0.470614 1.166003
v -1.754697 -0.466158 0.993997
v -1.754697 -0.466158 1.166003
v -1.755935 -0.461686 0.993997
v -1.755935 -0.461686 1.166003
v -1.757117 -0.457199 0.993997
v -1.757117 -0.457199 1.166003
v -1.758243 -0.452698 0.993997
v -1.758243 -0.452698 1.166003
v -1.759312 -0.448182 0.993997
v -1.759312 -0.448182 1.166003
v -1.760324 -0.443654 0.993997
v -1.760324 -0.443654 1.166003
v -1.761279 -0.439113 0.993997
v -1.761279 -0.439113 1.166003
v -1.762177 -0.434561 0.993997
v -1.762177 -0.434561 1.166003
v -1.763018 -0.429998 0.993997
v -1.763018 -0.429998 1.166003
v -1.763802 -0.425424 0.993997
v -1.763802 -0.425424 1.166003
v -1.764527 -0.420841 0.993997
v -1.764527 -0.420841 1.166003
v -1.765196 -0.416250 0.993997
v -1.765196 -0.416250 1.166003
v -1.765806 -0.411650 0.993997
v -1.765806 -0.411650 1.166003
v -1.766359 -0.407043 0.993997
v -1.766359 -0.407043 1.166003
v -1.766854 -0.402429 0.993997
v -1.766854 -0.402429 1.166003
v -1.767290 -0.397810 0.993997
v -1.767290 -0.397810 1.166003
v -1.767669 -0.393185 0.993997
v -1.767669 -0.393185 1.166003
v -1.767989 -0.388556 0.993997
v -1.767989 -0.388556 1.166003
v -1.768252 -0.383923 0.993997
v -1.768252 -0.383923 1.166003
v -1.768456 -0.379288 0.993997
v -1.768456 -0.379288 1.166003
v -1.768601 -0.374650 0.993997
v -1.768601 -0.374650 1.166003
v -1.768689 -0.370011 0.993997
v -1.768689 -0.370011 1.166003
v -1.768718 -0.365371 0.993997
v -1.768718 -0.365371 1.166003
v -1.768689 -0.360731 0.993997
v -1.768689 -0.360731 1.166003
v -1.768601 -0.356091 0.993997
v -1.768601 -0.356091 1.166003
v -1.768456 -0.351453 0.993997
v -1.768456 -0.351453 1.166003
v -1.768252 -0.346818 0.993997
v -1.768252 -0.346818 1.166003
v -1.767989 -0.342185 0.993997
v -1.767989 -0.342185 1.166003
v -1.767669 -0.337556 0.993997
v -1.767669 -0.337556 1.166003
v -1.767290 -0.332932 0.993997
v -1.767290 -0.332932 1.166003
v -1.766854 -0.328312 0.993997
v -1.766854 -0.328312 1.166003
v -1.766359 -0.323698 0.993997
v -1.766359 -0.323698 1.166003
v -1.765806 -0.319091 0.993997
v -1.765806 -0.319091 1.166003
v -1.765196 -0.314492 0.993997
v -1.765196 -0.314492 1.166003
v -1.764527 -0.309900 0.993997
v -1.764527 -0.309900 1.166003
v -1.763802 -0.305317 0.993997
v -1.763802 -0.305317 1.166003
v -1.763018 -0.300743 0.993997
v -1.763018 -0.300743 1.166003
v -1.762177 -0.296180 0.993997
v -1.762177 -0.296180 1.166003
v -1.761279 -0.291628 0.993997
v -1.761279 -0.291628 1.166003
v -1.760324 -0.287087 0.993997
v -1.760324 -0.287087 1.166003
v -1.759312 -0.282559 0.993997
v -1.759312 -0.282559 1.166003
v -1.758243 -0.278043 0.993997
v -1.758243 -0.278043 1.166003
v -1.757117 -0.273542 0.993997
v -1.757117 -0.273542 1.166003
v -1.755935 -0.269055 0.993997
v -1.755935 -0.269055 1.166003
v -1.754697 -0.264583 0.993997
v -1.754697 -0.264583 1.166003
v -1.753402 -0.260127 0.993997
v -1.753402 -0.260127 1.166003
v -1.752052 -0.255688 0.993997
v -1.752052 -0.255688 1.166003
v -1.750645 -0.251266 0.993997
v -1.750645 -0.251266 1.166003
v -1.749184 -0.246862 0.993997
v -1.749184 -0.246862 1.166003
v -1.747667 -0.242477 0.993997
v -1.747667 -0.242477 1.166003
v -1.746095 -0.238111 0.993997
v -1.746095 -0.238111 1.166003
v -1.744469 -0.233766 0.993997
v -1.744469 -0.233766 1.166003
v -1.742788 -0.229441 0.993997
v -1.742788 -0.229441 1.166003
v -1.741053 -0.225137 0.993997
v -1.741053 -0.225137 1.166003
v -1.739264 -0.220856 0.993997
v -1.739264 -0.220856 1.166003
v -1.737421 -0.216598 0.993997
v -1.737421 -0.216598 1.166003
v -1.735524 -0.212363 0.993997
v -1.735524 -0.212363 1.166003
v -1.733575 -0.208152 0.993997
v -1.733575 -0.208152 1.166003
v -1.731573 -0.203966 0.993997
v -1.731573 -0.203966 1.166003
v -1.729519 -0.199805 0.993997
v -1.729519 -0.199805 1.166003
v -1.727412 -0.195671 0.993997
v -1.727412 -0.195671 1.166003
v -1.725254 -0.191563 0.993997
v -1.725254 -0.191563 1.166003
v -1.723044 -0.187483 0.993997
v -1.723044 -0.187483 1.166003
v -1.720783 -0.183431 0.993997
v -1.720783 -0.183431 1.166003
v -1.718472 -0.179408 0.993997
v -1.718472 -0.179408 1.166003
v -1.716110 -0.175414 0.993997
v -1.716110 -0.175414 1.166003
v -1.713697 -0.171450 0.993997
v -1.713697 -0.171450 1.166003
v -1.711236 -0.167517 0.993997
v -1.711236 -0.167517 1.166003
v -1.708725 -0.163615 0.993997
v -1.708725 -0.163615 1.166003
v -1.706166 -0.159745 0.993997
v -1.706166 -0.159745 1.166003
v -1.703557 -0.155907 0.993997
v -1.703557 -0.155907 1.166003
v -1.700901 -0.152102 0.993997
v -1.700901 -0.152102 1.166003
v -1.698198 -0.148331 0.993997
v -1.698198 -0.148331 1.166003
v -1.695446 -0.144594 0.993997
v -1.695446 -0.144594 1.166003
v -1.692649 -0.140893 0.993997
v -1.692649 -0.140893 1.166003
v -1.689805 -0.137226 0.993997
v -1.689805 -0.137226 1.166003
v -1.686915 -0.133596 0.993997
v -1.686915 -0.133596 1.166003
v -1.683980 -0.130002 0.993997
v -1.683980 -0.130002 1.166003
v -1.681000 -0.126446 0.993997
v -1.681000 -0.126446 1.166003
v -1.677975 -0.122927 0.993997
v -1.677975 -0.122927 1.166003
v -1.674907 -0.119446 0.993997
v -1.674907 -0.119446 1.166003
v -1.671794 -0.116004 0.993997
v -1.671794 -0.116004 1.166003
v -1.668640 -0.112602 0.993997
v -1.668640 -0.112602 1.166003
v -1.665442 -0.109239 0.993997
v -1.665442 -0.109239 1.166003
v -1.662202 -0.105917 0.993997
v -1.662202 -0.105917 1.166003
v -1.658921 -0.102636 0.993997
v -1.658921 -0.102636 1.166003
v -1.655599 -0.099397 0.993997
v -1.655599 -0.099397 1.166003
v -1.652237 -0.096199 0.993997
v -1.652237 -0.096199 1.166003
v -1.648835 -0.093044 0.993997
v -1.648835 -0.093044 1.166003
v -1.645393 -0.089932 0.993997
v -1.645393 -0.089932 1.166003
v -1.641912 -0.086864 0.993997
v -1.641912 -0.086864 1.166003
v -1.638393 -0.083839 0.993997
v -1.638393 -0.083839 1.166003
v -1.634837 -0.080859 0.993997
v -1.634837 -0.080859 1.166003
v -1.631243 -0.077924 0.993997
v -1.631243 -0.077924 1.166003
v -1.627613 -0.075034 0.993997
v -1.627613 -0.075034 1.166003
v -1.623946 -0.072190 0.993997
v -1.623946 -0.072190 1.166003
v -1.620245 -0.069392 0.993997
v -1.620245 -0.069392 1.166003
v -1.616508 -0.066642 0.993997
v -1.616508 -0.066642 1.166003
v -1.612737 -0.063938 0.993997
v -1.612737 -0.063938 1.166003
v -1.608932 -0.061282 0.993997
v -1.608932 -0.061282 1.166003
v -1.605094 -0.058674 0.993997
v -1.605094 -0.058674 1.166003
v -1.601224 -0.056114 0.993997
v -1.601224 -0.056114 1.166003
v -1.597322 -0.053603 0.993997
v -1.597322 -0.053603 1.166003
v -1.593389 -0.051141 0.993997
v -1.593389 -0.051141 1.166003
v -1.589425 -0.048729 0.993997
v -1.589425 -0.048729 1.166003
v -1.585431 -0.046367 0.993997
v -1.585431 -0.046367 1.166003
v -1.581408 -0.044056 0.993997
v -1.581408 -0.044056 1.166003
v -1.577356 -0.041795 0.993997
v -1.577356 -0.041795 1.166003
v -1.573276 -0.039585 0.993997
v -1.573276 -0.039585 1.166003
v -1.569168 -0.037427 0.993997
v -1.569168 -0.037427 1.166003
v -1.565034 -0.035320 0.993997
v -1.565034 -0.035320 1.166003
v -1.560873 -0.033266 0.993997
v -1.560873 -0.033266 1.166003
v -1.556687 -0.031264 0.993997
v -1.556687 -0.031264 1.166003
v -1.552476 -0.029314 0.993997
v -1.552476 -0.029314 1.166003
v -1.548241 -0.027418 0.993997
v -1.548241 -0.027418 1.166003
v -1.543983 -0.025576 0.993997
v -1.543983 -0.025576 1.166003
v -1.539701 -0.023786 0.993997
v -1.539701 -0.023786 1.166003
v -1.535398 -0.022051 0.993997
v -1.535398 -0.022051 1.166003
v -1.531073 -0.020370 0.993997
v -1.531073 -0.020370 1.166003
v -1.526727 -0.018744 0.993997
v -1.526727 -0.018744 1.166003
v -1.522362 -0.017172 0.993997
v -1.522362 -0.017172 1.166003
v -1.517977 -0.015655 0.993997
v -1.517977 -0.015655 1.166003
v -1.513573 -0.014194 0.993997
v -1.513573 -0.014194 1.166003
v -1.509151 -0.012787 0.993997
v -1.509151 -0.012787 1.166003
v -1.504711 -0.011437 0.993997
v -1.504711 -0.011437 1.166003
v -1.500256 -0.010142 0.993997
v -1.500256 -0.010142 1.166003
v -1.495784 -0.008904 0.993997
v -1.495784 -0.008904 1.166003
v -1.491297 -0.007722 0.993997
v -1.491297 -0.007722 1.166003
v -1.486795 -0.006596 0.993997
v -1.486795 -0.006596 1.166003
v -1.482280 -0.005527 0.993997
v -1.482280 -0.005527 1.166003
v -1.477752 -0.004515 0.993997
v -1.477752 -0.004515 1.166003
v -1.473211 -0.003560 0.993997
v -1.473211 -0.003560 1.166003
v -1.468659 -0.002662 0.993997
v -1.468659 -0.002662 1.166003
v -1.464096 -0.001821 0.993997
v -1.464096 -0.001821 1.166003
v -1.459522 -0.001037 0.993997
v -1.459522 -0.001037 1.166003
v -1.454939 -0.000311 0.993997
v -1.454939 -0.000311 1.166003
v -1.450348 0.000357 0.993997
v -1.450348 0.000357 1.166003
v -1.445748 0.000967 0.993997
v -1.445748 0.000967 1.166003
v -1.441140 0.001520 0.993997
v -1.441140 0.001520 1.166003
v -1.436527 0.002014 0.993997
v -1.436527 0.002014 1.166003
v -1.431908 0.002451 0.993997
v -1.431908 0.002451 1.166003
v -1.427283 0.002830 0.993997
v -1.427283 0.002830 1.166003
v -1.422654 0.003150 0.993997
v -1.422654 0.003150 1.166003
v -1.418021 0.003412 0.993997
v -1.418021 0.003412 1.166003
v -1.413385 0.003616 0.993997
v -1.413385 0.003616 1.166003
v -1.408748 0.003762 0.993997
v -1.408748 0.003762 1.166003
v -1.404108 0.003850 0.993997
v -1.404108 0.003850 1.166003
vn 0.0063 1.0000 -0.0000
vn 0.0188 0.9998 -0.0000
vn 0.0314 0.9995 -0.0000
vn 0.0440 0.9990 -0.0000
vn 0.0565 0.9984 -0.0000
vn 0.0691 0.9976 -0.0000
vn 0.0816 0.9967 -0.0000
vn 0.0941 0.9956 -0.0000
vn 0.1066 0.9943 -0.0000
vn 0.1191 0.9929 -0.0000
vn 0.1316 0.9913 -0.0000
vn 0.1440 0.9896 -0.0000
vn 0.1564 0.9877 -0.0000
vn 0.1688 0.9856 -0.0000
vn 0.1812 0.9834 -0.0000
vn 0.1935 0.9811 -0.0000
vn 0.2059 0.9786 -0.0000
vn 0.2181 0.9759 -0.0000
vn 0.2304 0.9731 -0.0000
vn 0.2426 0.9701 -0.0000
vn 0.2548 0.9670 -0.0000
vn 0.2669 0.9637 -0.0000
vn 0.2790 0.9603 -0.0000
vn 0.2910 0.9567 -0.0000
vn 0.3030 0.9530 -0.0000
vn 0.3150 0.9491 -0.0000
vn 0.3269 0.9451 -0.0000
vn 0.3387 0.9409 -0.0000
vn 0.3505 0.9366 -0.0000
vn 0.3623 0.9321 -0.0000
vn 0.3740 0.9274 -0.0000
vn 0.3856 0.9227 -0.0000
vn 0.3971 0.9178 -0.0000
vn 0.4086 0.9127 -0.0000
vn 0.4201 0.9075 -0.0000
vn 0.4315 0.9021 -0.0000
vn 0.4428 0.8966 -0.0000
vn 0.4540 0.8910 -0.0000
vn 0.4652 0.8852 -0.0000
vn 0.4762 0.8793 -0.0000
vn 0.4873 0.8733 -0.0000
vn 0.4982 0.8671 -0.0000
vn 0.5090 0.8607 -0.0000
vn 0.5198 0.8543 -0.0000
vn 0.5305 0.8477 -0.0000
vn 0.5411 0.8409 -0.0000
vn 0.5516 0.8341 -0.0000
vn 0.5621 0.8271 -0.0000
vn 0.5724 0.8200 -0.0000
vn 0.5827 0.8127 -0.0000
vn 0.5929 0.8053 -0.0000
vn 0.6029 0.7978 -0.0000
vn 0.6129 0.7902 -0.0000
vn 0.6228 0.7824 -0.0000
vn 0.6326 0.7745 -0.0000
vn 0.6423 0.7665 -0.0000
vn 0.6518 0.7584 -0.0000
vn 0.6613 0.7501 -0.0000
vn 0.6707 0.7417 -0.0000
vn 0.6800 0.7333 -0.0000
vn 0.6891 0.7247 -0.0000
vn 0.6982 0.7159 -0.0000
vn 0.7071 0.7071 -0.0000
vn 0.7159 0.6982 -0.0000
vn 0.7247 0.6891 -0.0000
vn 0.7333 0.6800 -0.0000
vn 0.7417 0.6707 -0.0000
vn 0.7501 0.6613 -0.0000
vn 0.7584 0.6518 -0.0000
vn 0.7665 0.6423 -0.0000
vn 0.7745 0.6326 -0.0000
vn 0.7824 0.6228 -0.0000
vn 0.7902 0.6129 -0.0000
vn 0.7978 0.6029 -0.0000
vn 0.8053 0.5929 -0.0000
vn 0.8127 0.5827 -0.0000
vn 0.8200 0.5724 -0.0000
vn 0.8271 0.5621 -0.0000
vn 0.8341 0.5516 -0.0000
vn 0.8409 0.5411 -0.0000
vn 0.8477 0.5305 -0.0000
vn 0.8543 0.5198 -0.0000
vn 0.8607 0.5090 -0.0000
vn 0.8671 0.4982 -0.0000
vn 0.8733 0.4873 -0.0000
vn 0.8793 0.4762 -0.0000
vn 0.8852 0.4652 -0.0000
vn 0.8910 0.4540 -0.0000
vn 0.8966 0.4428 -0.0000
vn 0.9021 0.4315 -0.0000
vn 0.9075 0.4201 -0.0000
vn 0.9127 0.4086 -0.0000
vn 0.9178 0.3971 -0.0000
vn 0.9227 0.3856 -0.0000
vn 0.9274 0.3740 -0.0000
vn 0.9321 0.3623 -0.0000
vn 0.9366 0.3505 -0.0000
vn 0.9409 0.3387 -0.0000
vn 0.9451 0.3269 -0.0000
vn 0.9491 0.3150 -0.0000
vn 0.9530 0.3030 -0.0000
vn 0.9567 0.2910 -0.0000
vn 0.9603 0.2790 -0.0000
vn 0.9637 0.2669 -0.0000
vn 0.9670 0.2548 -0.0000
vn 0.9701 0.2426 -0.0000
vn 0.9731 0.2304 -0.0000
vn 0.9759 0.2181 -0.0000
vn 0.9786 0.2059 -0.0000
vn 0.9811 0.1935 -0.0000
vn 0.9834 0.1812 -0.0000
vn 0.9856 0.1688 -0.0000
vn 0.9877 0.1564 -0.0000
vn 0.9896 0.1440 -0.0000
vn 0.9913 0.1316 -0.0000
vn 0.9929 0.1191 -0.0000
vn 0.9943 0.1066 -0.0000
vn 0.9956 0.0941 -0.0000
vn 0.9967 0.0816 -0.0000
vn 0.9976 0.0691 -0.0000
vn 0.9984 0.0565 -0.0000
vn 0.9990 0.0440 -0.0000
vn 0.9995 0.0314 -0.0000
vn 0.9998 0.0188 -0.0000
vn 1.0000 0.0063 -0.0000
vn 1.0000 -0.0063 -0.0000
vn 0.9998 -0.0188 -0.0000
vn 0.9995 -0.0314 -0.0000
vn 0.9990 -0.0440 -0.0000
vn 0.9984 -0.0565 -0.0000
vn 0.9976 -0.0691 -0.0000
vn 0.9967 -0.0816 -0.0000
vn 0.9956 -0.0941 -0.0000
vn 0.9943 -0.1066 -0.0000
vn 0.9929 -0.1191 -0.0000
vn 0.9913 -0.1316 -0.0000
vn 0.9896 -0.1440 -0.0000
vn 0.9877 -0.1564 -0.0000
vn 0.9856 -0.1688 -0.0000
vn 0.9834 -0.1812 -0.0000
vn 0.9811 -0.1935 -0.0000
vn 0.9786 -0.2059 -0.0000
vn 0.9759 -0.2181 -0.0000
vn 0.9731 -0.2304 -0.0000
vn 0.9701 -0.2426 -0.0000
vn 0.9670 -0.2548 -0.0000
vn 0.9637 -0.2669 -0.0000
vn 0.9603 -0.2790 -0.0000
vn 0.9567 -0.2910 -0.0000
vn 0.9530 -0.3030 -0.0000
vn 0.9491 -0.3150 -0.0000
vn 0.9451 -0.3269 -0.0000
vn 0.9409 -0.3387 -0.0000
vn 0.9366 -0.3505 -0.0000
vn 0.9321 -0.3623 -0.0000
vn 0.9274 -0.3740 -0.0000
vn 0.9227 -0.3856 -0.0000
vn 0.9178 -0.3971 -0.0000
vn 0.9127 -0.4086 -0.0000
vn 0.9075 -0.4201 -0.0000
vn 0.9021 -0.4315 -0.0000
vn 0.8966 -0.4428 -0.0000
vn 0.8910 -0.4540 -0.0000
vn 0.8852 -0.4652 -0.0000
vn 0.8793 -0.4762 -0.0000
vn 0.8733 -0.4873 -0.0000
vn 0.8671 -0.4982 -0.0000
vn 0.8607 -0.5090 -0.0000
vn 0.8543 -0.5198 -0.0000
vn 0.8477 -0.5305 -0.0000
vn 0.8409 -0.5411 -0.0000
vn 0.8341 -0.5516 -0.0000
vn 0.8271 -0.5621 -0.0000
vn 0.8200 -0.5724 -0.0000
vn 0.8127 -0.5827 -0.0000
vn 0.8053 -0.5929 -0.0000
vn 0.7978 -0.6029 -0.0000
vn 0.7902 -0.6129 -0.0000
vn 0.7824 -0.6228 -0.0000
vn 0.7745 -0.6326 -0.0000
vn 0.7665 -0.6423 -0.0000
vn 0.7584 -0.6518 -0.0000
vn 0.7501 -0.6613 -0.0000
vn 0.7417 -0.6707 -0.0000
vn 0.7333 -0.6800 -0.0000
vn 0.7247 -0.6891 -0.0000
vn 0.7159 -0.6982 -0.0000
vn 0.7071 -0.7071 -0.0000
vn 0.6982 -0.7159 -0.0000
vn 0.6891 -0.7247 -0.0000
vn 0.6800 -0.7333 -0.0000
vn 0.6707 -0.7417 -0.0000
vn 0.6613 -0.7501 -0.0000
vn 0.6518 -0.7584 -0.0000
vn 0.6423 -0.7665 -0.0000
vn 0.6326 -0.7745 -0.0000
vn 0.6228 -0.7824 -0.0000
vn 0.6129 -0.7902 -0.0000
vn 0.6029 -0.7978 -0.0000
vn 0.5929 -0.8053 -0.0000
vn 0.5827 -0.8127 -0.0000
vn 0.5724 -0.8200 -0.0000
vn 0.5621 -0.8271 -0.0000
vn 0.5516 -0.8341 -0.0000
vn 0.5411 -0.8409 -0.0000
vn 0.5305 -0.8477 -0.0000
vn 0.5198 -0.8543 -0.0000
vn 0.5090 -0.8607 -0.0000
vn 0.4982 -0.8671 -0.0000
vn 0.4873 -0.8733 -0.0000
vn 0.4762 -0.8793 -0.0000
vn 0.4652 -0.8852 -0.0000
vn 0.4540 -0.8910 -0.0000
vn 0.4428 -0.8966 -0.0000
vn 0.4315 -0.9021 -0.0000
vn 0.4201 -0.9075 -0.0000
vn 0.4086 -0.9127 -0.0000
vn 0.3971 -0.9178 -0.0000
vn 0.3856 -0.9227 -0.0000
vn 0.3740 -0.9274 -0.0000
vn 0.3623 -0.9321 -0.0000
vn 0.3505 -0.9366 -0.0000
vn 0.3387 -0.9409 -0.0000
vn 0.3269 -0.9451 -0.0000
vn 0.3150 -0.9491 -0.0000
vn 0.3030 -0.9530 -0.0000
vn 0.2910 -0.9567 -0.0000
vn 0.2790 -0.9603 -0.0000
vn 0.2669 -0.9637 -0.0000
vn 0.2548 -0.9670 -0.0000
vn 0.2426 -0.9701 -0.0000
vn 0.2304 -0.9731 -0.0000
vn 0.2181 -0.9759 -0.0000
vn 0.2059 -0.9786 -0.0000
vn 0.1935 -0.9811 -0.0000
vn 0.1812 -0.9834 -0.0000
vn 0.1688 -0.9856 -0.0000
vn 0.1564 -0.9877 -0.0000
vn 0.1440 -0.9896 -0.0000
vn 0.1316 -0.9913 -0.0000
vn 0.1191 -0.9929 -0.0000
vn 0.1066 -0.9943 -0.0000
vn 0.0941 -0.9956 -0.0000
vn 0.0816 -0.9967 -0.0000
vn 0.0691 -0.9976 -0.0000
vn 0.0565 -0.9984 -0.0000
vn 0.0440 -0.9990 -0.0000
vn 0.0314 -0.9995 -0.0000
vn 0.0188 -0.9998 -0.0000
vn 0.0063 -1.0000 -0.0000
vn -0.0063 -1.0000 -0.0000
vn -0.0188 -0.9998 -0.0000
vn -0.0314 -0.9995 -0.0000
vn -0.0440 -0.9990 -0.0000
vn -0.0565 -0.9984 -0.0000
vn -0.0691 -0.9976 -0.0000
vn -0.0816 -0.9967 -0.0000
vn -0.0941 -0.9956 -0.0000
vn -0.1066 -0.9943 -0.0000
vn -0.1191 -0.9929 -0.0000
vn -0.1316 -0.9913 -0.0000
vn -0.1440 -0.9896 -0.0000
vn -0.1564 -0.9877 -0.0000
vn -0.1688 -0.9856 -0.0000
vn -0.1812 -0.9834 -0.0000
vn -0.1935 -0.9811 -0.0000
vn -0.2059 -0.9786 -0.0000
vn -0.2181 -0.9759 -0.0000
vn -0.2304 -0.9731 -0.0000
vn -0.2426 -0.9701 -0.0000
vn -0.2548 -0.9670 -0.0000
vn -0.2669 -0.9637 -0.0000
vn -0.2790 -0.9603 -0.0000
vn -0.2910 -0.9567 -0.0000
vn -0.3030 -0.9530 -0.0000
vn -0.3150 -0.9491 -0.0000
vn -0.3269 -0.9451 -0.0000
vn -0.3387 -0.9409 -0.0000
vn -0.3505 -0.9366 -0.0000
vn -0.3623 -0.9321 -0.0000
vn -0.3740 -0.9274 -0.0000
vn -0.3856 -0.9227 -0.0000
vn -0.3971 -0.9178 -0.0000
vn -0.4086 -0.9127 -0.0000
vn -0.4201 -0.9075 -0.0000
vn -0.4315 -0.9021 -0.0000
vn -0.4428 -0.8966 -0.0000
vn -0.4540 -0.8910 -0.0000
vn -0.4652 -0.8852 -0.0000
vn -0.4762 -0.8793 -0.0000
vn -0.4873 -0.8733 -0.0000
vn -0.4982 -0.8671 -0.0000
vn -0.5090 -0.8607 -0.0000
vn -0.5198 -0.8543 -0.0000
vn -0.5305 -0.8477 -0.0000
vn -0.5411 -0.8409 -0.0000
vn -0.5516 -0.8341 -0.0000
vn -0.5621 -0.8271 -0.0000
vn -0.5724 -0.8200 -0.0000
vn -0.5827 -0.8127 -0.0000
vn -0.5929 -0.8053 -0.0000
vn -0.6029 -0.7978 -0.0000
vn -0.6129 -0.7902 -0.0000
vn -0.6228 -0.7824 -0.0000
vn -0.6326 -0.7745 -0.0000
vn -0.6423 -0.7665 -0.0000
vn -0.6518 -0.7584 -0.0000
vn -0.6613 -0.7501 -0.0000
vn -0.6707 -0.7417 -0.0000
vn -0.6800 -0.7333 -0.0000
vn -0.6891 -0.7247 -0.0000
vn -0.6982 -0.7159 -0.0000
vn -0.7071 -0.7071 -0.0000
vn -0.7159 -0.6982 -0.0000
vn -0.7247 -0.6891 -0.0000
vn -0.7333 -0.6800 -0.0000
vn -0.7417 -0.6707 -0.0000
vn -0.7501 -0.6613 -0.0000
vn -0.7584 -0.6518 -0.0000
vn -0.7665 -0.6423 -0.0000
vn -0.7745 -0.6326 -0.0000
vn -0.7824 -0.6228 -0.0000
vn -0.7902 -0.6129 -0.0000
vn -0.7978 -0.6029 -0.0000
vn -0.8053 -0.5929 -0.0000
vn -0.8127 -0.5827 -0.0000
vn -0.8200 -0.5724 -0.0000
vn -0.8271 -0.5621 -0.0000
vn -0.8341 -0.5516 -0.0000
vn -0.8409 -0.5411 -0.0000
vn -0.8477 -0.5305 -0.0000
vn -0.8543 -0.5198 -0.0000
vn -0.8607 -0.5090 -0.0000
vn -0.8671 -0.4982 -0.0000
vn -0.8733 -0.4873 -0.0000
vn -0.8793 -0.4762 -0.0000
vn -0.8852 -0.4652 -0.0000
vn -0.8910 -0.4540 -0.0000
vn -0.8966 -0.4428 -0.0000
vn -0.9021 -0.4315 -0.0000
vn -0.9075 -0.4201 -0.0000
vn -0.9127 -0.4086 -0.0000
vn -0.9178 -0.3971 -0.0000
vn -0.9227 -0.3856 -0.0000
vn -0.9274 -0.3740 -0.0000
vn -0.9321 -0.3623 -0.0000
vn -0.9366 -0.3505 -0.0000
vn -0.9409 -0.3387 -0.0000
vn -0.9451 -0.3269 -0.0000
vn -0.9491 -0.3150 -0.0000
vn -0.9530 -0.3030 -0.0000
vn -0.9567 -0.2910 -0.0000
vn -0.9603 -0.2790 -0.0000
vn -0.9637 -0.2669 -0.0000
vn -0.9670 -0.2548 -0.0000
vn -0.9701 -0.2426 -0.0000
vn -0.9731 -0.2304 -0.0000
vn -0.9759 -0.2181 -0.0000
vn -0.9786 -0.2059 -0.0000
vn -0.9811 -0.1935 -0.0000
vn -0.9834 -0.1812 -0.0000
vn -0.9856 -0.1688 -0.0000
vn -0.9877 -0.1564 -0.0000
vn -0.9896 -0.1440 -0.0000
vn -0.9913 -0.1316 -0.0000
vn -0.9929 -0.1191 -0.0000
vn -0.9943 -0.1066 -0.0000
vn -0.9956 -0.0941 -0.0000
vn -0.9967 -0.0816 -0.0000
vn -0.9976 -0.0691 -0.0000
vn -0.9984 -0.0565 -0.0000
vn -0.9990 -0.0440 -0.0000
vn -0.9995 -0.0314 -0.0000
vn -0.9998 -0.0188 -0.0000
vn -1.0000 -0.0063 -0.0000
vn -1.0000 0.0063 -0.0000
vn -0.9998 0.0188 -0.0000
vn -0.9995 0.0314 -0.0000
vn -0.9990 0.0440 -0.0000
vn -0.9984 0.0565 -0.0000
vn -0.9976 0.0691 -0.0000
vn -0.9967 0.0816 -0.0000
vn -0.9956 0.0941 -0.0000
vn -0.9943 0.1066 -0.0000
vn -0.9929 0.1191 -0.0000
vn -0.9913 0.1316 -0.0000
vn -0.9896 0.1440 -0.0000
vn -0.9877 0.1564 -0.0000
vn -0.9856 0.1688 -0.0000
vn -0.9834 0.1812 -0.0000
vn -0.9811 0.1935 -0.0000
vn -0.9786 0.2059 -0.0000
vn -0.9759 0.2181 -0.0000
vn -0.9731 0.2304 -0.0000
vn -0.9701 0.2426 -0.0000
vn -0.9670 0.2548 -0.0000
vn -0.9637 0.2669 -0.0000
vn -0.9603 0.2790 -0.0000
vn -0.9567 0.2910 -0.0000
vn -0.9530 0.3030 -0.0000
vn -0.9491 0.3150 -0.0000
vn -0.9451 0.3269 -0.0000
vn -0.9409 0.3387 -0.0000
vn -0.9366 0.3505 -0.0000
vn -0.9321 0.3623 -0.0000
vn -0.9274 0.3740 -0.0000
vn -0.9227 0.3856 -0.0000
vn -0.9178 0.3971 -0.0000
vn -0.9127 0.4086 -0.0000
vn -0.9075 0.4201 -0.0000
vn -0.9021 0.4315 -0.0000
vn -0.8966 0.4428 -0.0000
vn -0.8910 0.4540 -0.0000
vn -0.8852 0.4652 -0.0000
vn -0.8793 0.4762 -0.0000
vn -0.8733 0.4873 -0.0000
vn -0.8671 0.4982 -0.0000
vn -0.8607 0.5090 -0.0000
vn -0.8543 0.5198 -0.0000
vn -0.8477 0.5305 -0.0000
vn -0.8409 0.5411 -0.0000
vn -0.8341 0.5516 -0.0000
vn -0.8271 0.5621 -0.0000
vn -0.8200 0.5724 -0.0000
vn -0.8127 0.5827 -0.0000
vn -0.8053 0.5929 -0.0000
vn -0.7978 0.6029 -0.0000
vn -0.7902 0.6129 -0.0000
vn -0.7824 0.6228 -0.0000
vn -0.7745 0.6326 -0.0000
vn -0.7665 0.6423 -0.0000
vn -0.7584 0.6518 -0.0000
vn -0.7501 0.6613 -0.0000
vn -0.7417 0.6707 -0.0000
vn -0.7333 0.6800 -0.0000
vn -0.7247 0.6891 -0.0000
vn -0.7159 0.6982 -0.0000
vn -0.7071 0.7071 -0.0000
vn -0.6982 0.7159 -0.0000
vn -0.6891 0.7247 -0.0000
vn -0.6800 0.7333 -0.0000
vn -0.6707 0.7417 -0.0000
vn -0.6613 0.7501 -0.0000
vn -0.6518 0.7584 -0.0000
vn -0.6423 0.7665 -0.0000
vn -0.6326 0.7745 -0.0000
vn -0.6228 0.7824 -0.0000
vn -0.6129 0.7902 -0.0000
vn -0.6029 0.7978 -0.0000
vn -0.5929 0.8053 -0.0000
vn -0.5827 0.8127 -0.0000
vn -0.5724 0.8200 -0.0000
vn -0.5621 0.8271 -0.0000
vn -0.5516 0.8341 -0.0000
vn -0.5411 0.8409 -0.0000
vn -0.5305 0.8477 -0.0000
vn -0.5198 0.8543 -0.0000
vn -0.5090 0.8607 -0.0000
vn -0.4982 0.8671 -0.0000
vn -0.4873 0.8733 -0.0000
vn -0.4762 0.8793 -0.0000
vn -0.4652 0.8852 -0.0000
vn -0.4540 0.8910 -0.0000
vn -0.4428 0.8966 -0.0000
vn -0.4315 0.9021 -0.0000
vn -0.4201 0.9075 -0.0000
vn -0.4086 0.9127 -0.0000
vn -0.3971 0.9178 -0.0000
vn -0.3856 0.9227 -0.0000
vn -0.3740 0.9274 -0.0000
vn -0.3623 0.9321 -0.0000
vn -0.3505 0.9366 -0.0000
vn -0.3387 0.9409 -0.0000
vn -0.3269 0.9451 -0.0000
vn -0.3150 0.9491 -0.0000
vn -0.3030 0.9530 -0.0000
vn -0.2910 0.9567 -0.0000
vn -0.2790 0.9603 -0.0000
vn -0.2669 0.9637 -0.0000
vn -0.2548 0.9670 -0.0000
vn -0.2426 0.9701 -0.0000
vn -0.2304 0.9731 -0.0000
vn -0.2181 0.9759 -0.0000
vn -0.2059 0.9786 -0.0000
vn -0.1935 0.9811 -0.0000
vn -0.1812 0.9834 -0.0000
vn -0.1688 0.9856 -0.0000
vn -0.1564 0.9877 -0.0000
vn -0.1440 0.9896 -0.0000
vn -0.1316 0.9913 -0.0000
vn -0.1191 0.9929 -0.0000
vn -0.1066 0.9943 -0.0000
vn -0.0941 0.9956 -0.0000
vn -0.0816 0.9967 -0.0000
vn -0.0691 0.9976 -0.0000
vn -0.0565 0.9984 -0.0000
vn -0.0440 0.9990 -0.0000
vn -0.0314 0.9995 -0.0000
vn -0.0000 -0.0000 1.0000
vn -0.0188 0.9998 -0.0000
vn -0.0063 1.0000 -0.0000
vn -0.0000 -0.0000 -1.0000
vn 0.3505 0.9365 -0.0000
vn 0.4427 0.8966 -0.0000
vn 0.6422 0.7665 -0.0000
vn 0.6800 0.7332 -0.0000
vn 0.7665 0.6422 -0.0000
vn 0.8341 0.5517 -0.0000
vn 0.8733 0.4872 -0.0000
vn 0.8793 0.4763 -0.0000
vn 0.8852 0.4651 -0.0000
vn 0.9021 0.4314 -0.0000
vn 0.9127 0.4087 -0.0000
vn 0.9365 0.3505 -0.0000
vn 0.9759 0.2182 -0.0000
vn 0.9811 0.1936 -0.0000
vn 0.9811 -0.1936 -0.0000
vn 0.9759 -0.2182 -0.0000
vn 0.9365 -0.3505 -0.0000
vn 0.9127 -0.4087 -0.0000
vn 0.9021 -0.4314 -0.0000
vn 0.8852 -0.4651 -0.0000
vn 0.8793 -0.4763 -0.0000
vn 0.8733 -0.4872 -0.0000
vn 0.8341 -0.5517 -0.0000
vn 0.7665 -0.6422 -0.0000
vn 0.6800 -0.7332 -0.0000
vn 0.6422 -0.7665 -0.0000
vn 0.4427 -0.8966 -0.0000
vn 0.3505 -0.9365 -0.0000
vn -0.1936 -0.9811 -0.0000
vn -0.3388 -0.9409 -0.0000
vn -0.4087 -0.9127 -0.0000
vn -0.4427 -0.8966 -0.0000
vn -0.4651 -0.8852 -0.0000
vn -0.4763 -0.8793 -0.0000
vn -0.4872 -0.8733 -0.0000
vn -0.5517 -0.8341 -0.0000
vn -0.5724 -0.8199 -0.0000
vn -0.6325 -0.7745 -0.0000
vn -0.6799 -0.7333 -0.0000
vn -0.6891 -0.7246 -0.0000
vn -0.7333 -0.6799 -0.0000
vn -0.8341 -0.5517 -0.0000
vn -0.8608 -0.5090 -0.0000
vn -0.8733 -0.4872 -0.0000
vn -0.9021 -0.4314 -0.0000
vn -0.9127 -0.4087 -0.0000
vn -0.9275 -0.3739 -0.0000
vn -0.9365 -0.3505 -0.0000
vn -0.9450 -0.3269 -0.0000
vn -0.9786 -0.2058 -0.0000
vn -0.9811 -0.1936 -0.0000
vn -0.9835 -0.1812 -0.0000
vn -0.9856 -0.1689 -0.0000
vn -0.9990 -0.0439 -0.0000
vn -0.9990 0.0439 -0.0000
vn -0.9856 0.1689 -0.0000
vn -0.9835 0.1812 -0.0000
vn -0.9811 0.1936 -0.0000
vn -0.9786 0.2058 -0.0000
vn -0.9450 0.3269 -0.0000
vn -0.9365 0.3505 -0.0000
vn -0.9275 0.3739 -0.0000
vn -0.9127 0.4087 -0.0000
vn -0.9021 0.4314 -0.0000
vn -0.8733 0.4872 -0.0000
vn -0.8608 0.5090 -0.0000
vn -0.8341 0.5517 -0.0000
vn -0.7333 0.6799 -0.0000
vn -0.6891 0.7246 -0.0000
vn -0.6799 0.7333 -0.0000
vn -0.6325 0.7745 -0.0000
vn -0.5724 0.8199 -0.0000
vn -0.5517 0.8341 -0.0000
vn -0.4872 0.8733 -0.0000
vn -0.4763 0.8793 -0.0000
vn -0.4651 0.8852 -0.0000
vn -0.4427 0.8966 -0.0000
vn -0.4087 0.9127 -0.0000
vn -0.3388 0.9409 -0.0000
vn -0.1936 0.9811 -0.0000
vt 1.000000 0.500000
vt 1.000000 1.000000
vt 0.998000 1.000000
vt 0.998000 0.500000
vt 0.996000 1.000000
vt 0.996000 0.500000
vt 0.994000 1.000000
vt 0.994000 0.500000
vt 0.992000 1.000000
vt 0.992000 0.500000
vt 0.990000 1.000000
vt 0.990000 0.500000
vt 0.988000 1.000000
vt 0.988000 0.500000
vt 0.986000 1.000000
vt 0.986000 0.500000
vt 0.984000 1.000000
vt 0.984000 0.500000
vt 0.982000 1.000000
vt 0.982000 0.500000
vt 0.980000 1.000000
vt 0.980000 0.500000
vt 0.978000 1.000000
vt 0.978000 0.500000
vt 0.976000 1.000000
vt 0.976000 0.500000
vt 0.974000 1.000000
vt 0.974000 0.500000
vt 0.972000 1.000000
vt 0.972000 0.500000
vt 0.970000 1.000000
vt 0.970000 0.500000
vt 0.968000 1.000000
vt 0.968000 0.500000
vt 0.966000 1.000000
vt 0.966000 0.500000
vt 0.964000 1.000000
vt 0.964000 0.500000
vt 0.962000 1.000000
vt 0.962000 0.500000
vt 0.960001 1.000000
vt 0.960001 0.500000
vt 0.958001 1.000000
vt 0.958001 0.500000
vt 0.956001 1.000000
vt 0.956001 0.500000
vt 0.954001 1.000000
vt 0.954001 0.500000
vt 0.952001 1.000000
vt 0.952001 0.500000
vt 0.950001 1.000000
vt 0.950001 0.500000
vt 0.948001 1.000000
vt 0.948001 0.500000
vt 0.946001 1.000000
vt 0.946001 0.500000
vt 0.944001 1.000000
vt 0.944001 0.500000
vt 0.942001 1.000000
vt 0.942001 0.500000
vt 0.940001 1.000000
vt 0.940001 0.500000
vt 0.938001 1.000000
vt 0.938001 0.500000
vt 0.936001 1.000000
vt 0.936001 0.500000
vt 0.934001 1.000000
vt 0.934001 0.500000
vt 0.932001 1.000000
vt 0.932001 0.500000
vt 0.930001 1.000000
vt 0.930001 0.500000
vt 0.928001 1.000000
vt 0.928001 0.500000
vt 0.926001 1.000000
vt 0.926001 0.500000
vt 0.924001 1.000000
vt 0.924001 0.500000
vt 0.922001 1.000000
vt 0.922001 0.500000
vt 0.920001 1.000000
vt 0.920001 0.500000
vt 0.918001 1.000000
vt 0.918001 0.500000
vt 0.916001 1.000000
vt 0.916001 0.500000
vt 0.914001 1.000000
vt 0.914001 0.500000
vt 0.912001 1.000000
vt 0.912001 0.500000
vt 0.910001 1.000000
vt 0.910001 0.500000
vt 0.908001 1.000000
vt 0.908001 0.500000
vt 0.906001 1.000000
vt 0.906001 0.500000
vt 0.904001 1.000000
vt 0.904001 0.500000
vt 0.902001 1.000000
vt 0.902001 0.500000
vt 0.900001 1.000000
vt 0.900001 0.500000
vt 0.898001 1.000000
vt 0.898001 0.500000
vt 0.896001 1.000000
vt 0.896001 0.500000
vt 0.894001 1.000000
vt 0.894001 0.500000
vt 0.892001 1.000000
vt 0.892001 0.500000
vt 0.890001 1.000000
vt 0.890001 0.500000
vt 0.888001 1.000000
vt 0.888001 0.500000
vt 0.886001 1.000000
vt 0.886001 0.500000
vt 0.884001 1.000000
vt 0.884001 0.500000
vt 0.882002 1.000000
vt 0.882002 0.500000
vt 0.880002 1.000000
vt 0.880002 0.500000
vt 0.878002 1.000000
vt 0.878002 0.500000
vt 0.876002 1.000000
vt 0.876002 0.500000
vt 0.874002 1.000000
vt 0.874002 0.500000
vt 0.872002 1.000000
vt 0.872002 0.500000
vt 0.870002 1.000000
vt 0.870002 0.500000
vt 0.868002 1.000000
vt 0.868002 0.500000
vt 0.866002 1.000000
vt 0.866002 0.500000
vt 0.864002 1.000000
vt 0.864002 0.500000
vt 0.862002 1.000000
vt 0.862002 0.500000
vt 0.860002 1.000000
vt 0.860002 0.500000
vt 0.858002 1.000000
vt 0.858002 0.500000
vt 0.856002 1.000000
vt 0.856002 0.500000
vt 0.854002 1.000000
vt 0.854002 0.500000
vt 0.852002 1.000000
vt 0.852002 0.500000
vt 0.850002 1.000000
vt 0.850002 0.500000
vt 0.848002 1.000000
vt 0.848002 0.500000
vt 0.846002 1.000000
vt 0.846002 0.500000
vt 0.844002 1.000000
vt 0.844002 0.500000
vt 0.842002 1.000000
vt 0.842002 0.500000
vt 0.840002 1.000000
vt 0.840002 0.500000
vt 0.838002 1.000000
vt 0.838002 0.500000
vt 0.836002 1.000000
vt 0.836002 0.500000
vt 0.834002 1.000000
vt 0.834002 0.500000
vt 0.832002 1.000000
vt 0.832002 0.500000
vt 0.830002 1.000000
vt 0.830002 0.500000
vt 0.828002 1.000000
vt 0.828002 0.500000
vt 0.826002 1.000000
vt 0.826002 0.500000
vt 0.824002 1.000000
vt 0.824002 0.500000
vt 0.822002 1.000000
vt 0.822002 0.500000
vt 0.820002 1.000000
vt 0.820002 0.500000
vt 0.818002 1.000000
vt 0.818002 0.500000
vt 0.816002 1.000000
vt 0.816002 0.500000
vt 0.814002 1.000000
vt 0.814002 0.500000
vt 0.812002 1.000000
vt 0.812002 0.500000
vt 0.810002 1.000000
vt 0.810002 0.500000
vt 0.808002 1.000000
vt 0.808002 0.500000
vt 0.806002 1.000000
vt 0.806002 0.500000
vt 0.804003 1.000000
vt 0.804003 0.500000
vt 0.802003 1.000000
vt 0.802003 0.500000
vt 0.800003 1.000000
vt 0.800003 0.500000
vt 0.798003 1.000000
vt 0.798003 0.500000
vt 0.796003 1.000000
vt 0.796003 0.500000
vt 0.794003 1.000000
vt 0.794003 0.500000
vt 0.792003 1.000000
vt 0.792003 0.500000
vt 0.790003 1.000000
vt 0.790003 0.500000
vt 0.788003 1.000000
vt 0.788003 0.500000
vt 0.786003 1.000000
vt 0.786003 0.500000
vt 0.784003 1.000000
vt 0.784003 0.500000
vt 0.782003 1.000000
vt 0.782003 0.500000
vt 0.780003 1.000000
vt 0.780003 0.500000
vt 0.778003 1.000000
vt 0.778003 0.500000
vt 0.776003 1.000000
vt 0.776003 0.500000
vt 0.774003 1.000000
vt 0.774003 0.500000
vt 0.772003 1.000000
vt 0.772003 0.500000
vt 0.770003 1.000000
vt 0.770003 0.500000
vt 0.768003 1.000000
vt 0.768003 0.500000
vt 0.766003 1.000000
vt 0.766003 0.500000
vt 0.764003 1.000000
vt 0.764003 0.500000
vt 0.762003 1.000000
vt 0.762003 0.500000
vt 0.760003 1.000000
vt 0.760003 0.500000
vt 0.758003 1.000000
vt 0.758003 0.500000
vt 0.756003 1.000000
vt 0.756003 0.500000
vt 0.754003 1.000000
vt 0.754003 0.500000
vt 0.752003 1.000000
vt 0.752003 0.500000
vt 0.750003 1.000000
vt 0.750003 0.500000
vt 0.748003 1.000000
vt 0.748003 0.500000
vt 0.746003 1.000000
vt 0.746003 0.500000
vt 0.744003 1.000000
vt 0.744003 0.500000
vt 0.742003 1.000000
vt 0.742003 0.500000
vt 0.740003 1.000000
vt 0.740003 0.500000
vt 0.738003 1.000000
vt 0.738003 0.500000
vt 0.736003 1.000000
vt 0.736003 0.500000
vt 0.734003 1.000000
vt 0.734003 0.500000
vt 0.732003 1.000000
vt 0.732003 0.500000
vt 0.730003 1.000000
vt 0.730003 0.500000
vt 0.728004 1.000000
vt 0.728004 0.500000
vt 0.726004 1.000000
vt 0.726004 0.500000
vt 0.724004 1.000000
vt 0.724004 0.500000
vt 0.722004 1.000000
vt 0.722004 0.500000
vt 0.720004 1.000000
vt 0.720004 0.500000
vt 0.718004 1.000000
vt 0.718004 0.500000
vt 0.716004 1.000000
vt 0.716004 0.500000
vt 0.714004 1.000000
vt 0.714004 0.500000
vt 0.712004 1.000000
vt 0.712004 0.500000
vt 0.710004 1.000000
vt 0.710004 0.500000
vt 0.708004 1.000000
vt 0.708004 0.500000
vt 0.706004 1.000000
vt 0.706004 0.500000
vt 0.704004 1.000000
vt 0.704004 0.500000
vt 0.702004 1.000000
vt 0.702004 0.500000
vt 0.700004 1.000000
vt 0.700004 0.500000
vt 0.698004 1.000000
vt 0.698004 0.500000
vt 0.696004 1.000000
vt 0.696004 0.500000
vt 0.694004 1.000000
vt 0.694004 0.500000
vt 0.692004 1.000000
vt 0.692004 0.500000
vt 0.690004 1.000000
vt 0.690004 0.500000
vt 0.688004 1.000000
vt 0.688004 0.500000
vt 0.686004 1.000000
vt 0.686004 0.500000
vt 0.684004 1.000000
vt 0.684004 0.500000
vt 0.682004 1.000000
vt 0.682004 0.500000
vt 0.680004 1.000000
vt 0.680004 0.500000
vt 0.678004 1.000000
vt 0.678004 0.500000
vt 0.676004 1.000000
vt 0.676004 0.500000
vt 0.674004 1.000000
vt 0.674004 0.500000
vt 0.672004 1.000000
vt 0.672004 0.500000
vt 0.670004 1.000000
vt 0.670004 0.500000
vt 0.668004 1.000000
vt 0.668004 0.500000
vt 0.666004 1.000000
vt 0.666004 0.500000
vt 0.664004 1.000000
vt 0.664004 0.500000
vt 0.662004 1.000000
vt 0.662004 0.500000
vt 0.660004 1.000000
vt 0.660004 0.500000
vt 0.658004 1.000000
vt 0.658004 0.500000
vt 0.656004 1.000000
vt 0.656004 0.500000
vt 0.654004 1.000000
vt 0.654004 0.500000
vt 0.652004 1.000000
vt 0.652004 0.500000
vt 0.650005 1.000000
vt 0.650005 0.500000
vt 0.648005 1.000000
vt 0.648005 0.500000
vt 0.646005 1.000000
vt 0.646005 0.500000
vt 0.644005 1.000000
vt 0.644005 0.500000
vt 0.642005 1.000000
vt 0.642005 0.500000
vt 0.640005 1.000000
vt 0.640005 0.500000
vt 0.638005 1.000000
vt 0.638005 0.500000
vt 0.636005 1.000000
vt 0.636005 0.500000
vt 0.634005 1.000000
vt 0.634005 0.500000
vt 0.632005 1.000000
vt 0.632005 0.500000
vt 0.630005 1.000000
vt 0.630005 0.500000
vt 0.628005 1.000000
vt 0.628005 0.500000
vt 0.626005 1.000000
vt 0.626005 0.500000
vt 0.624005 1.000000
vt 0.624005 0.500000
vt 0.622005 1.000000
vt 0.622005 0.500000
vt 0.620005 1.000000
vt 0.620005 0.500000
vt 0.618005 1.000000
vt 0.618005 0.500000
vt 0.616005 1.000000
vt 0.616005 0.500000
vt 0.614005 1.000000
vt 0.614005 0.500000
vt 0.612005 1.000000
vt 0.612005 0.500000
vt 0.610005 1.000000
vt 0.610005 0.500000
vt 0.608005 1.000000
vt 0.608005 0.500000
vt 0.606005 1.000000
vt 0.606005 0.500000
vt 0.604005 1.000000
vt 0.604005 0.500000
vt 0.602005 1.000000
vt 0.602005 0.500000
vt 0.600005 1.000000
vt 0.600005 0.500000
vt 0.598005 1.000000
vt 0.598005 0.500000
vt 0.596005 1.000000
vt 0.596005 0.500000
vt 0.594005 1.000000
vt 0.594005 0.500000
vt 0.592005 1.000000
vt 0.592005 0.500000
vt 0.590005 1.000000
vt 0.590005 0.500000
vt 0.588005 1.000000
vt 0.588005 0.500000
vt 0.586005 1.000000
vt 0.586005 0.500000
vt 0.584005 1.000000
vt 0.584005 0.500000
vt 0.582005 1.000000
vt 0.582005 0.500000
vt 0.580005 1.000000
vt 0.580005 0.500000
vt 0.578005 1.000000
vt 0.578005 0.500000
vt 0.576005 1.000000
vt 0.576005 0.500000
vt 0.574005 1.000000
vt 0.574005 0.500000
vt 0.572006 1.000000
vt 0.572006 0.500000
vt 0.570006 1.000000
vt 0.570006 0.500000
vt 0.568006 1.000000
vt 0.568006 0.500000
vt 0.566006 1.000000
vt 0.566006 0.500000
vt 0.564006 1.000000
vt 0.564006 0.500000
vt 0.562006 1.000000
vt 0.562006 0.500000
vt 0.560006 1.000000
vt 0.560006 0.500000
vt 0.558006 1.000000
vt 0.558006 0.500000
vt 0.556006 1.000000
vt 0.556006 0.500000
vt 0.554006 1.000000
vt 0.554006 0.500000
vt 0.552006 1.000000
vt 0.552006 0.500000
vt 0.550006 1.000000
vt 0.550006 0.500000
vt 0.548006 1.000000
vt 0.548006 0.500000
vt 0.546006 1.000000
vt 0.546006 0.500000
vt 0.544006 1.000000
vt 0.544006 0.500000
vt 0.542006 1.000000
vt 0.542006 0.500000
vt 0.540006 1.000000
vt 0.540006 0.500000
vt 0.538006 1.000000
vt 0.538006 0.500000
vt 0.536006 1.000000
vt 0.536006 0.500000
vt 0.534006 1.000000
vt 0.534006 0.500000
vt 0.532006 1.000000
vt 0.532006 0.500000
vt 0.530006 1.000000
vt 0.530006 0.500000
vt 0.528006 1.000000
vt 0.528006 0.500000
vt 0.526006 1.000000
vt 0.526006 0.500000
vt 0.524006 1.000000
vt 0.524006 0.500000
vt 0.522006 1.000000
vt 0.522006 0.500000
vt 0.520006 1.000000
vt 0.520006 0.500000
vt 0.518006 1.000000
vt 0.518006 0.500000
vt 0.516006 1.000000
vt 0.516006 0.500000
vt 0.514006 1.000000
vt 0.514006 0.500000
vt 0.512006 1.000000
vt 0.512006 0.500000
vt 0.510006 1.000000
vt 0.510006 0.500000
vt 0.508006 1.000000
vt 0.508006 0.500000
vt 0.506006 1.000000
vt 0.506006 0.500000
vt 0.504006 1.000000
vt 0.504006 0.500000
vt 0.502006 1.000000
vt 0.502006 0.500000
vt 0.500006 1.000000
vt 0.500006 0.500000
vt 0.498006 1.000000
vt 0.498006 0.500000
vt 0.496006 1.000000
vt 0.496006 0.500000
vt 0.494006 1.000000
vt 0.494006 0.500000
vt 0.492006 1.000000
vt 0.492006 0.500000
vt 0.490006 1.000000
vt 0.490006 0.500000
vt 0.488006 1.000000
vt 0.488006 0.500000
vt 0.486006 1.000000
vt 0.486006 0.500000
vt 0.484006 1.000000
vt 0.484006 0.500000
vt 0.482006 1.000000
vt 0.482006 0.500000
vt 0.480006 1.000000
vt 0.480006 0.500000
vt 0.478006 1.000000
vt 0.478006 0.500000
vt 0.476006 1.000000
vt 0.476006 0.500000
vt 0.474006 1.000000
vt 0.474006 0.500000
vt 0.472006 1.000000
vt 0.472006 0.500000
vt 0.470006 1.000000
vt 0.470006 0.500000
vt 0.468006 1.000000
vt 0.468006 0.500000
vt 0.466006 1.000000
vt 0.466006 0.500000
vt 0.464006 1.000000
vt 0.464006 0.500000
vt 0.462006 1.000000
vt 0.462006 0.500000
vt 0.460006 1.000000
vt 0.460006 0.500000
vt 0.458006 1.000000
vt 0.458006 0.500000
vt 0.456006 1.000000
vt 0.456006 0.500000
vt 0.454006 1.000000
vt 0.454006 0.500000
vt 0.452006 1.000000
vt 0.452006 0.500000
vt 0.450006 1.000000
vt 0.450006 0.500000
vt 0.448006 1.000000
vt 0.448006 0.500000
vt 0.446006 1.000000
vt 0.446006 0.500000
vt 0.444006 1.000000
vt 0.444006 0.500000
vt 0.442006 1.000000
vt 0.442006 0.500000
vt 0.440006 1.000000
vt 0.440006 0.500000
vt 0.438006 1.000000
vt 0.438006 0.500000
vt 0.436006 1.000000
vt 0.436006 0.500000
vt 0.434006 1.000000
vt 0.434006 0.500000
vt 0.432006 1.000000
vt 0.432006 0.500000
vt 0.430006 1.000000
vt 0.430006 0.500000
vt 0.428006 1.000000
vt 0.428006 0.500000
vt 0.426006 1.000000
vt 0.426006 0.500000
vt 0.424006 1.000000
vt 0.424006 0.500000
vt 0.422006 1.000000
vt 0.422006 0.500000
vt 0.420006 1.000000
vt 0.420006 0.500000
vt 0.418006 1.000000
vt 0.418006 0.500000
vt 0.416006 1.000000
vt 0.416006 0.500000
vt 0.414006 1.000000
vt 0.414006 0.500000
vt 0.412006 1.000000
vt 0.412006 0.500000
vt 0.410006 1.000000
vt 0.410006 0.500000
vt 0.408006 1.000000
vt 0.408006 0.500000
vt 0.406006 1.000000
vt 0.406006 0.500000
vt 0.404006 1.000000
vt 0.404006 0.500000
vt 0.402006 1.000000
vt 0.402006 0.500000
vt 0.400006 1.000000
vt 0.400006 0.500000
vt 0.398006 1.000000
vt 0.398006 0.500000
vt 0.396006 1.000000
vt 0.396006 0.500000
vt 0.394006 1.000000
vt 0.394006 0.500000
vt 0.392006 1.000000
vt 0.392006 0.500000
vt 0.390006 1.000000
vt 0.390006 0.500000
vt 0.388006 1.000000
vt 0.388006 0.500000
vt 0.386006 1.000000
vt 0.386006 0.500000
vt 0.384006 1.000000
vt 0.384006 0.500000
vt 0.382006 1.000000
vt 0.382006 0.500000
vt 0.380006 1.000000
vt 0.380006 0.500000
vt 0.378006 1.000000
vt 0.378006 0.500000
vt 0.376006 1.000000
vt 0.376006 0.500000
vt 0.374006 1.000000
vt 0.374006 0.500000
vt 0.372006 1.000000
vt 0.372006 0.500000
vt 0.370006 1.000000
vt 0.370006 0.500000
vt 0.368006 1.000000
vt 0.368006 0.500000
vt 0.366006 1.000000
vt 0.366006 0.500000
vt 0.364006 1.000000
vt 0.364006 0.500000
vt 0.362006 1.000000
vt 0.362006 0.500000
vt 0.360006 1.000000
vt 0.360006 0.500000
vt 0.358006 1.000000
vt 0.358006 0.500000
vt 0.356006 1.000000
vt 0.356006 0.500000
vt 0.354006 1.000000
vt 0.354006 0.500000
vt 0.352006 1.000000
vt 0.352006 0.500000
vt 0.350006 1.000000
vt 0.350006 0.500000
vt 0.348006 1.000000
vt 0.348006 0.500000
vt 0.346006 1.000000
vt 0.346006 0.500000
vt 0.344006 1.000000
vt 0.344006 0.500000
vt 0.342006 1.000000
vt 0.342006 0.500000
vt 0.340006 1.000000
vt 0.340006 0.500000
vt 0.338006 1.000000
vt 0.338006 0.500000
vt 0.336006 1.000000
vt 0.336006 0.500000
vt 0.334006 1.000000
vt 0.334006 0.500000
vt 0.332006 1.000000
vt 0.332006 0.500000
vt 0.330006 1.000000
vt 0.330006 0.500000
vt 0.328006 1.000000
vt 0.328006 0.500000
vt 0.326006 1.000000
vt 0.326006 0.500000
vt 0.324006 1.000000
vt 0.324006 0.500000
vt 0.322006 1.000000
vt 0.322006 0.500000
vt 0.320006 1.000000
vt 0.320006 0.500000
vt 0.318006 1.000000
vt 0.318006 0.500000
vt 0.316006 1.000000
vt 0.316006 0.500000
vt 0.314006 1.000000
vt 0.314006 0.500000
vt 0.312006 1.000000
vt 0.312006 0.500000
vt 0.310006 1.000000
vt 0.310006 0.500000
vt 0.308006 1.000000
vt 0.308006 0.500000
vt 0.306006 1.000000
vt 0.306006 0.500000
vt 0.304006 1.000000
vt 0.304006 0.500000
vt 0.302006 1.000000
vt 0.302006 0.500000
vt 0.300006 1.000000
vt 0.300006 0.500000
vt 0.298006 1.000000
vt 0.298006 0.500000
vt 0.296006 1.000000
vt 0.296006 0.500000
vt 0.294006 1.000000
vt 0.294006 0.500000
vt 0.292006 1.000000
vt 0.292006 0.500000
vt 0.290006 1.000000
vt 0.290006 0.500000
vt 0.288006 1.000000
vt 0.288006 0.500000
vt 0.286006 1.000000
vt 0.286006 0.500000
vt 0.284006 1.000000
vt 0.284006 0.500000
vt 0.282006 1.000000
vt 0.282006 0.500000
vt 0.280006 1.000000
vt 0.280006 0.500000
vt 0.278006 1.000000
vt 0.278006 0.500000
vt 0.276006 1.000000
vt 0.276006 0.500000
vt 0.274006 1.000000
vt 0.274006 0.500000
vt 0.272006 1.000000
vt 0.272006 0.500000
vt 0.270006 1.000000
vt 0.270006 0.500000
vt 0.268006 1.000000
vt 0.268006 0.500000
vt 0.266006 1.000000
vt 0.266006 0.500000
vt 0.264006 1.000000
vt 0.264006 0.500000
vt 0.262006 1.000000
vt 0.262006 0.500000
vt 0.260006 1.000000
vt 0.260006 0.500000
vt 0.258006 1.000000
vt 0.258006 0.500000
vt 0.256006 1.000000
vt 0.256006 0.500000
vt 0.254006 1.000000
vt 0.254006 0.500000
vt 0.252006 1.000000
vt 0.252006 0.500000
vt 0.250006 1.000000
vt 0.250006 0.500000
vt 0.248006 1.000000
vt 0.248006 0.500000
vt 0.246006 1.000000
vt 0.246006 0.500000
vt 0.244006 1.000000
vt 0.244006 0.500000
vt 0.242006 1.000000
vt 0.242006 0.500000
vt 0.240006 1.000000
vt 0.240006 0.500000
vt 0.238006 1.000000
vt 0.238006 0.500000
vt 0.236006 1.000000
vt 0.236006 0.500000
vt 0.234006 1.000000
vt 0.234006 0.500000
vt 0.232006 1.000000
vt 0.232006 0.500000
vt 0.230006 1.000000
vt 0.230006 0.500000
vt 0.228006 1.000000
vt 0.228006 0.500000
vt 0.226006 1.000000
vt 0.226006 0.500000
vt 0.224006 1.000000
vt 0.224006 0.500000
vt 0.222006 1.000000
vt 0.222006 0.500000
vt 0.220006 1.000000
vt 0.220006 0.500000
vt 0.218006 1.000000
vt 0.218006 0.500000
vt 0.216006 1.000000
vt 0.216006 0.500000
vt 0.214006 1.000000
vt 0.214006 0.500000
vt 0.212006 1.000000
vt 0.212006 0.500000
vt 0.210006 1.000000
vt 0.210006 0.500000
vt 0.208006 1.000000
vt 0.208006 0.500000
vt 0.206006 1.000000
vt 0.206006 0.500000
vt 0.204006 1.000000
vt 0.204006 0.500000
vt 0.202006 1.000000
vt 0.202006 0.500000
vt 0.200006 1.000000
vt 0.200006 0.500000
vt 0.198006 1.000000
vt 0.198006 0.500000
vt 0.196006 1.000000
vt 0.196006 0.500000
vt 0.194006 1.000000
vt 0.194006 0.500000
vt 0.192006 1.000000
vt 0.192006 0.500000
vt 0.190006 1.000000
vt 0.190006 0.500000
vt 0.188006 1.000000
vt 0.188006 0.500000
vt 0.186006 1.000000
vt 0.186006 0.500000
vt 0.184006 1.000000
vt 0.184006 0.500000
vt 0.182006 1.000000
vt 0.182006 0.500000
vt 0.180006 1.000000
vt 0.180006 0.500000
vt 0.178006 1.000000
vt 0.178006 0.500000
vt 0.176006 1.000000
vt 0.176006 0.500000
vt 0.174006 1.000000
vt 0.174006 0.500000
vt 0.172006 1.000000
vt 0.172006 0.500000
vt 0.170006 1.000000
vt 0.170006 0.500000
vt 0.168006 1.000000
vt 0.168006 0.500000
vt 0.166006 1.000000
vt 0.166006 0.500000
vt 0.164006 1.000000
vt 0.164006 0.500000
vt 0.162006 1.000000
vt 0.162006 0.500000
vt 0.160006 1.000000
vt 0.160006 0.500000
vt 0.158006 1.000000
vt 0.158006 0.500000
vt 0.156006 1.000000
vt 0.156006 0.500000
vt 0.154006 1.000000
vt 0.154006 0.500000
vt 0.152006 1.000000
vt 0.152006 0.500000
vt 0.150006 1.000000
vt 0.150006 0.500000
vt 0.148006 1.000000
vt 0.148006 0.500000
vt 0.146006 1.000000
vt 0.146006 0.500000
vt 0.144006 1.000000
vt 0.144006 0.500000
vt 0.142006 1.000000
vt 0.142006 0.500000
vt 0.140006 1.000000
vt 0.140006 0.500000
vt 0.138006 1.000000
vt 0.138006 0.500000
vt 0.136006 1.000000
vt 0.136006 0.500000
vt 0.134006 1.000000
vt 0.134006 0.500000
vt 0.132006 1.000000
vt 0.132006 0.500000
vt 0.130006 1.000000
vt 0.130006 0.500000
vt 0.128006 1.000000
vt 0.128006 0.500000
vt 0.126006 1.000000
vt 0.126006 0.500000
vt 0.124006 1.000000
vt 0.124006 0.500000
vt 0.122006 1.000000
vt 0.122006 0.500000
vt 0.120006 1.000000
vt 0.120006 0.500000
vt 0.118006 1.000000
vt 0.118006 0.500000
vt 0.116006 1.000000
vt 0.116006 0.500000
vt 0.114006 1.000000
vt 0.114006 0.500000
vt 0.112006 1.000000
vt 0.112006 0.500000
vt 0.110006 1.000000
vt 0.110006 0.500000
vt 0.108006 1.000000
vt 0.108006 0.500000
vt 0.106006 1.000000
vt 0.106006 0.500000
vt 0.104006 1.000000
vt 0.104006 0.500000
vt 0.102006 1.000000
vt 0.102006 0.500000
vt 0.100006 1.000000
vt 0.100006 0.500000
vt 0.098006 1.000000
vt 0.098006 0.500000
vt 0.096006 1.000000
vt 0.096006 0.500000
vt 0.094006 1.000000
vt 0.094006 0.500000
vt 0.092006 1.000000
vt 0.092006 0.500000
vt 0.090006 1.000000
vt 0.090006 0.500000
vt 0.088006 1.000000
vt 0.088006 0.500000
vt 0.086006 1.000000
vt 0.086006 0.500000
vt 0.084006 1.000000
vt 0.084006 0.500000
vt 0.082006 1.000000
vt 0.082006 0.500000
vt 0.080006 1.000000
vt 0.080006 0.500000
vt 0.078006 1.000000
vt 0.078006 0.500000
vt 0.076006 1.000000
vt 0.076006 0.500000
vt 0.074006 1.000000
vt 0.074006 0.500000
vt 0.072006 1.000000
vt 0.072006 0.500000
vt 0.070006 1.000000
vt 0.070006 0.500000
vt 0.068006 1.000000
vt 0.068006 0.500000
vt 0.066006 1.000000
vt 0.066006 0.500000
vt 0.064006 1.000000
vt 0.064006 0.500000
vt 0.062006 1.000000
vt 0.062006 0.500000
vt 0.060006 1.000000
vt 0.060006 0.500000
vt 0.058006 1.000000
vt 0.058006 0.500000
vt 0.056006 1.000000
vt 0.056006 0.500000
vt 0.054006 1.000000
vt 0.054006 0.500000
vt 0.052006 1.000000
vt 0.052006 0.500000
vt 0.050006 1.000000
vt 0.050006 0.500000
vt 0.048006 1.000000
vt 0.048006 0.500000
vt 0.046006 1.000000
vt 0.046006 0.500000
vt 0.044006 1.000000
vt 0.044006 0.500000
vt 0.042006 1.000000
vt 0.042006 0.500000
vt 0.040006 1.000000
vt 0.040006 0.500000
vt 0.038006 1.000000
vt 0.038006 0.500000
vt 0.036006 1.000000
vt 0.036006 0.500000
vt 0.034006 1.000000
vt 0.034006 0.500000
vt 0.032006 1.000000
vt 0.032006 0.500000
vt 0.030006 1.000000
vt 0.030006 0.500000
vt 0.028006 1.000000
vt 0.028006 0.500000
vt 0.026006 1.000000
vt 0.026006 0.500000
vt 0.024006 1.000000
vt 0.024006 0.500000
vt 0.022006 1.000000
vt 0.022006 0.500000
vt 0.020006 1.000000
vt 0.020006 0.500000
vt 0.018006 1.000000
vt 0.018006 0.500000
vt 0.016006 1.000000
vt 0.016006 0.500000
vt 0.014006 1.000000
vt 0.014006 0.500000
vt 0.012006 1.000000
vt 0.012006 0.500000
vt 0.010006 1.000000
vt 0.010006 0.500000
vt 0.008006 1.000000
vt 0.008006 0.500000
vt 0.006006 1.000000
vt 0.006006 0.500000
vt 0.004006 1.000000
vt 0.004006 0.500000
vt 0.253016 0.489981
vt 0.250000 0.490000
vt 0.246984 0.489981
vt 0.243969 0.489924
vt 0.240954 0.489829
vt 0.237941 0.489697
vt 0.234930 0.489526
vt 0.231922 0.489318
vt 0.228916 0.489072
vt 0.225913 0.488788
vt 0.222914 0.488467
vt 0.219920 0.488108
vt 0.216930 0.487711
vt 0.213946 0.487276
vt 0.210967 0.486805
vt 0.207994 0.486295
vt 0.205028 0.485749
vt 0.202070 0.485165
vt 0.199118 0.484544
vt 0.196175 0.483886
vt 0.193240 0.483192
vt 0.190314 0.482460
vt 0.187398 0.481692
vt 0.184492 0.480887
vt 0.181595 0.480045
vt 0.178710 0.479167
vt 0.175836 0.478254
vt 0.172974 0.477304
vt 0.170123 0.476318
vt 0.167286 0.475296
vt 0.164461 0.474239
vt 0.161650 0.473146
vt 0.158853 0.472019
vt 0.156070 0.470856
vt 0.153302 0.469658
vt 0.150550 0.468425
vt 0.147813 0.467158
vt 0.145092 0.465857
vt 0.142388 0.464522
vt 0.139701 0.463153
vt 0.137031 0.461750
vt 0.134379 0.460314
vt 0.131745 0.458844
vt 0.129130 0.457342
vt 0.126535 0.455806
vt 0.123958 0.454239
vt 0.121402 0.452639
vt 0.118865 0.451007
vt 0.116350 0.449343
vt 0.113855 0.447648
vt 0.111383 0.445921
vt 0.108932 0.444164
vt 0.106503 0.442376
vt 0.104097 0.440558
vt 0.101714 0.438709
vt 0.099354 0.436831
vt 0.097018 0.434923
vt 0.094707 0.432986
vt 0.092419 0.431020
vt 0.090157 0.429026
vt 0.087920 0.427003
vt 0.085709 0.424952
vt 0.083523 0.422874
vt 0.081364 0.420769
vt 0.079231 0.418636
vt 0.077126 0.416477
vt 0.075048 0.414291
vt 0.072997 0.412080
vt 0.070974 0.409843
vt 0.068980 0.407581
vt 0.067014 0.405293
vt 0.065077 0.402982
vt 0.063169 0.400646
vt 0.061291 0.398286
vt 0.059442 0.395903
vt 0.057624 0.393497
vt 0.055836 0.391068
vt 0.054079 0.388617
vt 0.052352 0.386145
vt 0.050657 0.383650
vt 0.048993 0.381135
vt 0.047361 0.378598
vt 0.045761 0.376042
vt 0.044194 0.373465
vt 0.042658 0.370870
vt 0.041156 0.368255
vt 0.039686 0.365621
vt 0.038250 0.362969
vt 0.036847 0.360299
vt 0.035478 0.357612
vt 0.034143 0.354908
vt 0.032842 0.352187
vt 0.031575 0.349450
vt 0.030342 0.346698
vt 0.029144 0.343930
vt 0.027981 0.341147
vt 0.026854 0.338350
vt 0.025761 0.335539
vt 0.024704 0.332714
vt 0.023682 0.329877
vt 0.022696 0.327026
vt 0.021746 0.324164
vt 0.020833 0.321290
vt 0.019955 0.318405
vt 0.019113 0.315508
vt 0.018308 0.312602
vt 0.017540 0.309686
vt 0.016808 0.306760
vt 0.016114 0.303825
vt 0.015456 0.300882
vt 0.014835 0.297930
vt 0.014251 0.294972
vt 0.013705 0.292006
vt 0.013195 0.289033
vt 0.012724 0.286054
vt 0.012289 0.283070
vt 0.011892 0.280080
vt 0.011533 0.277086
vt 0.011212 0.274087
vt 0.010928 0.271084
vt 0.010682 0.268078
vt 0.010474 0.265070
vt 0.010303 0.262059
vt 0.010171 0.259046
vt 0.010076 0.256031
vt 0.010019 0.253016
vt 0.010000 0.250000
vt 0.010019 0.246984
vt 0.010076 0.243969
vt 0.010171 0.240954
vt 0.010303 0.237941
vt 0.010474 0.234930
vt 0.010682 0.231922
vt 0.010928 0.228916
vt 0.011212 0.225913
vt 0.011533 0.222914
vt 0.011892 0.219920
vt 0.012289 0.216930
vt 0.012724 0.213946
vt 0.013195 0.210967
vt 0.013705 0.207994
vt 0.014251 0.205028
vt 0.014835 0.202070
vt 0.015456 0.199118
vt 0.016114 0.196175
vt 0.016808 0.193240
vt 0.017540 0.190314
vt 0.018308 0.187398
vt 0.019113 0.184492
vt 0.019955 0.181595
vt 0.020833 0.178710
vt 0.021746 0.175836
vt 0.022696 0.172974
vt 0.023682 0.170123
vt 0.024704 0.167286
vt 0.025761 0.164461
vt 0.026854 0.161650
vt 0.027981 0.158853
vt 0.029144 0.156070
vt 0.030342 0.153302
vt 0.031575 0.150550
vt 0.032842 0.147813
vt 0.034143 0.145092
vt 0.035478 0.142388
vt 0.036847 0.139701
vt 0.038250 0.137031
vt 0.039686 0.134379
vt 0.041156 0.131745
vt 0.042658 0.129130
vt 0.044194 0.126535
vt 0.045761 0.123958
vt 0.047361 0.121402
vt 0.048993 0.118865
vt 0.050657 0.116350
vt 0.052352 0.113855
vt 0.054079 0.111383
vt 0.055836 0.108932
vt 0.057624 0.106503
vt 0.059442 0.104097
vt 0.061291 0.101714
vt 0.063169 0.099354
vt 0.065077 0.097018
vt 0.067014 0.094707
vt 0.068980 0.092419
vt 0.070974 0.090157
vt 0.072997 0.087920
vt 0.075048 0.085709
vt 0.077126 0.083523
vt 0.079231 0.081364
vt 0.081364 0.079231
vt 0.083523 0.077126
vt 0.085709 0.075048
vt 0.087920 0.072997
vt 0.090157 0.070974
vt 0.092419 0.068980
vt 0.094707 0.067014
vt 0.097018 0.065077
vt 0.099354 0.063169
vt 0.101714 0.061291
vt 0.104097 0.059442
vt 0.106503 0.057624
vt 0.108932 0.055836
vt 0.111383 0.054079
vt 0.113855 0.052352
vt 0.116350 0.050657
vt 0.118865 0.048993
vt 0.121402 0.047361
vt 0.123958 0.045761
vt 0.126535 0.044194
vt 0.129130 0.042658
vt 0.131745 0.041156
vt 0.134379 0.039686
vt 0.137031 0.038250
vt 0.139701 0.036847
vt 0.142388 0.035478
vt 0.145092 0.034143
vt 0.147813 0.032842
vt 0.150550 0.031575
vt 0.153302 0.030342
vt 0.156070 0.029144
vt 0.158853 0.027981
vt 0.161650 0.026854
vt 0.164461 0.025761
vt 0.167286 0.024704
vt 0.170123 0.023682
vt 0.172974 0.022696
vt 0.175836 0.021746
vt 0.178710 0.020833
vt 0.181595 0.019955
vt 0.184492 0.019113
vt 0.187398 0.018308
vt 0.190314 0.017540
vt 0.193240 0.016808
vt 0.196175 0.016114
vt 0.199118 0.015456
vt 0.202070 0.014835
vt 0.205028 0.014251
vt 0.207994 0.013705
vt 0.210967 0.013195
vt 0.213946 0.012724
vt 0.216930 0.012289
vt 0.219920 0.011892
vt 0.222914 0.011533
vt 0.225913 0.011212
vt 0.228916 0.010928
vt 0.231922 0.010682
vt 0.234930 0.010474
vt 0.237941 0.010303
vt 0.240954 0.010171
vt 0.243969 0.010076
vt 0.246984 0.010019
vt 0.250000 0.010000
vt 0.253016 0.010019
vt 0.256031 0.010076
vt 0.259046 0.010171
vt 0.262059 0.010303
vt 0.265070 0.010474
vt 0.268078 0.010682
vt 0.271084 0.010928
vt 0.274087 0.011212
vt 0.277086 0.011533
vt 0.280080 0.011892
vt 0.283070 0.012289
vt 0.286054 0.012724
vt 0.289033 0.013195
vt 0.292006 0.013705
vt 0.294972 0.014251
vt 0.297930 0.014835
vt 0.300882 0.015456
vt 0.303825 0.016114
vt 0.306760 0.016808
vt 0.309686 0.017540
vt 0.312602 0.018308
vt 0.315508 0.019113
vt 0.318405 0.019955
vt 0.321290 0.020833
vt 0.324164 0.021746
vt 0.327026 0.022696
vt 0.329877 0.023682
vt 0.332714 0.024704
vt 0.335539 0.025761
vt 0.338350 0.026854
vt 0.341147 0.027981
vt 0.343930 0.029144
vt 0.346698 0.030342
vt 0.349450 0.031575
vt 0.352187 0.032842
vt 0.354908 0.034143
vt 0.357612 0.035478
vt 0.360299 0.036847
vt 0.362969 0.038250
vt 0.365621 0.039686
vt 0.368255 0.041156
vt 0.370870 0.042658
vt 0.373465 0.044194
vt 0.376042 0.045761
vt 0.378598 0.047361
vt 0.381135 0.048993
vt 0.383650 0.050657
vt 0.386145 0.052352
vt 0.388617 0.054079
vt 0.391068 0.055836
vt 0.393497 0.057624
vt 0.395903 0.059442
vt 0.398286 0.061291
vt 0.400646 0.063169
vt 0.402982 0.065077
vt 0.405293 0.067014
vt 0.407581 0.068980
vt 0.409843 0.070974
vt 0.412080 0.072997
vt 0.414291 0.075048
vt 0.416477 0.077126
vt 0.418636 0.079231
vt 0.420769 0.081364
vt 0.422874 0.083523
vt 0.424952 0.085709
vt 0.427003 0.087920
vt 0.429026 0.090157
vt 0.431020 0.092419
vt 0.432986 0.094707
vt 0.434923 0.097018
vt 0.436831 0.099354
vt 0.438709 0.101714
vt 0.440558 0.104097
vt 0.442376 0.106503
vt 0.444164 0.108932
vt 0.445921 0.111383
vt 0.447648 0.113855
vt 0.449343 0.116350
vt 0.451007 0.118865
vt 0.452639 0.121402
vt 0.454239 0.123958
vt 0.455806 0.126535
vt 0.457342 0.129130
vt 0.458844 0.131745
vt 0.460314 0.134379
vt 0.461750 0.137031
vt 0.463153 0.139701
vt 0.464522 0.142388
vt 0.465857 0.145092
vt 0.467158 0.147813
vt 0.468425 0.150550
vt 0.469658 0.153302
vt 0.470856 0.156070
vt 0.472019 0.158853
vt 0.473146 0.161650
vt 0.474239 0.164461
vt 0.475296 0.167286
vt 0.476318 0.170123
vt 0.477304 0.172974
vt 0.478254 0.175836
vt 0.479167 0.178710
vt 0.480045 0.181595
vt 0.480887 0.184492
vt 0.481692 0.187398
vt 0.482460 0.190314
vt 0.483192 0.193240
vt 0.483886 0.196175
vt 0.484544 0.199118
vt 0.485165 0.202070
vt 0.485749 0.205028
vt 0.486295 0.207994
vt 0.486805 0.210967
vt 0.487276 0.213946
vt 0.487711 0.216930
vt 0.488108 0.219920
vt 0.488467 0.222914
vt 0.488788 0.225913
vt 0.489072 0.228916
vt 0.489318 0.231922
vt 0.489526 0.234930
vt 0.489697 0.237941
vt 0.489829 0.240954
vt 0.489924 0.243969
vt 0.489981 0.246984
vt 0.490000 0.250000
vt 0.489981 0.253016
vt 0.489924 0.256031
vt 0.489829 0.259046
vt 0.489697 0.262059
vt 0.489526 0.265070
vt 0.489318 0.268078
vt 0.489072 0.271084
vt 0.488788 0.274087
vt 0.488467 0.277086
vt 0.488108 0.280080
vt 0.487711 0.283070
vt 0.487276 0.286054
vt 0.486805 0.289033
vt 0.486295 0.292006
vt 0.485749 0.294972
vt 0.485165 0.297930
vt 0.484544 0.300882
vt 0.483886 0.303825
vt 0.483192 0.306760
vt 0.482460 0.309686
vt 0.481692 0.312602
vt 0.480887 0.315508
vt 0.480045 0.318405
vt 0.479167 0.321290
vt 0.478254 0.324164
vt 0.477304 0.327026
vt 0.476318 0.329877
vt 0.475296 0.332714
vt 0.474239 0.335539
vt 0.473146 0.338350
vt 0.472019 0.341147
vt 0.470856 0.343930
vt 0.469658 0.346698
vt 0.468425 0.349450
vt 0.467158 0.352187
vt 0.465857 0.354908
vt 0.464522 0.357612
vt 0.463153 0.360299
vt 0.461750 0.362969
vt 0.460314 0.365621
vt 0.458844 0.368255
vt 0.457342 0.370870
vt 0.455806 0.373465
vt 0.454239 0.376042
vt 0.452639 0.378598
vt 0.451007 0.381135
vt 0.449343 0.383650
vt 0.447648 0.386145
vt 0.445921 0.388617
vt 0.444164 0.391068
vt 0.442376 0.393497
vt 0.440558 0.395903
vt 0.438709 0.398286
vt 0.436831 0.400646
vt 0.434923 0.402982
vt 0.432986 0.405293
vt 0.431020 0.407581
vt 0.429026 0.409843
vt 0.427003 0.412080
vt 0.424952 0.414291
vt 0.422874 0.416477
vt 0.420769 0.418636
vt 0.418636 0.420769
vt 0.416477 0.422874
vt 0.414291 0.424952
vt 0.412080 0.427003
vt 0.409843 0.429026
vt 0.407581 0.431020
vt 0.405293 0.432986
vt 0.402982 0.434923
vt 0.400646 0.436831
vt 0.398286 0.438709
vt 0.395903 0.440558
vt 0.393497 0.442376
vt 0.391068 0.444164
vt 0.388617 0.445921
vt 0.386145 0.447648
vt 0.383650 0.449343
vt 0.381135 0.451007
vt 0.378598 0.452639
vt 0.376042 0.454239
vt 0.373465 0.455806
vt 0.370870 0.457342
vt 0.368255 0.458844
vt 0.365621 0.460314
vt 0.362969 0.461750
vt 0.360299 0.463153
vt 0.357612 0.464522
vt 0.354908 0.465857
vt 0.352187 0.467158
vt 0.349450 0.468425
vt 0.346698 0.469658
vt 0.343930 0.470856
vt 0.341147 0.472019
vt 0.338350 0.473146
vt 0.335539 0.474239
vt 0.332714 0.475296
vt 0.329877 0.476318
vt 0.327026 0.477304
vt 0.324164 0.478254
vt 0.321290 0.479167
vt 0.318405 0.480045
vt 0.315508 0.480887
vt 0.312602 0.481692
vt 0.309686 0.482460
vt 0.306760 0.483192
vt 0.303825 0.483886
vt 0.300882 0.484544
vt 0.297930 0.485165
vt 0.294972 0.485749
vt 0.292006 0.486295
vt 0.289033 0.486805
vt 0.286054 0.487276
vt 0.283070 0.487711
vt 0.280080 0.488108
vt 0.277086 0.488467
vt 0.274087 0.488788
vt 0.271084 0.489072
vt 0.268078 0.489318
vt 0.265070 0.489526
vt 0.262059 0.489697
vt 0.259046 0.489829
vt 0.256031 0.489924
vt 0.002006 1.000000
vt 0.002006 0.500000
vt 0.000006 1.000000
vt 0.000006 0.500000
vt 0.750000 0.490000
vt 0.753016 0.489981
vt 0.756031 0.489924
vt 0.759046 0.489829
vt 0.762059 0.489697
vt 0.765070 0.489526
vt 0.768078 0.489318
vt 0.771084 0.489072
vt 0.774087 0.488788
vt 0.777086 0.488467
vt 0.780080 0.488108
vt 0.783070 0.487711
vt 0.786054 0.487276
vt 0.789033 0.486805
vt 0.792006 0.486295
vt 0.794972 0.485749
vt 0.797930 0.485165
vt 0.800882 0.484544
vt 0.803825 0.483886
vt 0.806760 0.483192
vt 0.809686 0.482460
vt 0.812602 0.481692
vt 0.815508 0.480887
vt 0.818405 0.480045
vt 0.821290 0.479167
vt 0.824164 0.478254
vt 0.827026 0.477304
vt 0.829877 0.476318
vt 0.832714 0.475296
vt 0.835539 0.474239
vt 0.838350 0.473146
vt 0.841147 0.472019
vt 0.843930 0.470856
vt 0.846698 0.469658
vt 0.849450 0.468425
vt 0.852187 0.467158
vt 0.854908 0.465857
vt 0.857612 0.464522
vt 0.860299 0.463153
vt 0.862969 0.461750
vt 0.865621 0.460314
vt 0.868255 0.458844
vt 0.870870 0.457342
vt 0.873465 0.455806
vt 0.876042 0.454239
vt 0.878598 0.452639
vt 0.881135 0.451007
vt 0.883650 0.449343
vt 0.886145 0.447648
vt 0.888617 0.445921
vt 0.891068 0.444164
vt 0.893497 0.442376
vt 0.895903 0.440558
vt 0.898286 0.438709
vt 0.900646 0.436831
vt 0.902982 0.434923
vt 0.905293 0.432986
vt 0.907581 0.431020
vt 0.909843 0.429026
vt 0.912080 0.427003
vt 0.914291 0.424952
vt 0.916477 0.422874
vt 0.918636 0.420769
vt 0.920769 0.418636
vt 0.922874 0.416477
vt 0.924952 0.414291
vt 0.927003 0.412080
vt 0.929026 0.409843
vt 0.931020 0.407581
vt 0.932986 0.405293
vt 0.934923 0.402982
vt 0.936831 0.400646
vt 0.938709 0.398286
vt 0.940558 0.395903
vt 0.942376 0.393497
vt 0.944164 0.391068
vt 0.945921 0.388617
vt 0.947648 0.386145
vt 0.949343 0.383650
vt 0.951007 0.381135
vt 0.952639 0.378598
vt 0.954239 0.376042
vt 0.955806 0.373465
vt 0.957342 0.370870
vt 0.958844 0.368255
vt 0.960314 0.365621
vt 0.961750 0.362969
vt 0.963153 0.360299
vt 0.964522 0.357612
vt 0.965857 0.354908
vt 0.967158 0.352187
vt 0.968425 0.349450
vt 0.969658 0.346698
vt 0.970856 0.343930
vt 0.972019 0.341147
vt 0.973146 0.338350
vt 0.974239 0.335539
vt 0.975296 0.332714
vt 0.976318 0.329877
vt 0.977304 0.327026
vt 0.978254 0.324164
vt 0.979167 0.321290
vt 0.980045 0.318405
vt 0.980887 0.315508
vt 0.981692 0.312602
vt 0.982460 0.309686
vt 0.983192 0.306760
vt 0.983886 0.303825
vt 0.984544 0.300882
vt 0.985165 0.297930
vt 0.985749 0.294972
vt 0.986295 0.292006
vt 0.986805 0.289033
vt 0.987276 0.286054
vt 0.987711 0.283070
vt 0.988108 0.280080
vt 0.988467 0.277086
vt 0.988788 0.274087
vt 0.989072 0.271084
vt 0.989318 0.268078
vt 0.989526 0.265070
vt 0.989697 0.262059
vt 0.989829 0.259046
vt 0.989924 0.256031
vt 0.989981 0.253016
vt 0.990000 0.250000
vt 0.989981 0.246984
vt 0.989924 0.243969
vt 0.989829 0.240954
vt 0.989697 0.237941
vt 0.989526 0.234930
vt 0.989318 0.231922
vt 0.989072 0.228916
vt 0.988788 0.225913
vt 0.988467 0.222914
vt 0.988108 0.219920
vt 0.987711 0.216930
vt 0.987276 0.213946
vt 0.986805 0.210967
vt 0.986295 0.207994
vt 0.985749 0.205028
vt 0.985165 0.202070
vt 0.984544 0.199118
vt 0.983886 0.196175
vt 0.983192 0.193240
vt 0.982460 0.190314
vt 0.981692 0.187398
vt 0.980887 0.184492
vt 0.980045 0.181595
vt 0.979167 0.178710
vt 0.978254 0.175836
vt 0.977304 0.172974
vt 0.976318 0.170123
vt 0.975296 0.167286
vt 0.974239 0.164461
vt 0.973146 0.161650
vt 0.972019 0.158853
vt 0.970856 0.156070
vt 0.969658 0.153302
vt 0.968425 0.150550
vt 0.967158 0.147813
vt 0.965857 0.145092
vt 0.964522 0.142388
vt 0.963153 0.139701
vt 0.961750 0.137031
vt 0.960314 0.134379
vt 0.958844 0.131745
vt 0.957342 0.129130
vt 0.955806 0.126535
vt 0.954239 0.123958
vt 0.952639 0.121402
vt 0.951007 0.118865
vt 0.949343 0.116350
vt 0.947648 0.113855
vt 0.945921 0.111383
vt 0.944164 0.108932
vt 0.942376 0.106503
vt 0.940558 0.104097
vt 0.938709 0.101714
vt 0.936831 0.099354
vt 0.934923 0.097018
vt 0.932986 0.094707
vt 0.931020 0.092419
vt 0.929026 0.090157
vt 0.927003 0.087920
vt 0.924952 0.085709
vt 0.922874 0.083523
vt 0.920769 0.081364
vt 0.918636 0.079231
vt 0.916477 0.077126
vt 0.914291 0.075048
vt 0.912080 0.072997
vt 0.909843 0.070974
vt 0.907581 0.068980
vt 0.905293 0.067014
vt 0.902982 0.065077
vt 0.900646 0.063169
vt 0.898286 0.061291
vt 0.895903 0.059442
vt 0.893497 0.057624
vt 0.891068 0.055836
vt 0.888617 0.054079
vt 0.886145 0.052352
vt 0.883650 0.050657
vt 0.881135 0.048993
vt 0.878598 0.047361
vt 0.876042 0.045761
vt 0.873465 0.044194
vt 0.870870 0.042658
vt 0.868255 0.041156
vt 0.865621 0.039686
vt 0.862969 0.038250
vt 0.860299 0.036847
vt 0.857612 0.035478
vt 0.854908 0.034143
vt 0.852187 0.032842
vt 0.849450 0.031575
vt 0.846698 0.030342
vt 0.843930 0.029144
vt 0.841147 0.027981
vt 0.838350 0.026854
vt 0.835539 0.025761
vt 0.832714 0.024704
vt 0.829877 0.023682
vt 0.827026 0.022696
vt 0.824164 0.021746
vt 0.821290 0.020833
vt 0.818405 0.019955
vt 0.815508 0.019113
vt 0.812602 0.018308
vt 0.809686 0.017540
vt 0.806760 0.016808
vt 0.803825 0.016114
vt 0.800882 0.015456
vt 0.797930 0.014835
vt 0.794972 0.014251
vt 0.792006 0.013705
vt 0.789033 0.013195
vt 0.786054 0.012724
vt 0.783070 0.012289
vt 0.780080 0.011892
vt 0.777086 0.011533
vt 0.774087 0.011212
vt 0.771084 0.010928
vt 0.768078 0.010682
vt 0.765070 0.010474
vt 0.762059 0.010303
vt 0.759046 0.010171
vt 0.756031 0.010076
vt 0.753016 0.010019
vt 0.750000 0.010000
vt 0.746984 0.010019
vt 0.743969 0.010076
vt 0.740954 0.010171
vt 0.737941 0.010303
vt 0.734930 0.010474
vt 0.731922 0.010682
vt 0.728916 0.010928
vt 0.725913 0.011212
vt 0.722914 0.011533
vt 0.719920 0.011892
vt 0.716930 0.012289
vt 0.713946 0.012724
vt 0.710967 0.013195
vt 0.707994 0.013705
vt 0.705028 0.014251
vt 0.702070 0.014835
vt 0.699118 0.015456
vt 0.696175 0.016114
vt 0.693240 0.016808
vt 0.690314 0.017540
vt 0.687398 0.018308
vt 0.684492 0.019113
vt 0.681595 0.019955
vt 0.678710 0.020833
vt 0.675836 0.021746
vt 0.672974 0.022696
vt 0.670123 0.023682
vt 0.667286 0.024704
vt 0.664461 0.025761
vt 0.661650 0.026854
vt 0.658853 0.027981
vt 0.656070 0.029144
vt 0.653302 0.030342
vt 0.650550 0.031575
vt 0.647813 0.032842
vt 0.645092 0.034143
vt 0.642388 0.035478
vt 0.639701 0.036847
vt 0.637031 0.038250
vt 0.634379 0.039686
vt 0.631745 0.041156
vt 0.629130 0.042658
vt 0.626535 0.044194
vt 0.623958 0.045761
vt 0.621402 0.047361
vt 0.618865 0.048993
vt 0.616350 0.050657
vt 0.613855 0.052352
vt 0.611383 0.054079
vt 0.608932 0.055836
vt 0.606503 0.057624
vt 0.604097 0.059442
vt 0.601714 0.061291
vt 0.599354 0.063169
vt 0.597018 0.065077
vt 0.594707 0.067014
vt 0.592419 0.068980
vt 0.590157 0.070974
vt 0.587920 0.072997
vt 0.585709 0.075048
vt 0.583523 0.077126
vt 0.581364 0.079231
vt 0.579231 0.081364
vt 0.577126 0.083523
vt 0.575048 0.085709
vt 0.572997 0.087920
vt 0.570974 0.090157
vt 0.568980 0.092419
vt 0.567014 0.094707
vt 0.565077 0.097018
vt 0.563169 0.099354
vt 0.561291 0.101714
vt 0.559442 0.104097
vt 0.557624 0.106503
vt 0.555836 0.108932
vt 0.554079 0.111383
vt 0.552352 0.113855
vt 0.550657 0.116350
vt 0.548993 0.118865
vt 0.547361 0.121402
vt 0.545761 0.123958
vt 0.544194 0.126535
vt 0.542658 0.129130
vt 0.541156 0.131745
vt 0.539686 0.134379
vt 0.538250 0.137031
vt 0.536847 0.139701
vt 0.535478 0.142388
vt 0.534143 0.145092
vt 0.532842 0.147813
vt 0.531575 0.150550
vt 0.530342 0.153302
vt 0.529144 0.156070
vt 0.527981 0.158853
vt 0.526854 0.161650
vt 0.525761 0.164461
vt 0.524704 0.167286
vt 0.523682 0.170123
vt 0.522696 0.172974
vt 0.521746 0.175836
vt 0.520833 0.178710
vt 0.519955 0.181595
vt 0.519113 0.184492
vt 0.518308 0.187398
vt 0.517540 0.190314
vt 0.516808 0.193240
vt 0.516114 0.196175
vt 0.515456 0.199118
vt 0.514835 0.202070
vt 0.514251 0.205028
vt 0.513705 0.207994
vt 0.513195 0.210967
vt 0.512724 0.213946
vt 0.512289 0.216930
vt 0.511892 0.219920
vt 0.511533 0.222914
vt 0.511212 0.225913
vt 0.510928 0.228916
vt 0.510682 0.231922
vt 0.510474 0.234930
vt 0.510303 0.237941
vt 0.510171 0.240954
vt 0.510076 0.243969
vt 0.510019 0.246984
vt 0.510000 0.250000
vt 0.510019 0.253016
vt 0.510076 0.256031
vt 0.510171 0.259046
vt 0.510303 0.262059
vt 0.510474 0.265070
vt 0.510682 0.268078
vt 0.510928 0.271084
vt 0.511212 0.274087
vt 0.511533 0.277086
vt 0.511892 0.280080
vt 0.512289 0.283070
vt 0.512724 0.286054
vt 0.513195 0.289033
vt 0.513705 0.292006
vt 0.514251 0.294972
vt 0.514835 0.297930
vt 0.515456 0.300882
vt 0.516114 0.303825
vt 0.516808 0.306760
vt 0.517540 0.309686
vt 0.518308 0.312602
vt 0.519113 0.315508
vt 0.519955 0.318405
vt 0.520833 0.321290
vt 0.521746 0.324164
vt 0.522696 0.327026
vt 0.523682 0.329877
vt 0.524704 0.332714
vt 0.525761 0.335539
vt 0.526854 0.338350
vt 0.527981 0.341147
vt 0.529144 0.343930
vt 0.530342 0.346698
vt 0.531575 0.349450
vt 0.532842 0.352187
vt 0.534143 0.354908
vt 0.535478 0.357612
vt 0.536847 0.360299
vt 0.538250 0.362969
vt 0.539686 0.365621
vt 0.541156 0.368255
vt 0.542658 0.370870
vt 0.544194 0.373465
vt 0.545761 0.376042
vt 0.547361 0.378598
vt 0.548993 0.381135
vt 0.550657 0.383650
vt 0.552352 0.386145
vt 0.554079 0.388617
vt 0.555836 0.391068
vt 0.557624 0.393497
vt 0.559442 0.395903
vt 0.561291 0.398286
vt 0.563169 0.400646
vt 0.565077 0.402982
vt 0.567014 0.405293
vt 0.568980 0.407581
vt 0.570974 0.409843
vt 0.572997 0.412080
vt 0.575048 0.414291
vt 0.577126 0.416477
vt 0.579231 0.418636
vt 0.581364 0.420769
vt 0.583523 0.422874
vt 0.585709 0.424952
vt 0.587920 0.427003
vt 0.590157 0.429026
vt 0.592419 0.431020
vt 0.594707 0.432986
vt 0.597018 0.434923
vt 0.599354 0.436831
vt 0.601714 0.438709
vt 0.604097 0.440558
vt 0.606503 0.442376
vt 0.608932 0.444164
vt 0.611383 0.445921
vt 0.613855 0.447648
vt 0.616350 0.449343
vt 0.618865 0.451007
vt 0.621402 0.452639
vt 0.623958 0.454239
vt 0.626535 0.455806
vt 0.629130 0.457342
vt 0.631745 0.458844
vt 0.634379 0.460314
vt 0.637031 0.461750
vt 0.639701 0.463153
vt 0.642388 0.464522
vt 0.645092 0.465857
vt 0.647813 0.467158
vt 0.650550 0.468425
vt 0.653302 0.469658
vt 0.656070 0.470856
vt 0.658853 0.472019
vt 0.661650 0.473146
vt 0.664461 0.474239
vt 0.667286 0.475296
vt 0.670123 0.476318
vt 0.672974 0.477304
vt 0.675836 0.478254
vt 0.678710 0.479167
vt 0.681595 0.480045
vt 0.684492 0.480887
vt 0.687398 0.481692
vt 0.690314 0.482460
vt 0.693240 0.483192
vt 0.696175 0.483886
vt 0.699118 0.484544
vt 0.702070 0.485165
vt 0.705028 0.485749
vt 0.707994 0.486295
vt 0.710967 0.486805
vt 0.713946 0.487276
vt 0.716930 0.487711
vt 0.719920 0.488108
vt 0.722914 0.488467
vt 0.725913 0.488788
vt 0.728916 0.489072
vt 0.731922 0.489318
vt 0.734930 0.489526
vt 0.737941 0.489697
vt 0.740954 0.489829
vt 0.743969 0.489924
vt 0.746984 0.489981
s 0
f 2071/2087/593 2072/2088/593 2074/2089/593 2073/2090/593
f 2073/2090/594 2074/2089/594 2076/2091/594 2075/2092/594
f 2075/2092/595 2076/2091/595 2078/2093/595 2077/2094/595
f 2077/2094/596 2078/2093/596 2080/2095/596 2079/2096/596
f 2079/2096/597 2080/2095/597 2082/2097/597 2081/2098/597
f 2081/2098/598 2082/2097/598 2084/2099/598 2083/2100/598
f 2083/2100/599 2084/2099/599 2086/2101/599 2085/2102/599
f 2085/2102/600 2086/2101/600 2088/2103/600 2087/2104/600
f 2087/2104/601 2088/2103/601 2090/2105/601 2089/2106/601
f 2089/2106/602 2090/2105/602 2092/2107/602 2091/2108/602
f 2091/2108/603 2092/2107/603 2094/2109/603 2093/2110/603
f 2093/2110/604 2094/2109/604 2096/2111/604 2095/2112/604
f 2095/2112/605 2096/2111/605 2098/2113/605 2097/2114/605
f 2097/2114/606 2098/2113/606 2100/2115/606 2099/2116/606
f 2099/2116/607 2100/2115/607 2102/2117/607 2101/2118/607
f 2101/2118/608 2102/2117/608 2104/2119/608 2103/2120/608
f 2103/2120/609 2104/2119/609 2106/2121/609 2105/2122/609
f 2105/2122/610 2106/2121/610 2108/2123/610 2107/2124/610
f 2107/2124/611 2108/2123/611 2110/2125/611 2109/2126/611
f 2109/2126/612 2110/2125/612 2112/2127/612 2111/2128/612
f 2111/2128/613 2112/2127/613 2114/2129/613 2113/2130/613
f 2113/2130/614 2114/2129/614 2116/2131/614 2115/2132/614
f 2115/2132/615 2116/2131/615 2118/2133/615 2117/2134/615
f 2117/2134/616 2118/2133/616 2120/2135/616 2119/2136/616
f 2119/2136/617 2120/2135/617 2122/2137/617 2121/2138/617
f 2121/2138/618 2122/2137/618 2124/2139/618 2123/2140/618
f 2123/2140/619 2124/2139/619 2126/2141/619 2125/2142/619
f 2125/2142/620 2126/2141/620 2128/2143/620 2127/2144/620
f 2127/2144/621 2128/2143/621 2130/2145/621 2129/2146/621
f 2129/2146/622 2130/2145/622 2132/2147/622 2131/2148/622
f 2131/2148/623 2132/2147/623 2134/2149/623 2133/2150/623
f 2133/2150/624 2134/2149/624 2136/2151/624 2135/2152/624
f 2135/2152/625 2136/2151/625 2138/2153/625 2137/2154/625
f 2137/2154/626 2138/2153/626 2140/2155/626 2139/2156/626
f 2139/2156/627 2140/2155/627 2142/2157/627 2141/2158/627
f 2141/2158/628 2142/2157/628 2144/2159/628 2143/2160/628
f 2143/2160/629 2144/2159/629 2146/2161/629 2145/2162/629
f 2145/2162/630 2146/2161/630 2148/2163/630 2147/2164/630
f 2147/2164/631 2148/2163/631 2150/2165/631 2149/2166/631
f 2149/2166/632 2150/2165/632 2152/2167/632 2151/2168/632
f 2151/2168/633 2152/2167/633 2154/2169/633 2153/2170/633
f 2153/2170/634 2154/2169/634 2156/2171/634 2155/2172/634
f 2155/2172/635 2156/2171/635 2158/2173/635 2157/2174/635
f 2157/2174/636 2158/2173/636 2160/2175/636 2159/2176/636
f 2159/2176/637 2160/2175/637 2162/2177/637 2161/2178/637
f 2161/2178/638 2162/2177/638 2164/2179/638 2163/2180/638
f 2163/2180/639 2164/2179/639 2166/2181/639 2165/2182/639
f 2165/2182/640 2166/2181/640 2168/2183/640 2167/2184/640
f 2167/2184/641 2168/2183/641 2170/2185/641 2169/2186/641
f 2169/2186/642 2170/2185/642 2172/2187/642 2171/2188/642
f 2171/2188/643 2172/2187/643 2174/2189/643 2173/2190/643
f 2173/2190/644 2174/2189/644 2176/2191/644 2175/2192/644
f 2175/2192/645 2176/2191/645 2178/2193/645 2177/2194/645
f 2177/2194/646 2178/2193/646 2180/2195/646 2179/2196/646
f 2179/2196/647 2180/2195/647 2182/2197/647 2181/2198/647
f 2181/2198/648 2182/2197/648 2184/2199/648 2183/2200/648
f 2183/2200/649 2184/2199/649 2186/2201/649 2185/2202/649
f 2185/2202/650 2186/2201/650 2188/2203/650 2187/2204/650
f 2187/2204/651 2188/2203/651 2190/2205/651 2189/2206/651
f 2189/2206/652 2190/2205/652 2192/2207/652 2191/2208/652
f 2191/2208/653 2192/2207/653 2194/2209/653 2193/2210/653
f 2193/2210/654 2194/2209/654 2196/2211/654 2195/2212/654
f 2195/2212/655 2196/2211/655 2198/2213/655 2197/2214/655
f 2197/2214/656 2198/2213/656 2200/2215/656 2199/2216/656
f 2199/2216/657 2200/2215/657 2202/2217/657 2201/2218/657
f 2201/2218/658 2202/2217/658 2204/2219/658 2203/2220/658
f 2203/2220/659 2204/2219/659 2206/2221/659 2205/2222/659
f 2205/2222/660 2206/2221/660 2208/2223/660 2207/2224/660
f 2207/2224/661 2208/2223/661 2210/2225/661 2209/2226/661
f 2209/2226/662 2210/2225/662 2212/2227/662 2211/2228/662
f 2211/2228/663 2212/2227/663 2214/2229/663 2213/2230/663
f 2213/2230/664 2214/2229/664 2216/2231/664 2215/2232/664
f 2215/2232/665 2216/2231/665 2218/2233/665 2217/2234/665
f 2217/2234/666 2218/2233/666 2220/2235/666 2219/2236/666
f 2219/2236/667 2220/2235/667 2222/2237/667 2221/2238/667
f 2221/2238/668 2222/2237/668 2224/2239/668 2223/2240/668
f 2223/2240/669 2224/2239/669 2226/2241/669 2225/2242/669
f 2225/2242/670 2226/2241/670 2228/2243/670 2227/2244/670
f 2227/2244/671 2228/2243/671 2230/2245/671 2229/2246/671
f 2229/2246/672 2230/2245/672 2232/2247/672 2231/2248/672
f 2231/2248/673 2232/2247/673 2234/2249/673 2233/2250/673
f 2233/2250/674 2234/2249/674 2236/2251/674 2235/2252/674
f 2235/2252/675 2236/2251/675 2238/2253/675 2237/2254/675
f 2237/2254/676 2238/2253/676 2240/2255/676 2239/2256/676
f 2239/2256/677 2240/2255/677 2242/2257/677 2241/2258/677
f 2241/2258/678 2242/2257/678 2244/2259/678 2243/2260/678
f 2243/2260/679 2244/2259/679 2246/2261/679 2245/2262/679
f 2245/2262/680 2246/2261/680 2248/2263/680 2247/2264/680
f 2247/2264/681 2248/2263/681 2250/2265/681 2249/2266/681
f 2249/2266/682 2250/2265/682 2252/2267/682 2251/2268/682
f 2251/2268/683 2252/2267/683 2254/2269/683 2253/2270/683
f 2253/2270/684 2254/2269/684 2256/2271/684 2255/2272/684
f 2255/2272/685 2256/2271/685 2258/2273/685 2257/2274/685
f 2257/2274/686 2258/2273/686 2260/2275/686 2259/2276/686
f 2259/2276/687 2260/2275/687 2262/2277/687 2261/2278/687
f 2261/2278/688 2262/2277/688 2264/2279/688 2263/2280/688
f 2263/2280/689 2264/2279/689 2266/2281/689 2265/2282/689
f 2265/2282/690 2266/2281/690 2268/2283/690 2267/2284/690
f 2267/2284/691 2268/2283/691 2270/2285/691 2269/2286/691
f 2269/2286/692 2270/2285/692 2272/2287/692 2271/2288/692
f 2271/2288/693 2272/2287/693 2274/2289/693 2273/2290/693
f 2273/2290/694 2274/2289/694 2276/2291/694 2275/2292/694
f 2275/2292/695 2276/2291/695 2278/2293/695 2277/2294/695
f 2277/2294/696 2278/2293/696 2280/2295/696 2279/2296/696
f 2279/2296/697 2280/2295/697 2282/2297/697 2281/2298/697
f 2281/2298/698 2282/2297/698 2284/2299/698 2283/2300/698
f 2283/2300/699 2284/2299/699 2286/2301/699 2285/2302/699
f 2285/2302/700 2286/2301/700 2288/2303/700 2287/2304/700
f 2287/2304/701 2288/2303/701 2290/2305/701 2289/2306/701
f 2289/2306/702 2290/2305/702 2292/2307/702 2291/2308/702
f 2291/2308/703 2292/2307/703 2294/2309/703 2293/2310/703
f 2293/2310/704 2294/2309/704 2296/2311/704 2295/2312/704
f 2295/2312/705 2296/2311/705 2298/2313/705 2297/2314/705
f 2297/2314/706 2298/2313/706 2300/2315/706 2299/2316/706
f 2299/2316/707 2300/2315/707 2302/2317/707 2301/2318/707
f 2301/2318/708 2302/2317/708 2304/2319/708 2303/2320/708
f 2303/2320/709 2304/2319/709 2306/2321/709 2305/2322/709
f 2305/2322/710 2306/2321/710 2308/2323/710 2307/2324/710
f 2307/2324/711 2308/2323/711 2310/2325/711 2309/2326/711
f 2309/2326/712 2310/2325/712 2312/2327/712 2311/2328/712
f 2311/2328/713 2312/2327/713 2314/2329/713 2313/2330/713
f 2313/2330/714 2314/2329/714 2316/2331/714 2315/2332/714
f 2315/2332/715 2316/2331/715 2318/2333/715 2317/2334/715
f 2317/2334/716 2318/2333/716 2320/2335/716 2319/2336/716
f 2319/2336/717 2320/2335/717 2322/2337/717 2321/2338/717
f 2321/2338/718 2322/2337/718 2324/2339/718 2323/2340/718
f 2323/2340/719 2324/2339/719 2326/2341/719 2325/2342/719
f 2325/2342/720 2326/2341/720 2328/2343/720 2327/2344/720
f 2327/2344/721 2328/2343/721 2330/2345/721 2329/2346/721
f 2329/2346/722 2330/2345/722 2332/2347/722 2331/2348/722
f 2331/2348/723 2332/2347/723 2334/2349/723 2333/2350/723
f 2333/2350/724 2334/2349/724 2336/2351/724 2335/2352/724
f 2335/2352/725 2336/2351/725 2338/2353/725 2337/2354/725
f 2337/2354/726 2338/2353/726 2340/2355/726 2339/2356/726
f 2339/2356/727 2340/2355/727 2342/2357/727 2341/2358/727
f 2341/2358/728 2342/2357/728 2344/2359/728 2343/2360/728
f 2343/2360/729 2344/2359/729 2346/2361/729 2345/2362/729
f 2345/2362/730 2346/2361/730 2348/2363/730 2347/2364/730
f 2347/2364/731 2348/2363/731 2350/2365/731 2349/2366/731
f 2349/2366/732 2350/2365/732 2352/2367/732 2351/2368/732
f 2351/2368/733 2352/2367/733 2354/2369/733 2353/2370/733
f 2353/2370/734 2354/2369/734 2356/2371/734 2355/2372/734
f 2355/2372/735 2356/2371/735 2358/2373/735 2357/2374/735
f 2357/2374/736 2358/2373/736 2360/2375/736 2359/2376/736
f 2359/2376/737 2360/2375/737 2362/2377/737 2361/2378/737
f 2361/2378/738 2362/2377/738 2364/2379/738 2363/2380/738
f 2363/2380/739 2364/2379/739 2366/2381/739 2365/2382/739
f 2365/2382/740 2366/2381/740 2368/2383/740 2367/2384/740
f 2367/2384/741 2368/2383/741 2370/2385/741 2369/2386/741
f 2369/2386/742 2370/2385/742 2372/2387/742 2371/2388/742
f 2371/2388/743 2372/2387/743 2374/2389/743 2373/2390/743
f 2373/2390/744 2374/2389/744 2376/2391/744 2375/2392/744
f 2375/2392/745 2376/2391/745 2378/2393/745 2377/2394/745
f 2377/2394/746 2378/2393/746 2380/2395/746 2379/2396/746
f 2379/2396/747 2380/2395/747 2382/2397/747 2381/2398/747
f 2381/2398/748 2382/2397/748 2384/2399/748 2383/2400/748
f 2383/2400/749 2384/2399/749 2386/2401/749 2385/2402/749
f 2385/2402/750 2386/2401/750 2388/2403/750 2387/2404/750
f 2387/2404/751 2388/2403/751 2390/2405/751 2389/2406/751
f 2389/2406/752 2390/2405/752 2392/2407/752 2391/2408/752
f 2391/2408/753 2392/2407/753 2394/2409/753 2393/2410/753
f 2393/2410/754 2394/2409/754 2396/2411/754 2395/2412/754
f 2395/2412/755 2396/2411/755 2398/2413/755 2397/2414/755
f 2397/2414/756 2398/2413/756 2400/2415/756 2399/2416/756
f 2399/2416/757 2400/2415/757 2402/2417/757 2401/2418/757
f 2401/2418/758 2402/2417/758 2404/2419/758 2403/2420/758
f 2403/2420/759 2404/2419/759 2406/2421/759 2405/2422/759
f 2405/2422/760 2406/2421/760 2408/2423/760 2407/2424/760
f 2407/2424/761 2408/2423/761 2410/2425/761 2409/2426/761
f 2409/2426/762 2410/2425/762 2412/2427/762 2411/2428/762
f 2411/2428/763 2412/2427/763 2414/2429/763 2413/2430/763
f 2413/2430/764 2414/2429/764 2416/2431/764 2415/2432/764
f 2415/2432/765 2416/2431/765 2418/2433/765 2417/2434/765
f 2417/2434/766 2418/2433/766 2420/2435/766 2419/2436/766
f 2419/2436/767 2420/2435/767 2422/2437/767 2421/2438/767
f 2421/2438/768 2422/2437/768 2424/2439/768 2423/2440/768
f 2423/2440/769 2424/2439/769 2426/2441/769 2425/2442/769
f 2425/2442/770 2426/2441/770 2428/2443/770 2427/2444/770
f 2427/2444/771 2428/2443/771 2430/2445/771 2429/2446/771
f 2429/2446/772 2430/2445/772 2432/2447/772 2431/2448/772
f 2431/2448/773 2432/2447/773 2434/2449/773 2433/2450/773
f 2433/2450/774 2434/2449/774 2436/2451/774 2435/2452/774
f 2435/2452/775 2436/2451/775 2438/2453/775 2437/2454/775
f 2437/2454/776 2438/2453/776 2440/2455/776 2439/2456/776
f 2439/2456/777 2440/2455/777 2442/2457/777 2441/2458/777
f 2441/2458/778 2442/2457/778 2444/2459/778 2443/2460/778
f 2443/2460/779 2444/2459/779 2446/2461/779 2445/2462/779
f 2445/2462/780 2446/2461/780 2448/2463/780 2447/2464/780
f 2447/2464/781 2448/2463/781 2450/2465/781 2449/2466/781
f 2449/2466/782 2450/2465/782 2452/2467/782 2451/2468/782
f 2451/2468/783 2452/2467/783 2454/2469/783 2453/2470/783
f 2453/2470/784 2454/2469/784 2456/2471/784 2455/2472/784
f 2455/2472/785 2456/2471/785 2458/2473/785 2457/2474/785
f 2457/2474/786 2458/2473/786 2460/2475/786 2459/2476/786
f 2459/2476/787 2460/2475/787 2462/2477/787 2461/2478/787
f 2461/2478/788 2462/2477/788 2464/2479/788 2463/2480/788
f 2463/2480/789 2464/2479/789 2466/2481/789 2465/2482/789
f 2465/2482/790 2466/2481/790 2468/2483/790 2467/2484/790
f 2467/2484/791 2468/2483/791 2470/2485/791 2469/2486/791
f 2469/2486/792 2470/2485/792 2472/2487/792 2471/2488/792
f 2471/2488/793 2472/2487/793 2474/2489/793 2473/2490/793
f 2473/2490/794 2474/2489/794 2476/2491/794 2475/2492/794
f 2475/2492/795 2476/2491/795 2478/2493/795 2477/2494/795
f 2477/2494/796 2478/2493/796 2480/2495/796 2479/2496/796
f 2479/2496/797 2480/2495/797 2482/2497/797 2481/2498/797
f 2481/2498/798 2482/2497/798 2484/2499/798 2483/2500/798
f 2483/2500/799 2484/2499/799 2486/2501/799 2485/2502/799
f 2485/2502/800 2486/2501/800 2488/2503/800 2487/2504/800
f 2487/2504/801 2488/2503/801 2490/2505/801 2489/2506/801
f 2489/2506/802 2490/2505/802 2492/2507/802 2491/2508/802
f 2491/2508/803 2492/2507/803 2494/2509/803 2493/2510/803
f 2493/2510/804 2494/2509/804 2496/2511/804 2495/2512/804
f 2495/2512/805 2496/2511/805 2498/2513/805 2497/2514/805
f 2497/2514/806 2498/2513/806 2500/2515/806 2499/2516/806
f 2499/2516/807 2500/2515/807 2502/2517/807 2501/2518/807
f 2501/2518/808 2502/2517/808 2504/2519/808 2503/2520/808
f 2503/2520/809 2504/2519/809 2506/2521/809 2505/2522/809
f 2505/2522/810 2506/2521/810 2508/2523/810 2507/2524/810
f 2507/2524/811 2508/2523/811 2510/2525/811 2509/2526/811
f 2509/2526/812 2510/2525/812 2512/2527/812 2511/2528/812
f 2511/2528/813 2512/2527/813 2514/2529/813 2513/2530/813
f 2513/2530/814 2514/2529/814 2516/2531/814 2515/2532/814
f 2515/2532/815 2516/2531/815 2518/2533/815 2517/2534/815
f 2517/2534/816 2518/2533/816 2520/2535/816 2519/2536/816
f 2519/2536/817 2520/2535/817 2522/2537/817 2521/2538/817
f 2521/2538/818 2522/2537/818 2524/2539/818 2523/2540/818
f 2523/2540/819 2524/2539/819 2526/2541/819 2525/2542/819
f 2525/2542/820 2526/2541/820 2528/2543/820 2527/2544/820
f 2527/2544/821 2528/2543/821 2530/2545/821 2529/2546/821
f 2529/2546/822 2530/2545/822 2532/2547/822 2531/2548/822
f 2531/2548/823 2532/2547/823 2534/2549/823 2533/2550/823
f 2533/2550/824 2534/2549/824 2536/2551/824 2535/2552/824
f 2535/2552/825 2536/2551/825 2538/2553/825 2537/2554/825
f 2537/2554/826 2538/2553/826 2540/2555/826 2539/2556/826
f 2539/2556/827 2540/2555/827 2542/2557/827 2541/2558/827
f 2541/2558/828 2542/2557/828 2544/2559/828 2543/2560/828
f 2543/2560/829 2544/2559/829 2546/2561/829 2545/2562/829
f 2545/2562/830 2546/2561/830 2548/2563/830 2547/2564/830
f 2547/2564/831 2548/2563/831 2550/2565/831 2549/2566/831
f 2549/2566/832 2550/2565/832 2552/2567/832 2551/2568/832
f 2551/2568/833 2552/2567/833 2554/2569/833 2553/2570/833
f 2553/2570/834 2554/2569/834 2556/2571/834 2555/2572/834
f 2555/2572/835 2556/2571/835 2558/2573/835 2557/2574/835
f 2557/2574/836 2558/2573/836 2560/2575/836 2559/2576/836
f 2559/2576/837 2560/2575/837 2562/2577/837 2561/2578/837
f 2561/2578/838 2562/2577/838 2564/2579/838 2563/2580/838
f 2563/2580/839 2564/2579/839 2566/2581/839 2565/2582/839
f 2565/2582/840 2566/2581/840 2568/2583/840 2567/2584/840
f 2567/2584/841 2568/2583/841 2570/2585/841 2569/2586/841
f 2569/2586/842 2570/2585/842 2572/2587/842 2571/2588/842
f 2571/2588/843 2572/2587/843 2574/2589/843 2573/2590/843
f 2573/2590/844 2574/2589/844 2576/2591/844 2575/2592/844
f 2575/2592/845 2576/2591/845 2578/2593/845 2577/2594/845
f 2577/2594/846 2578/2593/846 2580/2595/846 2579/2596/846
f 2579/2596/847 2580/2595/847 2582/2597/847 2581/2598/847
f 2581/2598/848 2582/2597/848 2584/2599/848 2583/2600/848
f 2583/2600/849 2584/2599/849 2586/2601/849 2585/2602/849
f 2585/2602/850 2586/2601/850 2588/2603/850 2587/2604/850
f 2587/2604/851 2588/2603/851 2590/2605/851 2589/2606/851
f 2589/2606/852 2590/2605/852 2592/2607/852 2591/2608/852
f 2591/2608/853 2592/2607/853 2594/2609/853 2593/2610/853
f 2593/2610/854 2594/2609/854 2596/2611/854 2595/2612/854
f 2595/2612/855 2596/2611/855 2598/2613/855 2597/2614/855
f 2597/2614/856 2598/2613/856 2600/2615/856 2599/2616/856
f 2599/2616/857 2600/2615/857 2602/2617/857 2601/2618/857
f 2601/2618/858 2602/2617/858 2604/2619/858 2603/2620/858
f 2603/2620/859 2604/2619/859 2606/2621/859 2605/2622/859
f 2605/2622/860 2606/2621/860 2608/2623/860 2607/2624/860
f 2607/2624/861 2608/2623/861 2610/2625/861 2609/2626/861
f 2609/2626/862 2610/2625/862 2612/2627/862 2611/2628/862
f 2611/2628/863 2612/2627/863 2614/2629/863 2613/2630/863
f 2613/2630/864 2614/2629/864 2616/2631/864 2615/2632/864
f 2615/2632/865 2616/2631/865 2618/2633/865 2617/2634/865
f 2617/2634/866 2618/2633/866 2620/2635/866 2619/2636/866
f 2619/2636/867 2620/2635/867 2622/2637/867 2621/2638/867
f 2621/2638/868 2622/2637/868 2624/2639/868 2623/2640/868
f 2623/2640/869 2624/2639/869 2626/2641/869 2625/2642/869
f 2625/2642/870 2626/2641/870 2628/2643/870 2627/2644/870
f 2627/2644/871 2628/2643/871 2630/2645/871 2629/2646/871
f 2629/2646/872 2630/2645/872 2632/2647/872 2631/2648/872
f 2631/2648/873 2632/2647/873 2634/2649/873 2633/2650/873
f 2633/2650/874 2634/2649/874 2636/2651/874 2635/2652/874
f 2635/2652/875 2636/2651/875 2638/2653/875 2637/2654/875
f 2637/2654/876 2638/2653/876 2640/2655/876 2639/2656/876
f 2639/2656/877 2640/2655/877 2642/2657/877 2641/2658/877
f 2641/2658/878 2642/2657/878 2644/2659/878 2643/2660/878
f 2643/2660/879 2644/2659/879 2646/2661/879 2645/2662/879
f 2645/2662/880 2646/2661/880 2648/2663/880 2647/2664/880
f 2647/2664/881 2648/2663/881 2650/2665/881 2649/2666/881
f 2649/2666/882 2650/2665/882 2652/2667/882 2651/2668/882
f 2651/2668/883 2652/2667/883 2654/2669/883 2653/2670/883
f 2653/2670/884 2654/2669/884 2656/2671/884 2655/2672/884
f 2655/2672/885 2656/2671/885 2658/2673/885 2657/2674/885
f 2657/2674/886 2658/2673/886 2660/2675/886 2659/2676/886
f 2659/2676/887 2660/2675/887 2662/2677/887 2661/2678/887
f 2661/2678/888 2662/2677/888 2664/2679/888 2663/2680/888
f 2663/2680/889 2664/2679/889 2666/2681/889 2665/2682/889
f 2665/2682/890 2666/2681/890 2668/2683/890 2667/2684/890
f 2667/2684/891 2668/2683/891 2670/2685/891 2669/2686/891
f 2669/2686/892 2670/2685/892 2672/2687/892 2671/2688/892
f 2671/2688/893 2672/2687/893 2674/2689/893 2673/2690/893
f 2673/2690/894 2674/2689/894 2676/2691/894 2675/2692/894
f 2675/2692/895 2676/2691/895 2678/2693/895 2677/2694/895
f 2677/2694/896 2678/2693/896 2680/2695/896 2679/2696/896
f 2679/2696/897 2680/2695/897 2682/2697/897 2681/2698/897
f 2681/2698/898 2682/2697/898 2684/2699/898 2683/2700/898
f 2683/2700/899 2684/2699/899 2686/2701/899 2685/2702/899
f 2685/2702/900 2686/2701/900 2688/2703/900 2687/2704/900
f 2687/2704/901 2688/2703/901 2690/2705/901 2689/2706/901
f 2689/2706/902 2690/2705/902 2692/2707/902 2691/2708/902
f 2691/2708/903 2692/2707/903 2694/2709/903 2693/2710/903
f 2693/2710/904 2694/2709/904 2696/2711/904 2695/2712/904
f 2695/2712/905 2696/2711/905 2698/2713/905 2697/2714/905
f 2697/2714/906 2698/2713/906 2700/2715/906 2699/2716/906
f 2699/2716/907 2700/2715/907 2702/2717/907 2701/2718/907
f 2701/2718/908 2702/2717/908 2704/2719/908 2703/2720/908
f 2703/2720/909 2704/2719/909 2706/2721/909 2705/2722/909
f 2705/2722/910 2706/2721/910 2708/2723/910 2707/2724/910
f 2707/2724/911 2708/2723/911 2710/2725/911 2709/2726/911
f 2709/2726/912 2710/2725/912 2712/2727/912 2711/2728/912
f 2711/2728/913 2712/2727/913 2714/2729/913 2713/2730/913
f 2713/2730/914 2714/2729/914 2716/2731/914 2715/2732/914
f 2715/2732/915 2716/2731/915 2718/2733/915 2717/2734/915
f 2717/2734/916 2718/2733/916 2720/2735/916 2719/2736/916
f 2719/2736/917 2720/2735/917 2722/2737/917 2721/2738/917
f 2721/2738/918 2722/2737/918 2724/2739/918 2723/2740/918
f 2723/2740/919 2724/2739/919 2726/2741/919 2725/2742/919
f 2725/2742/920 2726/2741/920 2728/2743/920 2727/2744/920
f 2727/2744/921 2728/2743/921 2730/2745/921 2729/2746/921
f 2729/2746/922 2730/2745/922 2732/2747/922 2731/2748/922
f 2731/2748/923 2732/2747/923 2734/2749/923 2733/2750/923
f 2733/2750/924 2734/2749/924 2736/2751/924 2735/2752/924
f 2735/2752/925 2736/2751/925 2738/2753/925 2737/2754/925
f 2737/2754/926 2738/2753/926 2740/2755/926 2739/2756/926
f 2739/2756/927 2740/2755/927 2742/2757/927 2741/2758/927
f 2741/2758/928 2742/2757/928 2744/2759/928 2743/2760/928
f 2743/2760/929 2744/2759/929 2746/2761/929 2745/2762/929
f 2745/2762/930 2746/2761/930 2748/2763/930 2747/2764/930
f 2747/2764/931 2748/2763/931 2750/2765/931 2749/2766/931
f 2749/2766/932 2750/2765/932 2752/2767/932 2751/2768/932
f 2751/2768/933 2752/2767/933 2754/2769/933 2753/2770/933
f 2753/2770/934 2754/2769/934 2756/2771/934 2755/2772/934
f 2755/2772/935 2756/2771/935 2758/2773/935 2757/2774/935
f 2757/2774/936 2758/2773/936 2760/2775/936 2759/2776/936
f 2759/2776/937 2760/2775/937 2762/2777/937 2761/2778/937
f 2761/2778/938 2762/2777/938 2764/2779/938 2763/2780/938
f 2763/2780/939 2764/2779/939 2766/2781/939 2765/2782/939
f 2765/2782/940 2766/2781/940 2768/2783/940 2767/2784/940
f 2767/2784/941 2768/2783/941 2770/2785/941 2769/2786/941
f 2769/2786/942 2770/2785/942 2772/2787/942 2771/2788/942
f 2771/2788/943 2772/2787/943 2774/2789/943 2773/2790/943
f 2773/2790/944 2774/2789/944 2776/2791/944 2775/2792/944
f 2775/2792/945 2776/2791/945 2778/2793/945 2777/2794/945
f 2777/2794/946 2778/2793/946 2780/2795/946 2779/2796/946
f 2779/2796/947 2780/2795/947 2782/2797/947 2781/2798/947
f 2781/2798/948 2782/2797/948 2784/2799/948 2783/2800/948
f 2783/2800/949 2784/2799/949 2786/2801/949 2785/2802/949
f 2785/2802/950 2786/2801/950 2788/2803/950 2787/2804/950
f 2787/2804/951 2788/2803/951 2790/2805/951 2789/2806/951
f 2789/2806/952 2790/2805/952 2792/2807/952 2791/2808/952
f 2791/2808/953 2792/2807/953 2794/2809/953 2793/2810/953
f 2793/2810/954 2794/2809/954 2796/2811/954 2795/2812/954
f 2795/2812/955 2796/2811/955 2798/2813/955 2797/2814/955
f 2797/2814/956 2798/2813/956 2800/2815/956 2799/2816/956
f 2799/2816/957 2800/2815/957 2802/2817/957 2801/2818/957
f 2801/2818/958 2802/2817/958 2804/2819/958 2803/2820/958
f 2803/2820/959 2804/2819/959 2806/2821/959 2805/2822/959
f 2805/2822/960 2806/2821/960 2808/2823/960 2807/2824/960
f 2807/2824/961 2808/2823/961 2810/2825/961 2809/2826/961
f 2809/2826/962 2810/2825/962 2812/2827/962 2811/2828/962
f 2811/2828/963 2812/2827/963 2814/2829/963 2813/2830/963
f 2813/2830/964 2814/2829/964 2816/2831/964 2815/2832/964
f 2815/2832/965 2816/2831/965 2818/2833/965 2817/2834/965
f 2817/2834/966 2818/2833/966 2820/2835/966 2819/2836/966
f 2819/2836/967 2820/2835/967 2822/2837/967 2821/2838/967
f 2821/2838/968 2822/2837/968 2824/2839/968 2823/2840/968
f 2823/2840/969 2824/2839/969 2826/2841/969 2825/2842/969
f 2825/2842/970 2826/2841/970 2828/2843/970 2827/2844/970
f 2827/2844/971 2828/2843/971 2830/2845/971 2829/2846/971
f 2829/2846/972 2830/2845/972 2832/2847/972 2831/2848/972
f 2831/2848/973 2832/2847/973 2834/2849/973 2833/2850/973
f 2833/2850/974 2834/2849/974 2836/2851/974 2835/2852/974
f 2835/2852/975 2836/2851/975 2838/2853/975 2837/2854/975
f 2837/2854/976 2838/2853/976 2840/2855/976 2839/2856/976
f 2839/2856/977 2840/2855/977 2842/2857/977 2841/2858/977
f 2841/2858/978 2842/2857/978 2844/2859/978 2843/2860/978
f 2843/2860/979 2844/2859/979 2846/2861/979 2845/2862/979
f 2845/2862/980 2846/2861/980 2848/2863/980 2847/2864/980
f 2847/2864/981 2848/2863/981 2850/2865/981 2849/2866/981
f 2849/2866/982 2850/2865/982 2852/2867/982 2851/2868/982
f 2851/2868/983 2852/2867/983 2854/2869/983 2853/2870/983
f 2853/2870/984 2854/2869/984 2856/2871/984 2855/2872/984
f 2855/2872/985 2856/2871/985 2858/2873/985 2857/2874/985
f 2857/2874/986 2858/2873/986 2860/2875/986 2859/2876/986
f 2859/2876/987 2860/2875/987 2862/2877/987 2861/2878/987
f 2861/2878/988 2862/2877/988 2864/2879/988 2863/2880/988
f 2863/2880/989 2864/2879/989 2866/2881/989 2865/2882/989
f 2865/2882/990 2866/2881/990 2868/2883/990 2867/2884/990
f 2867/2884/991 2868/2883/991 2870/2885/991 2869/2886/991
f 2869/2886/992 2870/2885/992 2872/2887/992 2871/2888/992
f 2871/2888/993 2872/2887/993 2874/2889/993 2873/2890/993
f 2873/2890/994 2874/2889/994 2876/2891/994 2875/2892/994
f 2875/2892/995 2876/2891/995 2878/2893/995 2877/2894/995
f 2877/2894/996 2878/2893/996 2880/2895/996 2879/2896/996
f 2879/2896/997 2880/2895/997 2882/2897/997 2881/2898/997
f 2881/2898/998 2882/2897/998 2884/2899/998 2883/2900/998
f 2883/2900/999 2884/2899/999 2886/2901/999 2885/2902/999
f 2885/2902/1000 2886/2901/1000 2888/2903/1000 2887/2904/1000
f 2887/2904/1001 2888/2903/1001 2890/2905/1001 2889/2906/1001
f 2889/2906/1002 2890/2905/1002 2892/2907/1002 2891/2908/1002
f 2891/2908/1003 2892/2907/1003 2894/2909/1003 2893/2910/1003
f 2893/2910/1004 2894/2909/1004 2896/2911/1004 2895/2912/1004
f 2895/2912/1005 2896/2911/1005 2898/2913/1005 2897/2914/1005
f 2897/2914/1006 2898/2913/1006 2900/2915/1006 2899/2916/1006
f 2899/2916/1007 2900/2915/1007 2902/2917/1007 2901/2918/1007
f 2901/2918/1008 2902/2917/1008 2904/2919/1008 2903/2920/1008
f 2903/2920/1009 2904/2919/1009 2906/2921/1009 2905/2922/1009
f 2905/2922/1010 2906/2921/1010 2908/2923/1010 2907/2924/1010
f 2907/2924/1011 2908/2923/1011 2910/2925/1011 2909/2926/1011
f 2909/2926/1012 2910/2925/1012 2912/2927/1012 2911/2928/1012
f 2911/2928/1013 2912/2927/1013 2914/2929/1013 2913/2930/1013
f 2913/2930/1014 2914/2929/1014 2916/2931/1014 2915/2932/1014
f 2915/2932/1015 2916/2931/1015 2918/2933/1015 2917/2934/1015
f 2917/2934/1016 2918/2933/1016 2920/2935/1016 2919/2936/1016
f 2919/2936/1017 2920/2935/1017 2922/2937/1017 2921/2938/1017
f 2921/2938/1018 2922/2937/1018 2924/2939/1018 2923/2940/1018
f 2923/2940/1019 2924/2939/1019 2926/2941/1019 2925/2942/1019
f 2925/2942/1020 2926/2941/1020 2928/2943/1020 2927/2944/1020
f 2927/2944/1021 2928/2943/1021 2930/2945/1021 2929/2946/1021
f 2929/2946/1022 2930/2945/1022 2932/2947/1022 2931/2948/1022
f 2931/2948/1023 2932/2947/1023 2934/2949/1023 2933/2950/1023
f 2933/2950/1024 2934/2949/1024 2936/2951/1024 2935/2952/1024
f 2935/2952/1025 2936/2951/1025 2938/2953/1025 2937/2954/1025
f 2937/2954/1026 2938/2953/1026 2940/2955/1026 2939/2956/1026
f 2939/2956/1027 2940/2955/1027 2942/2957/1027 2941/2958/1027
f 2941/2958/1028 2942/2957/1028 2944/2959/1028 2943/2960/1028
f 2943/2960/1029 2944/2959/1029 2946/2961/1029 2945/2962/1029
f 2945/2962/1030 2946/2961/1030 2948/2963/1030 2947/2964/1030
f 2947/2964/1031 2948/2963/1031 2950/2965/1031 2949/2966/1031
f 2949/2966/1032 2950/2965/1032 2952/2967/1032 2951/2968/1032
f 2951/2968/1033 2952/2967/1033 2954/2969/1033 2953/2970/1033
f 2953/2970/1034 2954/2969/1034 2956/2971/1034 2955/2972/1034
f 2955/2972/1035 2956/2971/1035 2958/2973/1035 2957/2974/1035
f 2957/2974/1036 2958/2973/1036 2960/2975/1036 2959/2976/1036
f 2959/2976/1037 2960/2975/1037 2962/2977/1037 2961/2978/1037
f 2961/2978/1038 2962/2977/1038 2964/2979/1038 2963/2980/1038
f 2963/2980/1039 2964/2979/1039 2966/2981/1039 2965/2982/1039
f 2965/2982/1040 2966/2981/1040 2968/2983/1040 2967/2984/1040
f 2967/2984/1041 2968/2983/1041 2970/2985/1041 2969/2986/1041
f 2969/2986/1042 2970/2985/1042 2972/2987/1042 2971/2988/1042
f 2971/2988/1043 2972/2987/1043 2974/2989/1043 2973/2990/1043
f 2973/2990/1044 2974/2989/1044 2976/2991/1044 2975/2992/1044
f 2975/2992/1045 2976/2991/1045 2978/2993/1045 2977/2994/1045
f 2977/2994/1046 2978/2993/1046 2980/2995/1046 2979/2996/1046
f 2979/2996/1047 2980/2995/1047 2982/2997/1047 2981/2998/1047
f 2981/2998/1048 2982/2997/1048 2984/2999/1048 2983/3000/1048
f 2983/3000/1049 2984/2999/1049 2986/3001/1049 2985/3002/1049
f 2985/3002/1050 2986/3001/1050 2988/3003/1050 2987/3004/1050
f 2987/3004/1051 2988/3003/1051 2990/3005/1051 2989/3006/1051
f 2989/3006/1052 2990/3005/1052 2992/3007/1052 2991/3008/1052
f 2991/3008/1053 2992/3007/1053 2994/3009/1053 2993/3010/1053
f 2993/3010/1054 2994/3009/1054 2996/3011/1054 2995/3012/1054
f 2995/3012/1055 2996/3011/1055 2998/3013/1055 2997/3014/1055
f 2997/3014/1056 2998/3013/1056 3000/3015/1056 2999/3016/1056
f 2999/3016/1057 3000/3015/1057 3002/3017/1057 3001/3018/1057
f 3001/3018/1058 3002/3017/1058 3004/3019/1058 3003/3020/1058
f 3003/3020/1059 3004/3019/1059 3006/3021/1059 3005/3022/1059
f 3005/3022/1060 3006/3021/1060 3008/3023/1060 3007/3024/1060
f 3007/3024/1061 3008/3023/1061 3010/3025/1061 3009/3026/1061
f 3009/3026/1062 3010/3025/1062 3012/3027/1062 3011/3028/1062
f 3011/3028/1063 3012/3027/1063 3014/3029/1063 3013/3030/1063
f 3013/3030/1064 3014/3029/1064 3016/3031/1064 3015/3032/1064
f 3015/3032/1065 3016/3031/1065 3018/3033/1065 3017/3034/1065
f 3017/3034/1066 3018/3033/1066 3020/3035/1066 3019/3036/1066
f 3019/3036/1067 3020/3035/1067 3022/3037/1067 3021/3038/1067
f 3021/3038/1068 3022/3037/1068 3024/3039/1068 3023/3040/1068
f 3023/3040/1069 3024/3039/1069 3026/3041/1069 3025/3042/1069
f 3025/3042/1070 3026/3041/1070 3028/3043/1070 3027/3044/1070
f 3027/3044/1071 3028/3043/1071 3030/3045/1071 3029/3046/1071
f 3029/3046/1072 3030/3045/1072 3032/3047/1072 3031/3048/1072
f 3031/3048/1073 3032/3047/1073 3034/3049/1073 3033/3050/1073
f 3033/3050/1074 3034/3049/1074 3036/3051/1074 3035/3052/1074
f 3035/3052/1075 3036/3051/1075 3038/3053/1075 3037/3054/1075
f 3037/3054/1076 3038/3053/1076 3040/3055/1076 3039/3056/1076
f 3039/3056/1077 3040/3055/1077 3042/3057/1077 3041/3058/1077
f 3041/3058/1078 3042/3057/1078 3044/3059/1078 3043/3060/1078
f 3043/3060/1079 3044/3059/1079 3046/3061/1079 3045/3062/1079
f 3045/3062/1080 3046/3061/1080 3048/3063/1080 3047/3064/1080
f 3047/3064/1081 3048/3063/1081 3050/3065/1081 3049/3066/1081
f 3049/3066/1082 3050/3065/1082 3052/3067/1082 3051/3068/1082
f 3051/3068/1083 3052/3067/1083 3054/3069/1083 3053/3070/1083
f 3053/3070/1084 3054/3069/1084 3056/3071/1084 3055/3072/1084
f 3055/3072/1085 3056/3071/1085 3058/3073/1085 3057/3074/1085
f 3057/3074/1086 3058/3073/1086 3060/3075/1086 3059/3076/1086
f 3059/3076/1087 3060/3075/1087 3062/3077/1087 3061/3078/1087
f 3061/3078/1088 3062/3077/1088 3064/3079/1088 3063/3080/1088
f 3063/3080/1089 3064/3079/1089 3066/3081/1089 3065/3082/1089
f 3065/3082/1090 3066/3081/1090 3068/3083/1090 3067/3084/1090
f 2074/3085/1091 2072/3086/1091 3070/3087/1091 3068/3088/1091 3066/3089/1091 3064/3090/1091 3062/3091/1091 3060/3092/1091 3058/3093/1091 3056/3094/1091 3054/3095/1091 3052/3096/1091 3050/3097/1091 3048/3098/1091 3046/3099/1091 3044/3100/1091 3042/3101/1091 3040/3102/1091 3038/3103/1091 3036/3104/1091 3034/3105/1091 3032/3106/1091 3030/3107/1091 3028/3108/1091 3026/3109/1091 3024/3110/1091 3022/3111/1091 3020/3112/1091 3018/3113/1091 3016/3114/1091 3014/3115/1091 3012/3116/1091 3010/3117/1091 3008/3118/1091 3006/3119/1091 3004/3120/1091 3002/3121/1091 3000/3122/1091 2998/3123/1091 2996/3124/1091 2994/3125/1091 2992/3126/1091 2990/3127/1091 2988/3128/1091 2986/3129/1091 2984/3130/1091 2982/3131/1091 2980/3132/1091 2978/3133/1091 2976/3134/1091 2974/3135/1091 2972/3136/1091 2970/3137/1091 2968/3138/1091 2966/3139/1091 2964/3140/1091 2962/3141/1091 2960/3142/1091 2958/3143/1091 2956/3144/1091 2954/3145/1091 2952/3146/1091 2950/3147/1091 2948/3148/1091 2946/3149/1091 2944/3150/1091 2942/3151/1091 2940/3152/1091 2938/3153/1091 2936/3154/1091 2934/3155/1091 2932/3156/1091 2930/3157/1091 2928/3158/1091 2926/3159/1091 2924/3160/1091 2922/3161/1091 2920/3162/1091 2918/3163/1091 2916/3164/1091 2914/3165/1091 2912/3166/1091 2910/3167/1091 2908/3168/1091 2906/3169/1091 2904/3170/1091 2902/3171/1091 2900/3172/1091 2898/3173/1091 2896/3174/1091 2894/3175/1091 2892/3176/1091 2890/3177/1091 2888/3178/1091 2886/3179/1091 2884/3180/1091 2882/3181/1091 2880/3182/1091 2878/3183/1091 2876/3184/1091 2874/3185/1091 2872/3186/1091 2870/3187/1091 2868/3188/1091 2866/3189/1091 2864/3190/1091 2862/3191/1091 2860/3192/1091 2858/3193/1091 2856/3194/1091 2854/3195/1091 2852/3196/1091 2850/3197/1091 2848/3198/1091 2846/3199/1091 2844/3200/1091 2842/3201/1091 2840/3202/1091 2838/3203/1091 2836/3204/1091 2834/3205/1091 2832/3206/1091 2830/3207/1091 2828/3208/1091 2826/3209/1091 2824/3210/1091 2822/3211/1091 2820/3212/1091 2818/3213/1091 2816/3214/1091 2814/3215/1091 2812/3216/1091 2810/3217/1091 2808/3218/1091 2806/3219/1091 2804/3220/1091 2802/3221/1091 2800/3222/1091 2798/3223/1091 2796/3224/1091 2794/3225/1091 2792/3226/1091 2790/3227/1091 2788/3228/1091 2786/3229/1091 2784/3230/1091 2782/3231/1091 2780/3232/1091 2778/3233/1091 2776/3234/1091 2774/3235/1091 2772/3236/1091 2770/3237/1091 2768/3238/1091 2766/3239/1091 2764/3240/1091 2762/3241/1091 2760/3242/1091 2758/3243/1091 2756/3244/1091 2754/3245/1091 2752/3246/1091 2750/3247/1091 2748/3248/1091 2746/3249/1091 2744/3250/1091 2742/3251/1091 2740/3252/1091 2738/3253/1091 2736/3254/1091 2734/3255/1091 2732/3256/1091 2730/3257/1091 2728/3258/1091 2726/3259/1091 2724/3260/1091 2722/3261/1091 2720/3262/1091 2718/3263/1091 2716/3264/1091 2714/3265/1091 2712/3266/1091 2710/3267/1091 2708/3268/1091 2706/3269/1091 2704/3270/1091 2702/3271/1091 2700/3272/1091 2698/3273/1091 2696/3274/1091 2694/3275/1091 2692/3276/1091 2690/3277/1091 2688/3278/1091 2686/3279/1091 2684/3280/1091 2682/3281/1091 2680/3282/1091 2678/3283/1091 2676/3284/1091 2674/3285/1091 2672/3286/1091 2670/3287/1091 2668/3288/1091 2666/3289/1091 2664/3290/1091 2662/3291/1091 2660/3292/1091 2658/3293/1091 2656/3294/1091 2654/3295/1091 2652/3296/1091 2650/3297/1091 2648/3298/1091 2646/3299/1091 2644/3300/1091 2642/3301/1091 2640/3302/1091 2638/3303/1091 2636/3304/1091 2634/3305/1091 2632/3306/1091 2630/3307/1091 2628/3308/1091 2626/3309/1091 2624/3310/1091 2622/3311/1091 2620/3312/1091 2618/3313/1091 2616/3314/1091 2614/3315/1091 2612/3316/1091 2610/3317/1091 2608/3318/1091 2606/3319/1091 2604/3320/1091 2602/3321/1091 2600/3322/1091 2598/3323/1091 2596/3324/1091 2594/3325/1091 2592/3326/1091 2590/3327/1091 2588/3328/1091 2586/3329/1091 2584/3330/1091 2582/3331/1091 2580/3332/1091 2578/3333/1091 2576/3334/1091 2574/3335/1091 2572/3336/1091 2570/3337/1091 2568/3338/1091 2566/3339/1091 2564/3340/1091 2562/3341/1091 2560/3342/1091 2558/3343/1091 2556/3344/1091 2554/3345/1091 2552/3346/1091 2550/3347/1091 2548/3348/1091 2546/3349/1091 2544/3350/1091 2542/3351/1091 2540/3352/1091 2538/3353/1091 2536/3354/1091 2534/3355/1091 2532/3356/1091 2530/3357/1091 2528/3358/1091 2526/3359/1091 2524/3360/1091 2522/3361/1091 2520/3362/1091 2518/3363/1091 2516/3364/1091 2514/3365/1091 2512/3366/1091 2510/3367/1091 2508/3368/1091 2506/3369/1091 2504/3370/1091 2502/3371/1091 2500/3372/1091 2498/3373/1091 2496/3374/1091 2494/3375/1091 2492/3376/1091 2490/3377/1091 2488/3378/1091 2486/3379/1091 2484/3380/1091 2482/3381/1091 2480/3382/1091 2478/3383/1091 2476/3384/1091 2474/3385/1091 2472/3386/1091 2470/3387/1091 2468/3388/1091 2466/3389/1091 2464/3390/1091 2462/3391/1091 2460/3392/1091 2458/3393/1091 2456/3394/1091 2454/3395/1091 2452/3396/1091 2450/3397/1091 2448/3398/1091 2446/3399/1091 2444/3400/1091 2442/3401/1091 2440/3402/1091 2438/3403/1091 2436/3404/1091 2434/3405/1091 2432/3406/1091 2430/3407/1091 2428/3408/1091 2426/3409/1091 2424/3410/1091 2422/3411/1091 2420/3412/1091 2418/3413/1091 2416/3414/1091 2414/3415/1091 2412/3416/1091 2410/3417/1091 2408/3418/1091 2406/3419/1091 2404/3420/1091 2402/3421/1091 2400/3422/1091 2398/3423/1091 2396/3424/1091 2394/3425/1091 2392/3426/1091 2390/3427/1091 2388/3428/1091 2386/3429/1091 2384/3430/1091 2382/3431/1091 2380/3432/1091 2378/3433/1091 2376/3434/1091 2374/3435/1091 2372/3436/1091 2370/3437/1091 2368/3438/1091 2366/3439/1091 2364/3440/1091 2362/3441/1091 2360/3442/1091 2358/3443/1091 2356/3444/1091 2354/3445/1091 2352/3446/1091 2350/3447/1091 2348/3448/1091 2346/3449/1091 2344/3450/1091 2342/3451/1091 2340/3452/1091 2338/3453/1091 2336/3454/1091 2334/3455/1091 2332/3456/1091 2330/3457/1091 2328/3458/1091 2326/3459/1091 2324/3460/1091 2322/3461/1091 2320/3462/1091 2318/3463/1091 2316/3464/1091 2314/3465/1091 2312/3466/1091 2310/3467/1091 2308/3468/1091 2306/3469/1091 2304/3470/1091 2302/3471/1091 2300/3472/1091 2298/3473/1091 2296/3474/1091 2294/3475/1091 2292/3476/1091 2290/3477/1091 2288/3478/1091 2286/3479/1091 2284/3480/1091 2282/3481/1091 2280/3482/1091 2278/3483/1091 2276/3484/1091 2274/3485/1091 2272/3486/1091 2270/3487/1091 2268/3488/1091 2266/3489/1091 2264/3490/1091 2262/3491/1091 2260/3492/1091 2258/3493/1091 2256/3494/1091 2254/3495/1091 2252/3496/1091 2250/3497/1091 2248/3498/1091 2246/3499/1091 2244/3500/1091 2242/3501/1091 2240/3502/1091 2238/3503/1091 2236/3504/1091 2234/3505/1091 2232/3506/1091 2230/3507/1091 2228/3508/1091 2226/3509/1091 2224/3510/1091 2222/3511/1091 2220/3512/1091 2218/3513/1091 2216/3514/1091 2214/3515/1091 2212/3516/1091 2210/3517/1091 2208/3518/1091 2206/3519/1091 2204/3520/1091 2202/3521/1091 2200/3522/1091 2198/3523/1091 2196/3524/1091 2194/3525/1091 2192/3526/1091 2190/3527/1091 2188/3528/1091 2186/3529/1091 2184/3530/1091 2182/3531/1091 2180/3532/1091 2178/3533/1091 2176/3534/1091 2174/3535/1091 2172/3536/1091 2170/3537/1091 2168/3538/1091 2166/3539/1091 2164/3540/1091 2162/3541/1091 2160/3542/1091 2158/3543/1091 2156/3544/1091 2154/3545/1091 2152/3546/1091 2150/3547/1091 2148/3548/1091 2146/3549/1091 2144/3550/1091 2142/3551/1091 2140/3552/1091 2138/3553/1091 2136/3554/1091 2134/3555/1091 2132/3556/1091 2130/3557/1091 2128/3558/1091 2126/3559/1091 2124/3560/1091 2122/3561/1091 2120/3562/1091 2118/3563/1091 2116/3564/1091 2114/3565/1091 2112/3566/1091 2110/3567/1091 2108/3568/1091 2106/3569/1091 2104/3570/1091 2102/3571/1091 2100/3572/1091 2098/3573/1091 2096/3574/1091 2094/3575/1091 2092/3576/1091 2090/3577/1091 2088/3578/1091 2086/3579/1091 2084/3580/1091 2082/3581/1091 2080/3582/1091 2078/3583/1091 2076/3584/1091
f 3067/3084/1092 3068/3083/1092 3070/3585/1092 3069/3586/1092
f 3069/3586/1093 3070/3585/1093 2072/3587/1093 2071/3588/1093
f 2071/3589/1094 2073/3590/1094 2075/3591/1094 2077/3592/1094 2079/3593/1094 2081/3594/1094 2083/3595/1094 2085/3596/1094 2087/3597/1094 2089/3598/1094 2091/3599/1094 2093/3600/1094 2095/3601/1094 2097/3602/1094 2099/3603/1094 2101/3604/1094 2103/3605/1094 2105/3606/1094 2107/3607/1094 2109/3608/1094 2111/3609/1094 2113/3610/1094 2115/3611/1094 2117/3612/1094 2119/3613/1094 2121/3614/1094 2123/3615/1094 2125/3616/1094 2127/3617/1094 2129/3618/1094 2131/3619/1094 2133/3620/1094 2135/3621/1094 2137/3622/1094 2139/3623/1094 2141/3624/1094 2143/3625/1094 2145/3626/1094 2147/3627/1094 2149/3628/1094 2151/3629/1094 2153/3630/1094 2155/3631/1094 2157/3632/1094 2159/3633/1094 2161/3634/1094 2163/3635/1094 2165/3636/1094 2167/3637/1094 2169/3638/1094 2171/3639/1094 2173/3640/1094 2175/3641/1094 2177/3642/1094 2179/3643/1094 2181/3644/1094 2183/3645/1094 2185/3646/1094 2187/3647/1094 2189/3648/1094 2191/3649/1094 2193/3650/1094 2195/3651/1094 2197/3652/1094 2199/3653/1094 2201/3654/1094 2203/3655/1094 2205/3656/1094 2207/3657/1094 2209/3658/1094 2211/3659/1094 2213/3660/1094 2215/3661/1094 2217/3662/1094 2219/3663/1094 2221/3664/1094 2223/3665/1094 2225/3666/1094 2227/3667/1094 2229/3668/1094 2231/3669/1094 2233/3670/1094 2235/3671/1094 2237/3672/1094 2239/3673/1094 2241/3674/1094 2243/3675/1094 2245/3676/1094 2247/3677/1094 2249/3678/1094 2251/3679/1094 2253/3680/1094 2255/3681/1094 2257/3682/1094 2259/3683/1094 2261/3684/1094 2263/3685/1094 2265/3686/1094 2267/3687/1094 2269/3688/1094 2271/3689/1094 2273/3690/1094 2275/3691/1094 2277/3692/1094 2279/3693/1094 2281/3694/1094 2283/3695/1094 2285/3696/1094 2287/3697/1094 2289/3698/1094 2291/3699/1094 2293/3700/1094 2295/3701/1094 2297/3702/1094 2299/3703/1094 2301/3704/1094 2303/3705/1094 2305/3706/1094 2307/3707/1094 2309/3708/1094 2311/3709/1094 2313/3710/1094 2315/3711/1094 2317/3712/1094 2319/3713/1094 2321/3714/1094 2323/3715/1094 2325/3716/1094 2327/3717/1094 2329/3718/1094 2331/3719/1094 2333/3720/1094 2335/3721/1094 2337/3722/1094 2339/3723/1094 2341/3724/1094 2343/3725/1094 2345/3726/1094 2347/3727/1094 2349/3728/1094 2351/3729/1094 2353/3730/1094 2355/3731/1094 2357/3732/1094 2359/3733/1094 2361/3734/1094 2363/3735/1094 2365/3736/1094 2367/3737/1094 2369/3738/1094 2371/3739/1094 2373/3740/1094 2375/3741/1094 2377/3742/1094 2379/3743/1094 2381/3744/1094 2383/3745/1094 2385/3746/1094 2387/3747/1094 2389/3748/1094 2391/3749/1094 2393/3750/1094 2395/3751/1094 2397/3752/1094 2399/3753/1094 2401/3754/1094 2403/3755/1094 2405/3756/1094 2407/3757/1094 2409/3758/1094 2411/3759/1094 2413/3760/1094 2415/3761/1094 2417/3762/1094 2419/3763/1094 2421/3764/1094 2423/3765/1094 2425/3766/1094 2427/3767/1094 2429/3768/1094 2431/3769/1094 2433/3770/1094 2435/3771/1094 2437/3772/1094 2439/3773/1094 2441/3774/1094 2443/3775/1094 2445/3776/1094 2447/3777/1094 2449/3778/1094 2451/3779/1094 2453/3780/1094 2455/3781/1094 2457/3782/1094 2459/3783/1094 2461/3784/1094 2463/3785/1094 2465/3786/1094 2467/3787/1094 2469/3788/1094 2471/3789/1094 2473/3790/1094 2475/3791/1094 2477/3792/1094 2479/3793/1094 2481/3794/1094 2483/3795/1094 2485/3796/1094 2487/3797/1094 2489/3798/1094 2491/3799/1094 2493/3800/1094 2495/3801/1094 2497/3802/1094 2499/3803/1094 2501/3804/1094 2503/3805/1094 2505/3806/1094 2507/3807/1094 2509/3808/1094 2511/3809/1094 2513/3810/1094 2515/3811/1094 2517/3812/1094 2519/3813/1094 2521/3814/1094 2523/3815/1094 2525/3816/1094 2527/3817/1094 2529/3818/1094 2531/3819/1094 2533/3820/1094 2535/3821/1094 2537/3822/1094 2539/3823/1094 2541/3824/1094 2543/3825/1094 2545/3826/1094 2547/3827/1094 2549/3828/1094 2551/3829/1094 2553/3830/1094 2555/3831/1094 2557/3832/1094 2559/3833/1094 2561/3834/1094 2563/3835/1094 2565/3836/1094 2567/3837/1094 2569/3838/1094 2571/3839/1094 2573/3840/1094 2575/3841/1094 2577/3842/1094 2579/3843/1094 2581/3844/1094 2583/3845/1094 2585/3846/1094 2587/3847/1094 2589/3848/1094 2591/3849/1094 2593/3850/1094 2595/3851/1094 2597/3852/1094 2599/3853/1094 2601/3854/1094 2603/3855/1094 2605/3856/1094 2607/3857/1094 2609/3858/1094 2611/3859/1094 2613/3860/1094 2615/3861/1094 2617/3862/1094 2619/3863/1094 2621/3864/1094 2623/3865/1094 2625/3866/1094 2627/3867/1094 2629/3868/1094 2631/3869/1094 2633/3870/1094 2635/3871/1094 2637/3872/1094 2639/3873/1094 2641/3874/1094 2643/3875/1094 2645/3876/1094 2647/3877/1094 2649/3878/1094 2651/3879/1094 2653/3880/1094 2655/3881/1094 2657/3882/1094 2659/3883/1094 2661/3884/1094 2663/3885/1094 2665/3886/1094 2667/3887/1094 2669/3888/1094 2671/3889/1094 2673/3890/1094 2675/3891/1094 2677/3892/1094 2679/3893/1094 2681/3894/1094 2683/3895/1094 2685/3896/1094 2687/3897/1094 2689/3898/1094 2691/3899/1094 2693/3900/1094 2695/3901/1094 2697/3902/1094 2699/3903/1094 2701/3904/1094 2703/3905/1094 2705/3906/1094 2707/3907/1094 2709/3908/1094 2711/3909/1094 2713/3910/1094 2715/3911/1094 2717/3912/1094 2719/3913/1094 2721/3914/1094 2723/3915/1094 2725/3916/1094 2727/3917/1094 2729/3918/1094 2731/3919/1094 2733/3920/1094 2735/3921/1094 2737/3922/1094 2739/3923/1094 2741/3924/1094 2743/3925/1094 2745/3926/1094 2747/3927/1094 2749/3928/1094 2751/3929/1094 2753/3930/1094 2755/3931/1094 2757/3932/1094 2759/3933/1094 2761/3934/1094 2763/3935/1094 2765/3936/1094 2767/3937/1094 2769/3938/1094 2771/3939/1094 2773/3940/1094 2775/3941/1094 2777/3942/1094 2779/3943/1094 2781/3944/1094 2783/3945/1094 2785/3946/1094 2787/3947/1094 2789/3948/1094 2791/3949/1094 2793/3950/1094 2795/3951/1094 2797/3952/1094 2799/3953/1094 2801/3954/1094 2803/3955/1094 2805/3956/1094 2807/3957/1094 2809/3958/1094 2811/3959/1094 2813/3960/1094 2815/3961/1094 2817/3962/1094 2819/3963/1094 2821/3964/1094 2823/3965/1094 2825/3966/1094 2827/3967/1094 2829/3968/1094 2831/3969/1094 2833/3970/1094 2835/3971/1094 2837/3972/1094 2839/3973/1094 2841/3974/1094 2843/3975/1094 2845/3976/1094 2847/3977/1094 2849/3978/1094 2851/3979/1094 2853/3980/1094 2855/3981/1094 2857/3982/1094 2859/3983/1094 2861/3984/1094 2863/3985/1094 2865/3986/1094 2867/3987/1094 2869/3988/1094 2871/3989/1094 2873/3990/1094 2875/3991/1094 2877/3992/1094 2879/3993/1094 2881/3994/1094 2883/3995/1094 2885/3996/1094 2887/3997/1094 2889/3998/1094 2891/3999/1094 2893/4000/1094 2895/4001/1094 2897/4002/1094 2899/4003/1094 2901/4004/1094 2903/4005/1094 2905/4006/1094 2907/4007/1094 2909/4008/1094 2911/4009/1094 2913/4010/1094 2915/4011/1094 2917/4012/1094 2919/4013/1094 2921/4014/1094 2923/4015/1094 2925/4016/1094 2927/4017/1094 2929/4018/1094 2931/4019/1094 2933/4020/1094 2935/4021/1094 2937/4022/1094 2939/4023/1094 2941/4024/1094 2943/4025/1094 2945/4026/1094 2947/4027/1094 2949/4028/1094 2951/4029/1094 2953/4030/1094 2955/4031/1094 2957/4032/1094 2959/4033/1094 2961/4034/1094 2963/4035/1094 2965/4036/1094 2967/4037/1094 2969/4038/1094 2971/4039/1094 2973/4040/1094 2975/4041/1094 2977/4042/1094 2979/4043/1094 2981/4044/1094 2983/4045/1094 2985/4046/1094 2987/4047/1094 2989/4048/1094 2991/4049/1094 2993/4050/1094 2995/4051/1094 2997/4052/1094 2999/4053/1094 3001/4054/1094 3003/4055/1094 3005/4056/1094 3007/4057/1094 3009/4058/1094 3011/4059/1094 3013/4060/1094 3015/4061/1094 3017/4062/1094 3019/4063/1094 3021/4064/1094 3023/4065/1094 3025/4066/1094 3027/4067/1094 3029/4068/1094 3031/4069/1094 3033/4070/1094 3035/4071/1094 3037/4072/1094 3039/4073/1094 3041/4074/1094 3043/4075/1094 3045/4076/1094 3047/4077/1094 3049/4078/1094 3051/4079/1094 3053/4080/1094 3055/4081/1094 3057/4082/1094 3059/4083/1094 3061/4084/1094 3063/4085/1094 3065/4086/1094 3067/4087/1094 3069/4088/1094
f 3071/2087/593 3072/2088/593 3074/2089/593 3073/2090/593
f 3073/2090/594 3074/2089/594 3076/2091/594 3075/2092/594
f 3075/2092/595 3076/2091/595 3078/2093/595 3077/2094/595
f 3077/2094/596 3078/2093/596 3080/2095/596 3079/2096/596
f 3079/2096/597 3080/2095/597 3082/2097/597 3081/2098/597
f 3081/2098/598 3082/2097/598 3084/2099/598 3083/2100/598
f 3083/2100/599 3084/2099/599 3086/2101/599 3085/2102/599
f 3085/2102/600 3086/2101/600 3088/2103/600 3087/2104/600
f 3087/2104/601 3088/2103/601 3090/2105/601 3089/2106/601
f 3089/2106/602 3090/2105/602 3092/2107/602 3091/2108/602
f 3091/2108/603 3092/2107/603 3094/2109/603 3093/2110/603
f 3093/2110/604 3094/2109/604 3096/2111/604 3095/2112/604
f 3095/2112/605 3096/2111/605 3098/2113/605 3097/2114/605
f 3097/2114/606 3098/2113/606 3100/2115/606 3099/2116/606
f 3099/2116/607 3100/2115/607 3102/2117/607 3101/2118/607
f 3101/2118/608 3102/2117/608 3104/2119/608 3103/2120/608
f 3103/2120/609 3104/2119/609 3106/2121/609 3105/2122/609
f 3105/2122/610 3106/2121/610 3108/2123/610 3107/2124/610
f 3107/2124/611 3108/2123/611 3110/2125/611 3109/2126/611
f 3109/2126/612 3110/2125/612 3112/2127/612 3111/2128/612
f 3111/2128/613 3112/2127/613 3114/2129/613 3113/2130/613
f 3113/2130/614 3114/2129/614 3116/2131/614 3115/2132/614
f 3115/2132/615 3116/2131/615 3118/2133/615 3117/2134/615
f 3117/2134/616 3118/2133/616 3120/2135/616 3119/2136/616
f 3119/2136/617 3120/2135/617 3122/2137/617 3121/2138/617
f 3121/2138/618 3122/2137/618 3124/2139/618 3123/2140/618
f 3123/2140/619 3124/2139/619 3126/2141/619 3125/2142/619
f 3125/2142/620 3126/2141/620 3128/2143/620 3127/2144/620
f 3127/2144/1095 3128/2143/1095 3130/2145/1095 3129/2146/1095
f 3129/2146/622 3130/2145/622 3132/2147/622 3131/2148/622
f 3131/2148/623 3132/2147/623 3134/2149/623 3133/2150/623
f 3133/2150/624 3134/2149/624 3136/2151/624 3135/2152/624
f 3135/2152/625 3136/2151/625 3138/2153/625 3137/2154/625
f 3137/2154/626 3138/2153/626 3140/2155/626 3139/2156/626
f 3139/2156/627 3140/2155/627 3142/2157/627 3141/2158/627
f 3141/2158/628 3142/2157/628 3144/2159/628 3143/2160/628
f 3143/2160/1096 3144/2159/1096 3146/2161/1096 3145/2162/1096
f 3145/2162/630 3146/2161/630 3148/2163/630 3147/2164/630
f 3147/2164/631 3148/2163/631 3150/2165/631 3149/2166/631
f 3149/2166/632 3150/2165/632 3152/2167/632 3151/2168/632
f 3151/2168/633 3152/2167/633 3154/2169/633 3153/2170/633
f 3153/2170/634 3154/2169/634 3156/2171/634 3155/2172/634
f 3155/2172/635 3156/2171/635 3158/2173/635 3157/2174/635
f 3157/2174/636 3158/2173/636 3160/2175/636 3159/2176/636
f 3159/2176/637 3160/2175/637 3162/2177/637 3161/2178/637
f 3161/2178/638 3162/2177/638 3164/2179/638 3163/2180/638
f 3163/2180/639 3164/2179/639 3166/2181/639 3165/2182/639
f 3165/2182/640 3166/2181/640 3168/2183/640 3167/2184/640
f 3167/2184/641 3168/2183/641 3170/2185/641 3169/2186/641
f 3169/2186/642 3170/2185/642 3172/2187/642 3171/2188/642
f 3171/2188/643 3172/2187/643 3174/2189/643 3173/2190/643
f 3173/2190/644 3174/2189/644 3176/2191/644 3175/2192/644
f 3175/2192/645 3176/2191/645 3178/2193/645 3177/2194/645
f 3177/2194/646 3178/2193/646 3180/2195/646 3179/2196/646
f 3179/2196/647 3180/2195/647 3182/2197/647 3181/2198/647
f 3181/2198/1097 3182/2197/1097 3184/2199/1097 3183/2200/1097
f 3183/2200/649 3184/2199/649 3186/2201/649 3185/2202/649
f 3185/2202/650 3186/2201/650 3188/2203/650 3187/2204/650
f 3187/2204/651 3188/2203/651 3190/2205/651 3189/2206/651
f 3189/2206/1098 3190/2205/1098 3192/2207/1098 3191/2208/1098
f 3191/2208/653 3192/2207/653 3194/2209/653 3193/2210/653
f 3193/2210/654 3194/2209/654 3196/2211/654 3195/2212/654
f 3195/2212/655 3196/2211/655 3198/2213/655 3197/2214/655
f 3197/2214/656 3198/2213/656 3200/2215/656 3199/2216/656
f 3199/2216/657 3200/2215/657 3202/2217/657 3201/2218/657
f 3201/2218/658 3202/2217/658 3204/2219/658 3203/2220/658
f 3203/2220/659 3204/2219/659 3206/2221/659 3205/2222/659
f 3205/2222/660 3206/2221/660 3208/2223/660 3207/2224/660
f 3207/2224/661 3208/2223/661 3210/2225/661 3209/2226/661
f 3209/2226/1099 3210/2225/1099 3212/2227/1099 3211/2228/1099
f 3211/2228/663 3212/2227/663 3214/2229/663 3213/2230/663
f 3213/2230/664 3214/2229/664 3216/2231/664 3215/2232/664
f 3215/2232/665 3216/2231/665 3218/2233/665 3217/2234/665
f 3217/2234/666 3218/2233/666 3220/2235/666 3219/2236/666
f 3219/2236/667 3220/2235/667 3222/2237/667 3221/2238/667
f 3221/2238/668 3222/2237/668 3224/2239/668 3223/2240/668
f 3223/2240/669 3224/2239/669 3226/2241/669 3225/2242/669
f 3225/2242/670 3226/2241/670 3228/2243/670 3227/2244/670
f 3227/2244/1100 3228/2243/1100 3230/2245/1100 3229/2246/1100
f 3229/2246/672 3230/2245/672 3232/2247/672 3231/2248/672
f 3231/2248/673 3232/2247/673 3234/2249/673 3233/2250/673
f 3233/2250/674 3234/2249/674 3236/2251/674 3235/2252/674
f 3235/2252/675 3236/2251/675 3238/2253/675 3237/2254/675
f 3237/2254/676 3238/2253/676 3240/2255/676 3239/2256/676
f 3239/2256/1101 3240/2255/1101 3242/2257/1101 3241/2258/1101
f 3241/2258/1102 3242/2257/1102 3244/2259/1102 3243/2260/1102
f 3243/2260/1103 3244/2259/1103 3246/2261/1103 3245/2262/1103
f 3245/2262/680 3246/2261/680 3248/2263/680 3247/2264/680
f 3247/2264/681 3248/2263/681 3250/2265/681 3249/2266/681
f 3249/2266/1104 3250/2265/1104 3252/2267/1104 3251/2268/1104
f 3251/2268/683 3252/2267/683 3254/2269/683 3253/2270/683
f 3253/2270/1105 3254/2269/1105 3256/2271/1105 3255/2272/1105
f 3255/2272/685 3256/2271/685 3258/2273/685 3257/2274/685
f 3257/2274/686 3258/2273/686 3260/2275/686 3259/2276/686
f 3259/2276/687 3260/2275/687 3262/2277/687 3261/2278/687
f 3261/2278/688 3262/2277/688 3264/2279/688 3263/2280/688
f 3263/2280/1106 3264/2279/1106 3266/2281/1106 3265/2282/1106
f 3265/2282/690 3266/2281/690 3268/2283/690 3267/2284/690
f 3267/2284/691 3268/2283/691 3270/2285/691 3269/2286/691
f 3269/2286/692 3270/2285/692 3272/2287/692 3271/2288/692
f 3271/2288/693 3272/2287/693 3274/2289/693 3273/2290/693
f 3273/2290/694 3274/2289/694 3276/2291/694 3275/2292/694
f 3275/2292/695 3276/2291/695 3278/2293/695 3277/2294/695
f 3277/2294/696 3278/2293/696 3280/2295/696 3279/2296/696
f 3279/2296/697 3280/2295/697 3282/2297/697 3281/2298/697
f 3281/2298/698 3282/2297/698 3284/2299/698 3283/2300/698
f 3283/2300/699 3284/2299/699 3286/2301/699 3285/2302/699
f 3285/2302/1107 3286/2301/1107 3288/2303/1107 3287/2304/1107
f 3287/2304/701 3288/2303/701 3290/2305/701 3289/2306/701
f 3289/2306/1108 3290/2305/1108 3292/2307/1108 3291/2308/1108
f 3291/2308/703 3292/2307/703 3294/2309/703 3293/2310/703
f 3293/2310/704 3294/2309/704 3296/2311/704 3295/2312/704
f 3295/2312/705 3296/2311/705 3298/2313/705 3297/2314/705
f 3297/2314/706 3298/2313/706 3300/2315/706 3299/2316/706
f 3299/2316/707 3300/2315/707 3302/2317/707 3301/2318/707
f 3301/2318/708 3302/2317/708 3304/2319/708 3303/2320/708
f 3303/2320/709 3304/2319/709 3306/2321/709 3305/2322/709
f 3305/2322/710 3306/2321/710 3308/2323/710 3307/2324/710
f 3307/2324/711 3308/2323/711 3310/2325/711 3309/2326/711
f 3309/2326/712 3310/2325/712 3312/2327/712 3311/2328/712
f 3311/2328/713 3312/2327/713 3314/2329/713 3313/2330/713
f 3313/2330/714 3314/2329/714 3316/2331/714 3315/2332/714
f 3315/2332/715 3316/2331/715 3318/2333/715 3317/2334/715
f 3317/2334/716 3318/2333/716 3320/2335/716 3319/2336/716
f 3319/2336/717 3320/2335/717 3322/2337/717 3321/2338/717
f 3321/2338/718 3322/2337/718 3324/2339/718 3323/2340/718
f 3323/2340/719 3324/2339/719 3326/2341/719 3325/2342/719
f 3325/2342/720 3326/2341/720 3328/2343/720 3327/2344/720
f 3327/2344/721 3328/2343/721 3330/2345/721 3329/2346/721
f 3329/2346/722 3330/2345/722 3332/2347/722 3331/2348/722
f 3331/2348/723 3332/2347/723 3334/2349/723 3333/2350/723
f 3333/2350/724 3334/2349/724 3336/2351/724 3335/2352/724
f 3335/2352/725 3336/2351/725 3338/2353/725 3337/2354/725
f 3337/2354/726 3338/2353/726 3340/2355/726 3339/2356/726
f 3339/2356/727 3340/2355/727 3342/2357/727 3341/2358/727
f 3341/2358/728 3342/2357/728 3344/2359/728 3343/2360/728
f 3343/2360/729 3344/2359/729 3346/2361/729 3345/2362/729
f 3345/2362/730 3346/2361/730 3348/2363/730 3347/2364/730
f 3347/2364/731 3348/2363/731 3350/2365/731 3349/2366/731
f 3349/2366/732 3350/2365/732 3352/2367/732 3351/2368/732
f 3351/2368/1109 3352/2367/1109 3354/2369/1109 3353/2370/1109
f 3353/2370/734 3354/2369/734 3356/2371/734 3355/2372/734
f 3355/2372/1110 3356/2371/1110 3358/2373/1110 3357/2374/1110
f 3357/2374/736 3358/2373/736 3360/2375/736 3359/2376/736
f 3359/2376/737 3360/2375/737 3362/2377/737 3361/2378/737
f 3361/2378/738 3362/2377/738 3364/2379/738 3363/2380/738
f 3363/2380/739 3364/2379/739 3366/2381/739 3365/2382/739
f 3365/2382/740 3366/2381/740 3368/2383/740 3367/2384/740
f 3367/2384/741 3368/2383/741 3370/2385/741 3369/2386/741
f 3369/2386/742 3370/2385/742 3372/2387/742 3371/2388/742
f 3371/2388/743 3372/2387/743 3374/2389/743 3373/2390/743
f 3373/2390/744 3374/2389/744 3376/2391/744 3375/2392/744
f 3375/2392/745 3376/2391/745 3378/2393/745 3377/2394/745
f 3377/2394/1111 3378/2393/1111 3380/2395/1111 3379/2396/1111
f 3379/2396/747 3380/2395/747 3382/2397/747 3381/2398/747
f 3381/2398/748 3382/2397/748 3384/2399/748 3383/2400/748
f 3383/2400/749 3384/2399/749 3386/2401/749 3385/2402/749
f 3385/2402/750 3386/2401/750 3388/2403/750 3387/2404/750
f 3387/2404/1112 3388/2403/1112 3390/2405/1112 3389/2406/1112
f 3389/2406/752 3390/2405/752 3392/2407/752 3391/2408/752
f 3391/2408/1113 3392/2407/1113 3394/2409/1113 3393/2410/1113
f 3393/2410/754 3394/2409/754 3396/2411/754 3395/2412/754
f 3395/2412/755 3396/2411/755 3398/2413/755 3397/2414/755
f 3397/2414/1114 3398/2413/1114 3400/2415/1114 3399/2416/1114
f 3399/2416/1115 3400/2415/1115 3402/2417/1115 3401/2418/1115
f 3401/2418/1116 3402/2417/1116 3404/2419/1116 3403/2420/1116
f 3403/2420/759 3404/2419/759 3406/2421/759 3405/2422/759
f 3405/2422/760 3406/2421/760 3408/2423/760 3407/2424/760
f 3407/2424/761 3408/2423/761 3410/2425/761 3409/2426/761
f 3409/2426/762 3410/2425/762 3412/2427/762 3411/2428/762
f 3411/2428/763 3412/2427/763 3414/2429/763 3413/2430/763
f 3413/2430/1117 3414/2429/1117 3416/2431/1117 3415/2432/1117
f 3415/2432/765 3416/2431/765 3418/2433/765 3417/2434/765
f 3417/2434/766 3418/2433/766 3420/2435/766 3419/2436/766
f 3419/2436/767 3420/2435/767 3422/2437/767 3421/2438/767
f 3421/2438/768 3422/2437/768 3424/2439/768 3423/2440/768
f 3423/2440/769 3424/2439/769 3426/2441/769 3425/2442/769
f 3425/2442/770 3426/2441/770 3428/2443/770 3427/2444/770
f 3427/2444/771 3428/2443/771 3430/2445/771 3429/2446/771
f 3429/2446/772 3430/2445/772 3432/2447/772 3431/2448/772
f 3431/2448/1118 3432/2447/1118 3434/2449/1118 3433/2450/1118
f 3433/2450/774 3434/2449/774 3436/2451/774 3435/2452/774
f 3435/2452/775 3436/2451/775 3438/2453/775 3437/2454/775
f 3437/2454/776 3438/2453/776 3440/2455/776 3439/2456/776
f 3439/2456/777 3440/2455/777 3442/2457/777 3441/2458/777
f 3441/2458/778 3442/2457/778 3444/2459/778 3443/2460/778
f 3443/2460/779 3444/2459/779 3446/2461/779 3445/2462/779
f 3445/2462/780 3446/2461/780 3448/2463/780 3447/2464/780
f 3447/2464/781 3448/2463/781 3450/2465/781 3449/2466/781
f 3449/2466/782 3450/2465/782 3452/2467/782 3451/2468/782
f 3451/2468/1119 3452/2467/1119 3454/2469/1119 3453/2470/1119
f 3453/2470/784 3454/2469/784 3456/2471/784 3455/2472/784
f 3455/2472/785 3456/2471/785 3458/2473/785 3457/2474/785
f 3457/2474/786 3458/2473/786 3460/2475/786 3459/2476/786
f 3459/2476/1120 3460/2475/1120 3462/2477/1120 3461/2478/1120
f 3461/2478/788 3462/2477/788 3464/2479/788 3463/2480/788
f 3463/2480/789 3464/2479/789 3466/2481/789 3465/2482/789
f 3465/2482/790 3466/2481/790 3468/2483/790 3467/2484/790
f 3467/2484/791 3468/2483/791 3470/2485/791 3469/2486/791
f 3469/2486/792 3470/2485/792 3472/2487/792 3471/2488/792
f 3471/2488/793 3472/2487/793 3474/2489/793 3473/2490/793
f 3473/2490/794 3474/2489/794 3476/2491/794 3475/2492/794
f 3475/2492/795 3476/2491/795 3478/2493/795 3477/2494/795
f 3477/2494/796 3478/2493/796 3480/2495/796 3479/2496/796
f 3479/2496/797 3480/2495/797 3482/2497/797 3481/2498/797
f 3481/2498/798 3482/2497/798 3484/2499/798 3483/2500/798
f 3483/2500/799 3484/2499/799 3486/2501/799 3485/2502/799
f 3485/2502/800 3486/2501/800 3488/2503/800 3487/2504/800
f 3487/2504/801 3488/2503/801 3490/2505/801 3489/2506/801
f 3489/2506/802 3490/2505/802 3492/2507/802 3491/2508/802
f 3491/2508/803 3492/2507/803 3494/2509/803 3493/2510/803
f 3493/2510/804 3494/2509/804 3496/2511/804 3495/2512/804
f 3495/2512/805 3496/2511/805 3498/2513/805 3497/2514/805
f 3497/2514/1121 3498/2513/1121 3500/2515/1121 3499/2516/1121
f 3499/2516/807 3500/2515/807 3502/2517/807 3501/2518/807
f 3501/2518/808 3502/2517/808 3504/2519/808 3503/2520/808
f 3503/2520/809 3504/2519/809 3506/2521/809 3505/2522/809
f 3505/2522/810 3506/2521/810 3508/2523/810 3507/2524/810
f 3507/2524/811 3508/2523/811 3510/2525/811 3509/2526/811
f 3509/2526/812 3510/2525/812 3512/2527/812 3511/2528/812
f 3511/2528/813 3512/2527/813 3514/2529/813 3513/2530/813
f 3513/2530/1122 3514/2529/1122 3516/2531/1122 3515/2532/1122
f 3515/2532/815 3516/2531/815 3518/2533/815 3517/2534/815
f 3517/2534/816 3518/2533/816 3520/2535/816 3519/2536/816
f 3519/2536/817 3520/2535/817 3522/2537/817 3521/2538/817
f 3521/2538/818 3522/2537/818 3524/2539/818 3523/2540/818
f 3523/2540/819 3524/2539/819 3526/2541/819 3525/2542/819
f 3525/2542/820 3526/2541/820 3528/2543/820 3527/2544/820
f 3527/2544/821 3528/2543/821 3530/2545/821 3529/2546/821
f 3529/2546/822 3530/2545/822 3532/2547/822 3531/2548/822
f 3531/2548/823 3532/2547/823 3534/2549/823 3533/2550/823
f 3533/2550/824 3534/2549/824 3536/2551/824 3535/2552/824
f 3535/2552/825 3536/2551/825 3538/2553/825 3537/2554/825
f 3537/2554/826 3538/2553/826 3540/2555/826 3539/2556/826
f 3539/2556/827 3540/2555/827 3542/2557/827 3541/2558/827
f 3541/2558/828 3542/2557/828 3544/2559/828 3543/2560/828
f 3543/2560/829 3544/2559/829 3546/2561/829 3545/2562/829
f 3545/2562/830 3546/2561/830 3548/2563/830 3547/2564/830
f 3547/2564/831 3548/2563/831 3550/2565/831 3549/2566/831
f 3549/2566/832 3550/2565/832 3552/2567/832 3551/2568/832
f 3551/2568/833 3552/2567/833 3554/2569/833 3553/2570/833
f 3553/2570/834 3554/2569/834 3556/2571/834 3555/2572/834
f 3555/2572/835 3556/2571/835 3558/2573/835 3557/2574/835
f 3557/2574/836 3558/2573/836 3560/2575/836 3559/2576/836
f 3559/2576/837 3560/2575/837 3562/2577/837 3561/2578/837
f 3561/2578/838 3562/2577/838 3564/2579/838 3563/2580/838
f 3563/2580/839 3564/2579/839 3566/2581/839 3565/2582/839
f 3565/2582/840 3566/2581/840 3568/2583/840 3567/2584/840
f 3567/2584/841 3568/2583/841 3570/2585/841 3569/2586/841
f 3569/2586/842 3570/2585/842 3572/2587/842 3571/2588/842
f 3571/2588/843 3572/2587/843 3574/2589/843 3573/2590/843
f 3573/2590/844 3574/2589/844 3576/2591/844 3575/2592/844
f 3575/2592/845 3576/2591/845 3578/2593/845 3577/2594/845
f 3577/2594/846 3578/2593/846 3580/2595/846 3579/2596/846
f 3579/2596/847 3580/2595/847 3582/2597/847 3581/2598/847
f 3581/2598/848 3582/2597/848 3584/2599/848 3583/2600/848
f 3583/2600/849 3584/2599/849 3586/2601/849 3585/2602/849
f 3585/2602/850 3586/2601/850 3588/2603/850 3587/2604/850
f 3587/2604/851 3588/2603/851 3590/2605/851 3589/2606/851
f 3589/2606/852 3590/2605/852 3592/2607/852 3591/2608/852
f 3591/2608/853 3592/2607/853 3594/2609/853 3593/2610/853
f 3593/2610/854 3594/2609/854 3596/2611/854 3595/2612/854
f 3595/2612/855 3596/2611/855 3598/2613/855 3597/2614/855
f 3597/2614/856 3598/2613/856 3600/2615/856 3599/2616/856
f 3599/2616/857 3600/2615/857 3602/2617/857 3601/2618/857
f 3601/2618/1123 3602/2617/1123 3604/2619/1123 3603/2620/1123
f 3603/2620/859 3604/2619/859 3606/2621/859 3605/2622/859
f 3605/2622/860 3606/2621/860 3608/2623/860 3607/2624/860
f 3607/2624/861 3608/2623/861 3610/2625/861 3609/2626/861
f 3609/2626/862 3610/2625/862 3612/2627/862 3611/2628/862
f 3611/2628/863 3612/2627/863 3614/2629/863 3613/2630/863
f 3613/2630/864 3614/2629/864 3616/2631/864 3615/2632/864
f 3615/2632/865 3616/2631/865 3618/2633/865 3617/2634/865
f 3617/2634/866 3618/2633/866 3620/2635/866 3619/2636/866
f 3619/2636/867 3620/2635/867 3622/2637/867 3621/2638/867
f 3621/2638/868 3622/2637/868 3624/2639/868 3623/2640/868
f 3623/2640/869 3624/2639/869 3626/2641/869 3625/2642/869
f 3625/2642/1124 3626/2641/1124 3628/2643/1124 3627/2644/1124
f 3627/2644/871 3628/2643/871 3630/2645/871 3629/2646/871
f 3629/2646/872 3630/2645/872 3632/2647/872 3631/2648/872
f 3631/2648/873 3632/2647/873 3634/2649/873 3633/2650/873
f 3633/2650/874 3634/2649/874 3636/2651/874 3635/2652/874
f 3635/2652/875 3636/2651/875 3638/2653/875 3637/2654/875
f 3637/2654/1125 3638/2653/1125 3640/2655/1125 3639/2656/1125
f 3639/2656/877 3640/2655/877 3642/2657/877 3641/2658/877
f 3641/2658/878 3642/2657/878 3644/2659/878 3643/2660/878
f 3643/2660/1126 3644/2659/1126 3646/2661/1126 3645/2662/1126
f 3645/2662/880 3646/2661/880 3648/2663/880 3647/2664/880
f 3647/2664/1127 3648/2663/1127 3650/2665/1127 3649/2666/1127
f 3649/2666/1128 3650/2665/1128 3652/2667/1128 3651/2668/1128
f 3651/2668/1129 3652/2667/1129 3654/2669/1129 3653/2670/1129
f 3653/2670/884 3654/2669/884 3656/2671/884 3655/2672/884
f 3655/2672/885 3656/2671/885 3658/2673/885 3657/2674/885
f 3657/2674/886 3658/2673/886 3660/2675/886 3659/2676/886
f 3659/2676/887 3660/2675/887 3662/2677/887 3661/2678/887
f 3661/2678/888 3662/2677/888 3664/2679/888 3663/2680/888
f 3663/2680/1130 3664/2679/1130 3666/2681/1130 3665/2682/1130
f 3665/2682/890 3666/2681/890 3668/2683/890 3667/2684/890
f 3667/2684/1131 3668/2683/1131 3670/2685/1131 3669/2686/1131
f 3669/2686/892 3670/2685/892 3672/2687/892 3671/2688/892
f 3671/2688/893 3672/2687/893 3674/2689/893 3673/2690/893
f 3673/2690/894 3674/2689/894 3676/2691/894 3675/2692/894
f 3675/2692/895 3676/2691/895 3678/2693/895 3677/2694/895
f 3677/2694/896 3678/2693/896 3680/2695/896 3679/2696/896
f 3679/2696/1132 3680/2695/1132 3682/2697/1132 3681/2698/1132
f 3681/2698/898 3682/2697/898 3684/2699/898 3683/2700/898
f 3683/2700/899 3684/2699/899 3686/2701/899 3685/2702/899
f 3685/2702/900 3686/2701/900 3688/2703/900 3687/2704/900
f 3687/2704/901 3688/2703/901 3690/2705/901 3689/2706/901
f 3689/2706/1133 3690/2705/1133 3692/2707/1133 3691/2708/1133
f 3691/2708/1134 3692/2707/1134 3694/2709/1134 3693/2710/1134
f 3693/2710/904 3694/2709/904 3696/2711/904 3695/2712/904
f 3695/2712/905 3696/2711/905 3698/2713/905 3697/2714/905
f 3697/2714/906 3698/2713/906 3700/2715/906 3699/2716/906
f 3699/2716/907 3700/2715/907 3702/2717/907 3701/2718/907
f 3701/2718/1135 3702/2717/1135 3704/2719/1135 3703/2720/1135
f 3703/2720/909 3704/2719/909 3706/2721/909 3705/2722/909
f 3705/2722/910 3706/2721/910 3708/2723/910 3707/2724/910
f 3707/2724/911 3708/2723/911 3710/2725/911 3709/2726/911
f 3709/2726/912 3710/2725/912 3712/2727/912 3711/2728/912
f 3711/2728/913 3712/2727/913 3714/2729/913 3713/2730/913
f 3713/2730/914 3714/2729/914 3716/2731/914 3715/2732/914
f 3715/2732/915 3716/2731/915 3718/2733/915 3717/2734/915
f 3717/2734/916 3718/2733/916 3720/2735/916 3719/2736/916
f 3719/2736/917 3720/2735/917 3722/2737/917 3721/2738/917
f 3721/2738/918 3722/2737/918 3724/2739/918 3723/2740/918
f 3723/2740/919 3724/2739/919 3726/2741/919 3725/2742/919
f 3725/2742/920 3726/2741/920 3728/2743/920 3727/2744/920
f 3727/2744/1136 3728/2743/1136 3730/2745/1136 3729/2746/1136
f 3729/2746/922 3730/2745/922 3732/2747/922 3731/2748/922
f 3731/2748/923 3732/2747/923 3734/2749/923 3733/2750/923
f 3733/2750/924 3734/2749/924 3736/2751/924 3735/2752/924
f 3735/2752/1137 3736/2751/1137 3738/2753/1137 3737/2754/1137
f 3737/2754/926 3738/2753/926 3740/2755/926 3739/2756/926
f 3739/2756/1138 3740/2755/1138 3742/2757/1138 3741/2758/1138
f 3741/2758/928 3742/2757/928 3744/2759/928 3743/2760/928
f 3743/2760/929 3744/2759/929 3746/2761/929 3745/2762/929
f 3745/2762/930 3746/2761/930 3748/2763/930 3747/2764/930
f 3747/2764/931 3748/2763/931 3750/2765/931 3749/2766/931
f 3749/2766/1139 3750/2765/1139 3752/2767/1139 3751/2768/1139
f 3751/2768/933 3752/2767/933 3754/2769/933 3753/2770/933
f 3753/2770/1140 3754/2769/1140 3756/2771/1140 3755/2772/1140
f 3755/2772/935 3756/2771/935 3758/2773/935 3757/2774/935
f 3757/2774/936 3758/2773/936 3760/2775/936 3759/2776/936
f 3759/2776/1141 3760/2775/1141 3762/2777/1141 3761/2778/1141
f 3761/2778/938 3762/2777/938 3764/2779/938 3763/2780/938
f 3763/2780/1142 3764/2779/1142 3766/2781/1142 3765/2782/1142
f 3765/2782/940 3766/2781/940 3768/2783/940 3767/2784/940
f 3767/2784/1143 3768/2783/1143 3770/2785/1143 3769/2786/1143
f 3769/2786/942 3770/2785/942 3772/2787/942 3771/2788/942
f 3771/2788/943 3772/2787/943 3774/2789/943 3773/2790/943
f 3773/2790/944 3774/2789/944 3776/2791/944 3775/2792/944
f 3775/2792/945 3776/2791/945 3778/2793/945 3777/2794/945
f 3777/2794/946 3778/2793/946 3780/2795/946 3779/2796/946
f 3779/2796/947 3780/2795/947 3782/2797/947 3781/2798/947
f 3781/2798/948 3782/2797/948 3784/2799/948 3783/2800/948
f 3783/2800/949 3784/2799/949 3786/2801/949 3785/2802/949
f 3785/2802/950 3786/2801/950 3788/2803/950 3787/2804/950
f 3787/2804/1144 3788/2803/1144 3790/2805/1144 3789/2806/1144
f 3789/2806/1145 3790/2805/1145 3792/2807/1145 3791/2808/1145
f 3791/2808/1146 3792/2807/1146 3794/2809/1146 3793/2810/1146
f 3793/2810/1147 3794/2809/1147 3796/2811/1147 3795/2812/1147
f 3795/2812/955 3796/2811/955 3798/2813/955 3797/2814/955
f 3797/2814/956 3798/2813/956 3800/2815/956 3799/2816/956
f 3799/2816/957 3800/2815/957 3802/2817/957 3801/2818/957
f 3801/2818/958 3802/2817/958 3804/2819/958 3803/2820/958
f 3803/2820/959 3804/2819/959 3806/2821/959 3805/2822/959
f 3805/2822/960 3806/2821/960 3808/2823/960 3807/2824/960
f 3807/2824/961 3808/2823/961 3810/2825/961 3809/2826/961
f 3809/2826/962 3810/2825/962 3812/2827/962 3811/2828/962
f 3811/2828/963 3812/2827/963 3814/2829/963 3813/2830/963
f 3813/2830/1148 3814/2829/1148 3816/2831/1148 3815/2832/1148
f 3815/2832/965 3816/2831/965 3818/2833/965 3817/2834/965
f 3817/2834/966 3818/2833/966 3820/2835/966 3819/2836/966
f 3819/2836/967 3820/2835/967 3822/2837/967 3821/2838/967
f 3821/2838/968 3822/2837/968 3824/2839/968 3823/2840/968
f 3823/2840/969 3824/2839/969 3826/2841/969 3825/2842/969
f 3825/2842/970 3826/2841/970 3828/2843/970 3827/2844/970
f 3827/2844/1149 3828/2843/1149 3830/2845/1149 3829/2846/1149
f 3829/2846/972 3830/2845/972 3832/2847/972 3831/2848/972
f 3831/2848/973 3832/2847/973 3834/2849/973 3833/2850/973
f 3833/2850/974 3834/2849/974 3836/2851/974 3835/2852/974
f 3835/2852/975 3836/2851/975 3838/2853/975 3837/2854/975
f 3837/2854/976 3838/2853/976 3840/2855/976 3839/2856/976
f 3839/2856/977 3840/2855/977 3842/2857/977 3841/2858/977
f 3841/2858/978 3842/2857/978 3844/2859/978 3843/2860/978
f 3843/2860/979 3844/2859/979 3846/2861/979 3845/2862/979
f 3845/2862/980 3846/2861/980 3848/2863/980 3847/2864/980
f 3847/2864/1150 3848/2863/1150 3850/2865/1150 3849/2866/1150
f 3849/2866/1151 3850/2865/1151 3852/2867/1151 3851/2868/1151
f 3851/2868/1152 3852/2867/1152 3854/2869/1152 3853/2870/1152
f 3853/2870/1153 3854/2869/1153 3856/2871/1153 3855/2872/1153
f 3855/2872/985 3856/2871/985 3858/2873/985 3857/2874/985
f 3857/2874/986 3858/2873/986 3860/2875/986 3859/2876/986
f 3859/2876/987 3860/2875/987 3862/2877/987 3861/2878/987
f 3861/2878/988 3862/2877/988 3864/2879/988 3863/2880/988
f 3863/2880/989 3864/2879/989 3866/2881/989 3865/2882/989
f 3865/2882/990 3866/2881/990 3868/2883/990 3867/2884/990
f 3867/2884/991 3868/2883/991 3870/2885/991 3869/2886/991
f 3869/2886/992 3870/2885/992 3872/2887/992 3871/2888/992
f 3871/2888/993 3872/2887/993 3874/2889/993 3873/2890/993
f 3873/2890/1154 3874/2889/1154 3876/2891/1154 3875/2892/1154
f 3875/2892/995 3876/2891/995 3878/2893/995 3877/2894/995
f 3877/2894/1155 3878/2893/1155 3880/2895/1155 3879/2896/1155
f 3879/2896/997 3880/2895/997 3882/2897/997 3881/2898/997
f 3881/2898/1156 3882/2897/1156 3884/2899/1156 3883/2900/1156
f 3883/2900/999 3884/2899/999 3886/2901/999 3885/2902/999
f 3885/2902/1000 3886/2901/1000 3888/2903/1000 3887/2904/1000
f 3887/2904/1157 3888/2903/1157 3890/2905/1157 3889/2906/1157
f 3889/2906/1002 3890/2905/1002 3892/2907/1002 3891/2908/1002
f 3891/2908/1158 3892/2907/1158 3894/2909/1158 3893/2910/1158
f 3893/2910/1004 3894/2909/1004 3896/2911/1004 3895/2912/1004
f 3895/2912/1005 3896/2911/1005 3898/2913/1005 3897/2914/1005
f 3897/2914/1006 3898/2913/1006 3900/2915/1006 3899/2916/1006
f 3899/2916/1007 3900/2915/1007 3902/2917/1007 3901/2918/1007
f 3901/2918/1159 3902/2917/1159 3904/2919/1159 3903/2920/1159
f 3903/2920/1009 3904/2919/1009 3906/2921/1009 3905/2922/1009
f 3905/2922/1160 3906/2921/1160 3908/2923/1160 3907/2924/1160
f 3907/2924/1011 3908/2923/1011 3910/2925/1011 3909/2926/1011
f 3909/2926/1012 3910/2925/1012 3912/2927/1012 3911/2928/1012
f 3911/2928/1013 3912/2927/1013 3914/2929/1013 3913/2930/1013
f 3913/2930/1161 3914/2929/1161 3916/2931/1161 3915/2932/1161
f 3915/2932/1015 3916/2931/1015 3918/2933/1015 3917/2934/1015
f 3917/2934/1016 3918/2933/1016 3920/2935/1016 3919/2936/1016
f 3919/2936/1017 3920/2935/1017 3922/2937/1017 3921/2938/1017
f 3921/2938/1018 3922/2937/1018 3924/2939/1018 3923/2940/1018
f 3923/2940/1019 3924/2939/1019 3926/2941/1019 3925/2942/1019
f 3925/2942/1020 3926/2941/1020 3928/2943/1020 3927/2944/1020
f 3927/2944/1021 3928/2943/1021 3930/2945/1021 3929/2946/1021
f 3929/2946/1022 3930/2945/1022 3932/2947/1022 3931/2948/1022
f 3931/2948/1023 3932/2947/1023 3934/2949/1023 3933/2950/1023
f 3933/2950/1024 3934/2949/1024 3936/2951/1024 3935/2952/1024
f 3935/2952/1025 3936/2951/1025 3938/2953/1025 3937/2954/1025
f 3937/2954/1026 3938/2953/1026 3940/2955/1026 3939/2956/1026
f 3939/2956/1162 3940/2955/1162 3942/2957/1162 3941/2958/1162
f 3941/2958/1028 3942/2957/1028 3944/2959/1028 3943/2960/1028
f 3943/2960/1029 3944/2959/1029 3946/2961/1029 3945/2962/1029
f 3945/2962/1030 3946/2961/1030 3948/2963/1030 3947/2964/1030
f 3947/2964/1031 3948/2963/1031 3950/2965/1031 3949/2966/1031
f 3949/2966/1163 3950/2965/1163 3952/2967/1163 3951/2968/1163
f 3951/2968/1164 3952/2967/1164 3954/2969/1164 3953/2970/1164
f 3953/2970/1034 3954/2969/1034 3956/2971/1034 3955/2972/1034
f 3955/2972/1035 3956/2971/1035 3958/2973/1035 3957/2974/1035
f 3957/2974/1036 3958/2973/1036 3960/2975/1036 3959/2976/1036
f 3959/2976/1037 3960/2975/1037 3962/2977/1037 3961/2978/1037
f 3961/2978/1165 3962/2977/1165 3964/2979/1165 3963/2980/1165
f 3963/2980/1039 3964/2979/1039 3966/2981/1039 3965/2982/1039
f 3965/2982/1040 3966/2981/1040 3968/2983/1040 3967/2984/1040
f 3967/2984/1041 3968/2983/1041 3970/2985/1041 3969/2986/1041
f 3969/2986/1042 3970/2985/1042 3972/2987/1042 3971/2988/1042
f 3971/2988/1043 3972/2987/1043 3974/2989/1043 3973/2990/1043
f 3973/2990/1166 3974/2989/1166 3976/2991/1166 3975/2992/1166
f 3975/2992/1045 3976/2991/1045 3978/2993/1045 3977/2994/1045
f 3977/2994/1167 3978/2993/1167 3980/2995/1167 3979/2996/1167
f 3979/2996/1047 3980/2995/1047 3982/2997/1047 3981/2998/1047
f 3981/2998/1048 3982/2997/1048 3984/2999/1048 3983/3000/1048
f 3983/3000/1049 3984/2999/1049 3986/3001/1049 3985/3002/1049
f 3985/3002/1050 3986/3001/1050 3988/3003/1050 3987/3004/1050
f 3987/3004/1051 3988/3003/1051 3990/3005/1051 3989/3006/1051
f 3989/3006/1168 3990/3005/1168 3992/3007/1168 3991/3008/1168
f 3991/3008/1169 3992/3007/1169 3994/3009/1169 3993/3010/1169
f 3993/3010/1170 3994/3009/1170 3996/3011/1170 3995/3012/1170
f 3995/3012/1055 3996/3011/1055 3998/3013/1055 3997/3014/1055
f 3997/3014/1171 3998/3013/1171 4000/3015/1171 3999/3016/1171
f 3999/3016/1057 4000/3015/1057 4002/3017/1057 4001/3018/1057
f 4001/3018/1058 4002/3017/1058 4004/3019/1058 4003/3020/1058
f 4003/3020/1172 4004/3019/1172 4006/3021/1172 4005/3022/1172
f 4005/3022/1060 4006/3021/1060 4008/3023/1060 4007/3024/1060
f 4007/3024/1061 4008/3023/1061 4010/3025/1061 4009/3026/1061
f 4009/3026/1062 4010/3025/1062 4012/3027/1062 4011/3028/1062
f 4011/3028/1063 4012/3027/1063 4014/3029/1063 4013/3030/1063
f 4013/3030/1064 4014/3029/1064 4016/3031/1064 4015/3032/1064
f 4015/3032/1173 4016/3031/1173 4018/3033/1173 4017/3034/1173
f 4017/3034/1066 4018/3033/1066 4020/3035/1066 4019/3036/1066
f 4019/3036/1067 4020/3035/1067 4022/3037/1067 4021/3038/1067
f 4021/3038/1068 4022/3037/1068 4024/3039/1068 4023/3040/1068
f 4023/3040/1069 4024/3039/1069 4026/3041/1069 4025/3042/1069
f 4025/3042/1070 4026/3041/1070 4028/3043/1070 4027/3044/1070
f 4027/3044/1071 4028/3043/1071 4030/3045/1071 4029/3046/1071
f 4029/3046/1072 4030/3045/1072 4032/3047/1072 4031/3048/1072
f 4031/3048/1073 4032/3047/1073 4034/3049/1073 4033/3050/1073
f 4033/3050/1074 4034/3049/1074 4036/3051/1074 4035/3052/1074
f 4035/3052/1075 4036/3051/1075 4038/3053/1075 4037/3054/1075
f 4037/3054/1076 4038/3053/1076 4040/3055/1076 4039/3056/1076
f 4039/3056/1174 4040/3055/1174 4042/3057/1174 4041/3058/1174
f 4041/3058/1078 4042/3057/1078 4044/3059/1078 4043/3060/1078
f 4043/3060/1079 4044/3059/1079 4046/3061/1079 4045/3062/1079
f 4045/3062/1080 4046/3061/1080 4048/3063/1080 4047/3064/1080
f 4047/3064/1081 4048/3063/1081 4050/3065/1081 4049/3066/1081
f 4049/3066/1082 4050/3065/1082 4052/3067/1082 4051/3068/1082
f 4051/3068/1083 4052/3067/1083 4054/3069/1083 4053/3070/1083
f 4053/3070/1084 4054/3069/1084 4056/3071/1084 4055/3072/1084
f 4055/3072/1085 4056/3071/1085 4058/3073/1085 4057/3074/1085
f 4057/3074/1086 4058/3073/1086 4060/3075/1086 4059/3076/1086
f 4059/3076/1087 4060/3075/1087 4062/3077/1087 4061/3078/1087
f 4061/3078/1088 4062/3077/1088 4064/3079/1088 4063/3080/1088
f 4063/3080/1089 4064/3079/1089 4066/3081/1089 4065/3082/1089
f 4065/3082/1090 4066/3081/1090 4068/3083/1090 4067/3084/1090
f 3074/3085/1091 3072/3086/1091 4070/3087/1091 4068/3088/1091 4066/3089/1091 4064/3090/1091 4062/3091/1091 4060/3092/1091 4058/3093/1091 4056/3094/1091 4054/3095/1091 4052/3096/1091 4050/3097/1091 4048/3098/1091 4046/3099/1091 4044/3100/1091 4042/3101/1091 4040/3102/1091 4038/3103/1091 4036/3104/1091 4034/3105/1091 4032/3106/1091 4030/3107/1091 4028/3108/1091 4026/3109/1091 4024/3110/1091 4022/3111/1091 4020/3112/1091 4018/3113/1091 4016/3114/1091 4014/3115/1091 4012/3116/1091 4010/3117/1091 4008/3118/1091 4006/3119/1091 4004/3120/1091 4002/3121/1091 4000/3122/1091 3998/3123/1091 3996/3124/1091 3994/3125/1091 3992/3126/1091 3990/3127/1091 3988/3128/1091 3986/3129/1091 3984/3130/1091 3982/3131/1091 3980/3132/1091 3978/3133/1091 3976/3134/1091 3974/3135/1091 3972/3136/1091 3970/3137/1091 3968/3138/1091 3966/3139/1091 3964/3140/1091 3962/3141/1091 3960/3142/1091 3958/3143/1091 3956/3144/1091 3954/3145/1091 3952/3146/1091 3950/3147/1091 3948/3148/1091 3946/3149/1091 3944/3150/1091 3942/3151/1091 3940/3152/1091 3938/3153/1091 3936/3154/1091 3934/3155/1091 3932/3156/1091 3930/3157/1091 3928/3158/1091 3926/3159/1091 3924/3160/1091 3922/3161/1091 3920/3162/1091 3918/3163/1091 3916/3164/1091 3914/3165/1091 3912/3166/1091 3910/3167/1091 3908/3168/1091 3906/3169/1091 3904/3170/1091 3902/3171/1091 3900/3172/1091 3898/3173/1091 3896/3174/1091 3894/3175/1091 3892/3176/1091 3890/3177/1091 3888/3178/1091 3886/3179/1091 3884/3180/1091 3882/3181/1091 3880/3182/1091 3878/3183/1091 3876/3184/1091 3874/3185/1091 3872/3186/1091 3870/3187/1091 3868/3188/1091 3866/3189/1091 3864/3190/1091 3862/3191/1091 3860/3192/1091 3858/3193/1091 3856/3194/1091 3854/3195/1091 3852/3196/1091 3850/3197/1091 3848/3198/1091 3846/3199/1091 3844/3200/1091 3842/3201/1091 3840/3202/1091 3838/3203/1091 3836/3204/1091 3834/3205/1091 3832/3206/1091 3830/3207/1091 3828/3208/1091 3826/3209/1091 3824/3210/1091 3822/3211/1091 3820/3212/1091 3818/3213/1091 3816/3214/1091 3814/3215/1091 3812/3216/1091 3810/3217/1091 3808/3218/1091 3806/3219/1091 3804/3220/1091 3802/3221/1091 3800/3222/1091 3798/3223/1091 3796/3224/1091 3794/3225/1091 3792/3226/1091 3790/3227/1091 3788/3228/1091 3786/3229/1091 3784/3230/1091 3782/3231/1091 3780/3232/1091 3778/3233/1091 3776/3234/1091 3774/3235/1091 3772/3236/1091 3770/3237/1091 3768/3238/1091 3766/3239/1091 3764/3240/1091 3762/3241/1091 3760/3242/1091 3758/3243/1091 3756/3244/1091 3754/3245/1091 3752/3246/1091 3750/3247/1091 3748/3248/1091 3746/3249/1091 3744/3250/1091 3742/3251/1091 3740/3252/1091 3738/3253/1091 3736/3254/1091 3734/3255/1091 3732/3256/1091 3730/3257/1091 3728/3258/1091 3726/3259/1091 3724/3260/1091 3722/3261/1091 3720/3262/1091 3718/3263/1091 3716/3264/1091 3714/3265/1091 3712/3266/1091 3710/3267/1091 3708/3268/1091 3706/3269/1091 3704/3270/1091 3702/3271/1091 3700/3272/1091 3698/3273/1091 3696/3274/1091 3694/3275/1091 3692/3276/1091 3690/3277/1091 3688/3278/1091 3686/3279/1091 3684/3280/1091 3682/3281/1091 3680/3282/1091 3678/3283/1091 3676/3284/1091 3674/3285/1091 3672/3286/1091 3670/3287/1091 3668/3288/1091 3666/3289/1091 3664/3290/1091 3662/3291/1091 3660/3292/1091 3658/3293/1091 3656/3294/1091 3654/3295/1091 3652/3296/1091 3650/3297/1091 3648/3298/1091 3646/3299/1091 3644/3300/1091 3642/3301/1091 3640/3302/1091 3638/3303/1091 3636/3304/1091 3634/3305/1091 3632/3306/1091 3630/3307/1091 3628/3308/1091 3626/3309/1091 3624/3310/1091 3622/3311/1091 3620/3312/1091 3618/3313/1091 3616/3314/1091 3614/3315/1091 3612/3316/1091 3610/3317/1091 3608/3318/1091 3606/3319/1091 3604/3320/1091 3602/3321/1091 3600/3322/1091 3598/3323/1091 3596/3324/1091 3594/3325/1091 3592/3326/1091 3590/3327/1091 3588/3328/1091 3586/3329/1091 3584/3330/1091 3582/3331/1091 3580/3332/1091 3578/3333/1091 3576/3334/1091 3574/3335/1091 3572/3336/1091 3570/3337/1091 3568/3338/1091 3566/3339/1091 3564/3340/1091 3562/3341/1091 3560/3342/1091 3558/3343/1091 3556/3344/1091 3554/3345/1091 3552/3346/1091 3550/3347/1091 3548/3348/1091 3546/3349/1091 3544/3350/1091 3542/3351/1091 3540/3352/1091 3538/3353/1091 3536/3354/1091 3534/3355/1091 3532/3356/1091 3530/3357/1091 3528/3358/1091 3526/3359/1091 3524/3360/1091 3522/3361/1091 3520/3362/1091 3518/3363/1091 3516/3364/1091 3514/3365/1091 3512/3366/1091 3510/3367/1091 3508/3368/1091 3506/3369/1091 3504/3370/1091 3502/3371/1091 3500/3372/1091 3498/3373/1091 3496/3374/1091 3494/3375/1091 3492/3376/1091 3490/3377/1091 3488/3378/1091 3486/3379/1091 3484/3380/1091 3482/3381/1091 3480/3382/1091 3478/3383/1091 3476/3384/1091 3474/3385/1091 3472/3386/1091 3470/3387/1091 3468/3388/1091 3466/3389/1091 3464/3390/1091 3462/3391/1091 3460/3392/1091 3458/3393/1091 3456/3394/1091 3454/3395/1091 3452/3396/1091 3450/3397/1091 3448/3398/1091 3446/3399/1091 3444/3400/1091 3442/3401/1091 3440/3402/1091 3438/3403/1091 3436/3404/1091 3434/3405/1091 3432/3406/1091 3430/3407/1091 3428/3408/1091 3426/3409/1091 3424/3410/1091 3422/3411/1091 3420/3412/1091 3418/3413/1091 3416/3414/1091 3414/3415/1091 3412/3416/1091 3410/3417/1091 3408/3418/1091 3406/3419/1091 3404/3420/1091 3402/3421/1091 3400/3422/1091 3398/3423/1091 3396/3424/1091 3394/3425/1091 3392/3426/1091 3390/3427/1091 3388/3428/1091 3386/3429/1091 3384/3430/1091 3382/3431/1091 3380/3432/1091 3378/3433/1091 3376/3434/1091 3374/3435/1091 3372/3436/1091 3370/3437/1091 3368/3438/1091 3366/3439/1091 3364/3440/1091 3362/3441/1091 3360/3442/1091 3358/3443/1091 3356/3444/1091 3354/3445/1091 3352/3446/1091 3350/3447/1091 3348/3448/1091 3346/3449/1091 3344/3450/1091 3342/3451/1091 3340/3452/1091 3338/3453/1091 3336/3454/1091 3334/3455/1091 3332/3456/1091 3330/3457/1091 3328/3458/1091 3326/3459/1091 3324/3460/1091 3322/3461/1091 3320/3462/1091 3318/3463/1091 3316/3464/1091 3314/3465/1091 3312/3466/1091 3310/3467/1091 3308/3468/1091 3306/3469/1091 3304/3470/1091 3302/3471/1091 3300/3472/1091 3298/3473/1091 3296/3474/1091 3294/3475/1091 3292/3476/1091 3290/3477/1091 3288/3478/1091 3286/3479/1091 3284/3480/1091 3282/3481/1091 3280/3482/1091 3278/3483/1091 3276/3484/1091 3274/3485/1091 3272/3486/1091 3270/3487/1091 3268/3488/1091 3266/3489/1091 3264/3490/1091 3262/3491/1091 3260/3492/1091 3258/3493/1091 3256/3494/1091 3254/3495/1091 3252/3496/1091 3250/3497/1091 3248/3498/1091 3246/3499/1091 3244/3500/1091 3242/3501/1091 3240/3502/1091 3238/3503/1091 3236/3504/1091 3234/3505/1091 3232/3506/1091 3230/3507/1091 3228/3508/1091 3226/3509/1091 3224/3510/1091 3222/3511/1091 3220/3512/1091 3218/3513/1091 3216/3514/1091 3214/3515/1091 3212/3516/1091 3210/3517/1091 3208/3518/1091 3206/3519/1091 3204/3520/1091 3202/3521/1091 3200/3522/1091 3198/3523/1091 3196/3524/1091 3194/3525/1091 3192/3526/1091 3190/3527/1091 3188/3528/1091 3186/3529/1091 3184/3530/1091 3182/3531/1091 3180/3532/1091 3178/3533/1091 3176/3534/1091 3174/3535/1091 3172/3536/1091 3170/3537/1091 3168/3538/1091 3166/3539/1091 3164/3540/1091 3162/3541/1091 3160/3542/1091 3158/3543/1091 3156/3544/1091 3154/3545/1091 3152/3546/1091 3150/3547/1091 3148/3548/1091 3146/3549/1091 3144/3550/1091 3142/3551/1091 3140/3552/1091 3138/3553/1091 3136/3554/1091 3134/3555/1091 3132/3556/1091 3130/3557/1091 3128/3558/1091 3126/3559/1091 3124/3560/1091 3122/3561/1091 3120/3562/1091 3118/3563/1091 3116/3564/1091 3114/3565/1091 3112/3566/1091 3110/3567/1091 3108/3568/1091 3106/3569/1091 3104/3570/1091 3102/3571/1091 3100/3572/1091 3098/3573/1091 3096/3574/1091 3094/3575/1091 3092/3576/1091 3090/3577/1091 3088/3578/1091 3086/3579/1091 3084/3580/1091 3082/3581/1091 3080/3582/1091 3078/3583/1091 3076/3584/1091
f 4067/3084/1092 4068/3083/1092 4070/3585/1092 4069/3586/1092
f 4069/3586/1093 4070/3585/1093 3072/3587/1093 3071/3588/1093
f 3071/3589/1094 3073/3590/1094 3075/3591/1094 3077/3592/1094 3079/3593/1094 3081/3594/1094 3083/3595/1094 3085/3596/1094 3087/3597/1094 3089/3598/1094 3091/3599/1094 3093/3600/1094 3095/3601/1094 3097/3602/1094 3099/3603/1094 3101/3604/1094 3103/3605/1094 3105/3606/1094 3107/3607/1094 3109/3608/1094 3111/3609/1094 3113/3610/1094 3115/3611/1094 3117/3612/1094 3119/3613/1094 3121/3614/1094 3123/3615/1094 3125/3616/1094 3127/3617/1094 3129/3618/1094 3131/3619/1094 3133/3620/1094 3135/3621/1094 3137/3622/1094 3139/3623/1094 3141/3624/1094 3143/3625/1094 3145/3626/1094 3147/3627/1094 3149/3628/1094 3151/3629/1094 3153/3630/1094 3155/3631/1094 3157/3632/1094 3159/3633/1094 3161/3634/1094 3163/3635/1094 3165/3636/1094 3167/3637/1094 3169/3638/1094 3171/3639/1094 3173/3640/1094 3175/3641/1094 3177/3642/1094 3179/3643/1094 3181/3644/1094 3183/3645/1094 3185/3646/1094 3187/3647/1094 3189/3648/1094 3191/3649/1094 3193/3650/1094 3195/3651/1094 3197/3652/1094 3199/3653/1094 3201/3654/1094 3203/3655/1094 3205/3656/1094 3207/3657/1094 3209/3658/1094 3211/3659/1094 3213/3660/1094 3215/3661/1094 3217/3662/1094 3219/3663/1094 3221/3664/1094 3223/3665/1094 3225/3666/1094 3227/3667/1094 3229/3668/1094 3231/3669/1094 3233/3670/1094 3235/3671/1094 3237/3672/1094 3239/3673/1094 3241/3674/1094 3243/3675/1094 3245/3676/1094 3247/3677/1094 3249/3678/1094 3251/3679/1094 3253/3680/1094 3255/3681/1094 3257/3682/1094 3259/3683/1094 3261/3684/1094 3263/3685/1094 3265/3686/1094 3267/3687/1094 3269/3688/1094 3271/3689/1094 3273/3690/1094 3275/3691/1094 3277/3692/1094 3279/3693/1094 3281/3694/1094 3283/3695/1094 3285/3696/1094 3287/3697/1094 3289/3698/1094 3291/3699/1094 3293/3700/1094 3295/3701/1094 3297/3702/1094 3299/3703/1094 3301/3704/1094 3303/3705/1094 3305/3706/1094 3307/3707/1094 3309/3708/1094 3311/3709/1094 3313/3710/1094 3315/3711/1094 3317/3712/1094 3319/3713/1094 3321/3714/1094 3323/3715/1094 3325/3716/1094 3327/3717/1094 3329/3718/1094 3331/3719/1094 3333/3720/1094 3335/3721/1094 3337/3722/1094 3339/3723/1094 3341/3724/1094 3343/3725/1094 3345/3726/1094 3347/3727/1094 3349/3728/1094 3351/3729/1094 3353/3730/1094 3355/3731/1094 3357/3732/1094 3359/3733/1094 3361/3734/1094 3363/3735/1094 3365/3736/1094 3367/3737/1094 3369/3738/1094 3371/3739/1094 3373/3740/1094 3375/3741/1094 3377/3742/1094 3379/3743/1094 3381/3744/1094 3383/3745/1094 3385/3746/1094 3387/3747/1094 3389/3748/1094 3391/3749/1094 3393/3750/1094 3395/3751/1094 3397/3752/1094 3399/3753/1094 3401/3754/1094 3403/3755/1094 3405/3756/1094 3407/3757/1094 3409/3758/1094 3411/3759/1094 3413/3760/1094 3415/3761/1094 3417/3762/1094 3419/3763/1094 3421/3764/1094 3423/3765/1094 3425/3766/1094 3427/3767/1094 3429/3768/1094 3431/3769/1094 3433/3770/1094 3435/3771/1094 3437/3772/1094 3439/3773/1094 3441/3774/1094 3443/3775/1094 3445/3776/1094 3447/3777/1094 3449/3778/1094 3451/3779/1094 3453/3780/1094 3455/3781/1094 3457/3782/1094 3459/3783/1094 3461/3784/1094 3463/3785/1094 3465/3786/1094 3467/3787/1094 3469/3788/1094 3471/3789/1094 3473/3790/1094 3475/3791/1094 3477/3792/1094 3479/3793/1094 3481/3794/1094 3483/3795/1094 3485/3796/1094 3487/3797/1094 3489/3798/1094 3491/3799/1094 3493/3800/1094 3495/3801/1094 3497/3802/1094 3499/3803/1094 3501/3804/1094 3503/3805/1094 3505/3806/1094 3507/3807/1094 3509/3808/1094 3511/3809/1094 3513/3810/1094 3515/3811/1094 3517/3812/1094 3519/3813/1094 3521/3814/1094 3523/3815/1094 3525/3816/1094 3527/3817/1094 3529/3818/1094 3531/3819/1094 3533/3820/1094 3535/3821/1094 3537/3822/1094 3539/3823/1094 3541/3824/1094 3543/3825/1094 3545/3826/1094 3547/3827/1094 3549/3828/1094 3551/3829/1094 3553/3830/1094 3555/3831/1094 3557/3832/1094 3559/3833/1094 3561/3834/1094 3563/3835/1094 3565/3836/1094 3567/3837/1094 3569/3838/1094 3571/3839/1094 3573/3840/1094 3575/3841/1094 3577/3842/1094 3579/3843/1094 3581/3844/1094 3583/3845/1094 3585/3846/1094 3587/3847/1094 3589/3848/1094 3591/3849/1094 3593/3850/1094 3595/3851/1094 3597/3852/1094 3599/3853/1094 3601/3854/1094 3603/3855/1094 3605/3856/1094 3607/3857/1094 3609/3858/1094 3611/3859/1094 3613/3860/1094 3615/3861/1094 3617/3862/1094 3619/3863/1094 3621/3864/1094 3623/3865/1094 3625/3866/1094 3627/3867/1094 3629/3868/1094 3631/3869/1094 3633/3870/1094 3635/3871/1094 3637/3872/1094 3639/3873/1094 3641/3874/1094 3643/3875/1094 3645/3876/1094 3647/3877/1094 3649/3878/1094 3651/3879/1094 3653/3880/1094 3655/3881/1094 3657/3882/1094 3659/3883/1094 3661/3884/1094 3663/3885/1094 3665/3886/1094 3667/3887/1094 3669/3888/1094 3671/3889/1094 3673/3890/1094 3675/3891/1094 3677/3892/1094 3679/3893/1094 3681/3894/1094 3683/3895/1094 3685/3896/1094 3687/3897/1094 3689/3898/1094 3691/3899/1094 3693/3900/1094 3695/3901/1094 3697/3902/1094 3699/3903/1094 3701/3904/1094 3703/3905/1094 3705/3906/1094 3707/3907/1094 3709/3908/1094 3711/3909/1094 3713/3910/1094 3715/3911/1094 3717/3912/1094 3719/3913/1094 3721/3914/1094 3723/3915/1094 3725/3916/1094 3727/3917/1094 3729/3918/1094 3731/3919/1094 3733/3920/1094 3735/3921/1094 3737/3922/1094 3739/3923/1094 3741/3924/1094 3743/3925/1094 3745/3926/1094 3747/3927/1094 3749/3928/1094 3751/3929/1094 3753/3930/1094 3755/3931/1094 3757/3932/1094 3759/3933/1094 3761/3934/1094 3763/3935/1094 3765/3936/1094 3767/3937/1094 3769/3938/1094 3771/3939/1094 3773/3940/1094 3775/3941/1094 3777/3942/1094 3779/3943/1094 3781/3944/1094 3783/3945/1094 3785/3946/1094 3787/3947/1094 3789/3948/1094 3791/3949/1094 3793/3950/1094 3795/3951/1094 3797/3952/1094 3799/3953/1094 3801/3954/1094 3803/3955/1094 3805/3956/1094 3807/3957/1094 3809/3958/1094 3811/3959/1094 3813/3960/1094 3815/3961/1094 3817/3962/1094 3819/3963/1094 3821/3964/1094 3823/3965/1094 3825/3966/1094 3827/3967/1094 3829/3968/1094 3831/3969/1094 3833/3970/1094 3835/3971/1094 3837/3972/1094 3839/3973/1094 3841/3974/1094 3843/3975/1094 3845/3976/1094 3847/3977/1094 3849/3978/1094 3851/3979/1094 3853/3980/1094 3855/3981/1094 3857/3982/1094 3859/3983/1094 3861/3984/1094 3863/3985/1094 3865/3986/1094 3867/3987/1094 3869/3988/1094 3871/3989/1094 3873/3990/1094 3875/3991/1094 3877/3992/1094 3879/3993/1094 3881/3994/1094 3883/3995/1094 3885/3996/1094 3887/3997/1094 3889/3998/1094 3891/3999/1094 3893/4000/1094 3895/4001/1094 3897/4002/1094 3899/4003/1094 3901/4004/1094 3903/4005/1094 3905/4006/1094 3907/4007/1094 3909/4008/1094 3911/4009/1094 3913/4010/1094 3915/4011/1094 3917/4012/1094 3919/4013/1094 3921/4014/1094 3923/4015/1094 3925/4016/1094 3927/4017/1094 3929/4018/1094 3931/4019/1094 3933/4020/1094 3935/4021/1094 3937/4022/1094 3939/4023/1094 3941/4024/1094 3943/4025/1094 3945/4026/1094 3947/4027/1094 3949/4028/1094 3951/4029/1094 3953/4030/1094 3955/4031/1094 3957/4032/1094 3959/4033/1094 3961/4034/1094 3963/4035/1094 3965/4036/1094 3967/4037/1094 3969/4038/1094 3971/4039/1094 3973/4040/1094 3975/4041/1094 3977/4042/1094 3979/4043/1094 3981/4044/1094 3983/4045/1094 3985/4046/1094 3987/4047/1094 3989/4048/1094 3991/4049/1094 3993/4050/1094 3995/4051/1094 3997/4052/1094 3999/4053/1094 4001/4054/1094 4003/4055/1094 4005/4056/1094 4007/4057/1094 4009/4058/1094 4011/4059/1094 4013/4060/1094 4015/4061/1094 4017/4062/1094 4019/4063/1094 4021/4064/1094 4023/4065/1094 4025/4066/1094 4027/4067/1094 4029/4068/1094 4031/4069/1094 4033/4070/1094 4035/4071/1094 4037/4072/1094 4039/4073/1094 4041/4074/1094 4043/4075/1094 4045/4076/1094 4047/4077/1094 4049/4078/1094 4051/4079/1094 4053/4080/1094 4055/4081/1094 4057/4082/1094 4059/4083/1094 4061/4084/1094 4063/4085/1094 4065/4086/1094 4067/4087/1094 4069/4088/1094
