# Blender 5.0.1
# www.blender.org
mtllib Dead.mtl
o Personnage.Haut
v -0.555598 0.029698 -0.111190 1.0000 1.0000 1.0000
v -0.625466 0.083087 -0.173959 1.0000 1.0000 1.0000
v -0.587422 0.150991 -0.179374 1.0000 1.0000 1.0000
v -0.644718 0.210735 -0.170517 1.0000 1.0000 1.0000
v -0.573012 0.253287 -0.063060 1.0000 1.0000 1.0000
v -0.254120 0.053359 -0.102922 1.0000 1.0000 1.0000
v -0.253425 0.076432 -0.157537 1.0000 1.0000 1.0000
v -0.253748 0.172605 -0.185032 1.0000 1.0000 1.0000
v -0.253991 0.259543 -0.121965 1.0000 1.0000 1.0000
v -0.254607 0.271137 -0.056813 1.0000 1.0000 1.0000
v -0.553741 0.006450 -0.040931 1.0000 1.0000 1.0000
v -0.573018 0.255311 0.007631 1.0000 1.0000 1.0000
v -0.251547 0.028023 -0.039360 1.0000 1.0000 1.0000
v -0.255686 0.275022 0.008774 1.0000 1.0000 1.0000
v -0.725602 0.021976 -0.102049 1.0000 1.0000 1.0000
v -0.727664 0.042877 -0.156514 1.0000 1.0000 1.0000
v -0.736173 0.133546 -0.201432 1.0000 1.0000 1.0000
v -0.728626 0.211653 -0.143797 1.0000 1.0000 1.0000
v -0.725523 0.211294 -0.060643 1.0000 1.0000 1.0000
v -0.723340 -0.000005 -0.038506 1.0000 1.0000 1.0000
v -0.725427 0.212802 0.002985 1.0000 1.0000 1.0000
v -0.578335 0.151964 -0.181203 1.0000 1.0000 1.0000
v -0.557303 0.051281 -0.171064 1.0000 1.0000 1.0000
v -0.573649 0.246189 -0.132992 1.0000 1.0000 1.0000
v -0.725048 0.136318 -0.220699 1.0000 1.0000 1.0000
v -0.681465 0.207995 -0.186808 1.0000 1.0000 1.0000
v -0.692189 0.081470 -0.181095 1.0000 1.0000 1.0000
v -0.461628 0.062091 -0.358192 1.0000 1.0000 1.0000
v -0.481364 0.014652 -0.331063 1.0000 1.0000 1.0000
v -0.450702 0.100115 -0.315754 1.0000 1.0000 1.0000
v -0.430405 0.044468 -0.263960 1.0000 1.0000 1.0000
v -0.462123 0.004746 -0.280796 1.0000 1.0000 1.0000
v -0.441339 0.094593 -0.292216 1.0000 1.0000 1.0000
v -0.351080 0.039535 -0.368603 1.0000 1.0000 1.0000
v -0.359600 0.015600 -0.347230 1.0000 1.0000 1.0000
v -0.356171 0.072564 -0.356724 1.0000 1.0000 1.0000
v -0.191206 0.046794 -0.333971 1.0000 1.0000 1.0000
v -0.350873 0.021081 -0.315894 1.0000 1.0000 1.0000
v -0.348080 0.072673 -0.329253 1.0000 1.0000 1.0000
v -0.211504 0.022482 -0.411670 1.0000 1.0000 1.0000
v -0.204709 -0.003577 -0.373228 1.0000 1.0000 1.0000
v -0.203934 0.065749 -0.395051 1.0000 1.0000 1.0000
v -0.335914 0.048181 -0.314387 1.0000 1.0000 1.0000
v -0.196651 0.006070 -0.342459 1.0000 1.0000 1.0000
v -0.198776 0.071928 -0.375304 1.0000 1.0000 1.0000
v -0.137190 0.018956 -0.408542 1.0000 1.0000 1.0000
v -0.123831 0.042588 -0.389343 1.0000 1.0000 1.0000
v -0.128264 0.001119 -0.388199 1.0000 1.0000 1.0000
v -0.152406 0.041159 -0.416682 1.0000 1.0000 1.0000
v -0.117352 0.021591 -0.371197 1.0000 1.0000 1.0000
v -0.142956 0.057840 -0.403148 1.0000 1.0000 1.0000
v -0.062175 0.052147 -0.467283 1.0000 1.0000 1.0000
v -0.077714 -0.002271 -0.424249 1.0000 1.0000 1.0000
v -0.064948 0.020258 -0.405972 1.0000 1.0000 1.0000
v -0.074560 0.043882 -0.430563 1.0000 1.0000 1.0000
v -0.090628 0.065370 -0.448595 1.0000 1.0000 1.0000
v -0.101035 0.047038 -0.463447 1.0000 1.0000 1.0000
v -0.087508 0.021098 -0.449016 1.0000 1.0000 1.0000
v -0.117779 0.081707 -0.440933 1.0000 1.0000 1.0000
v -0.124927 0.071194 -0.450787 1.0000 1.0000 1.0000
v -0.090849 0.078386 -0.456216 1.0000 1.0000 1.0000
v -0.098299 0.067577 -0.466360 1.0000 1.0000 1.0000
v -0.096051 0.101849 -0.471592 1.0000 1.0000 1.0000
v -0.101256 0.095226 -0.478484 1.0000 1.0000 1.0000
v -0.084220 0.091059 -0.469988 1.0000 1.0000 1.0000
v -0.089208 0.084527 -0.476926 1.0000 1.0000 1.0000
v -0.071504 0.035864 -0.481056 1.0000 1.0000 1.0000
v -0.044880 0.026787 -0.444299 1.0000 1.0000 1.0000
v -0.565386 0.099942 -0.180636 1.0000 1.0000 1.0000
v -0.253643 0.124638 -0.172491 1.0000 1.0000 1.0000
v -0.715144 0.103674 -0.212113 1.0000 1.0000 1.0000
v -0.598203 0.113591 -0.181093 1.0000 1.0000 1.0000
v -0.739904 0.092615 -0.183956 1.0000 1.0000 1.0000
v -0.470895 0.038607 -0.346905 1.0000 1.0000 1.0000
v -0.446242 0.024506 -0.271762 1.0000 1.0000 1.0000
v -0.209791 0.006029 -0.398431 1.0000 1.0000 1.0000
v -0.193319 0.025759 -0.335376 1.0000 1.0000 1.0000
v -0.355588 0.028016 -0.356305 1.0000 1.0000 1.0000
v -0.344037 0.035869 -0.313201 1.0000 1.0000 1.0000
v -0.132752 0.010154 -0.399247 1.0000 1.0000 1.0000
v -0.120135 0.032852 -0.380585 1.0000 1.0000 1.0000
v -0.055145 0.006632 -0.461208 1.0000 1.0000 1.0000
v -0.082596 0.008757 -0.437180 1.0000 1.0000 1.0000
v -0.069573 0.031780 -0.418470 1.0000 1.0000 1.0000
v -0.061194 0.020436 -0.473884 1.0000 1.0000 1.0000
v -0.577103 0.200528 -0.158430 1.0000 1.0000 1.0000
v -0.253845 0.214688 -0.155010 1.0000 1.0000 1.0000
v -0.710394 0.173569 -0.220517 1.0000 1.0000 1.0000
v -0.606321 0.187145 -0.166143 1.0000 1.0000 1.0000
v -0.735398 0.173099 -0.173654 1.0000 1.0000 1.0000
v -0.460800 0.085077 -0.344158 1.0000 1.0000 1.0000
v -0.431851 0.068363 -0.269198 1.0000 1.0000 1.0000
v -0.209390 0.043516 -0.410265 1.0000 1.0000 1.0000
v -0.192918 0.063246 -0.347211 1.0000 1.0000 1.0000
v -0.355540 0.054882 -0.364494 1.0000 1.0000 1.0000
v -0.343153 0.061442 -0.321554 1.0000 1.0000 1.0000
v -0.144431 0.029752 -0.412361 1.0000 1.0000 1.0000
v -0.133063 0.049845 -0.396047 1.0000 1.0000 1.0000
v -0.083532 0.052233 -0.487473 1.0000 1.0000 1.0000
v -0.092916 0.034191 -0.457538 1.0000 1.0000 1.0000
v -0.081395 0.054441 -0.441156 1.0000 1.0000 1.0000
v -0.075716 0.066294 -0.475789 1.0000 1.0000 1.0000
v -0.050344 0.039892 -0.457635 1.0000 1.0000 1.0000
v -0.037304 0.012967 -0.430623 1.0000 1.0000 1.0000
v -0.047582 -0.006512 -0.446823 1.0000 1.0000 1.0000
v -0.019725 0.088100 -0.520096 1.0000 1.0000 1.0000
v -0.013105 0.081759 -0.515404 1.0000 1.0000 1.0000
v -0.012667 0.072528 -0.527943 1.0000 1.0000 1.0000
v -0.019490 0.079596 -0.531497 1.0000 1.0000 1.0000
v 0.009351 0.068039 -0.513204 1.0000 1.0000 1.0000
v 0.015328 0.062009 -0.507819 1.0000 1.0000 1.0000
v 0.016026 0.051869 -0.521787 1.0000 1.0000 1.0000
v 0.009788 0.058808 -0.525743 1.0000 1.0000 1.0000
v 0.017125 0.043243 -0.486077 1.0000 1.0000 1.0000
v 0.020689 0.036062 -0.480057 1.0000 1.0000 1.0000
v 0.021435 0.025789 -0.494242 1.0000 1.0000 1.0000
v 0.017824 0.033103 -0.500045 1.0000 1.0000 1.0000
v 0.019445 0.023991 -0.465272 1.0000 1.0000 1.0000
v 0.022469 0.016652 -0.458688 1.0000 1.0000 1.0000
v 0.023154 0.006564 -0.472576 1.0000 1.0000 1.0000
v 0.020191 0.013719 -0.479457 1.0000 1.0000 1.0000
v -0.045645 0.060651 -0.486035 1.0000 1.0000 1.0000
v -0.030518 0.069870 -0.501107 1.0000 1.0000 1.0000
v -0.039309 0.078609 -0.507022 1.0000 1.0000 1.0000
v -0.056610 0.071605 -0.493410 1.0000 1.0000 1.0000
v -0.050365 0.045966 -0.501279 1.0000 1.0000 1.0000
v -0.033000 0.058096 -0.514521 1.0000 1.0000 1.0000
v -0.060737 0.058846 -0.506630 1.0000 1.0000 1.0000
v -0.041599 0.068162 -0.518845 1.0000 1.0000 1.0000
v -0.026372 0.045447 -0.477696 1.0000 1.0000 1.0000
v -0.005331 0.052186 -0.493708 1.0000 1.0000 1.0000
v -0.013347 0.060438 -0.500589 1.0000 1.0000 1.0000
v -0.036431 0.055715 -0.486339 1.0000 1.0000 1.0000
v -0.032693 0.028402 -0.495018 1.0000 1.0000 1.0000
v -0.008780 0.038600 -0.509064 1.0000 1.0000 1.0000
v -0.041862 0.041101 -0.501175 1.0000 1.0000 1.0000
v -0.016411 0.048583 -0.513937 1.0000 1.0000 1.0000
v -0.021794 0.028107 -0.459464 1.0000 1.0000 1.0000
v -0.002004 0.030846 -0.470581 1.0000 1.0000 1.0000
v -0.006831 0.040226 -0.478793 1.0000 1.0000 1.0000
v -0.027867 0.039797 -0.469738 1.0000 1.0000 1.0000
v -0.027298 0.010483 -0.477549 1.0000 1.0000 1.0000
v -0.004680 0.016980 -0.486229 1.0000 1.0000 1.0000
v -0.033250 0.022540 -0.487453 1.0000 1.0000 1.0000
v -0.009452 0.026625 -0.494146 1.0000 1.0000 1.0000
v -0.018119 0.012369 -0.442196 1.0000 1.0000 1.0000
v 0.000076 0.013302 -0.450777 1.0000 1.0000 1.0000
v -0.004063 0.022792 -0.459835 1.0000 1.0000 1.0000
v -0.023352 0.024164 -0.453560 1.0000 1.0000 1.0000
v -0.022998 -0.004730 -0.460111 1.0000 1.0000 1.0000
v -0.002218 -0.000070 -0.466073 1.0000 1.0000 1.0000
v -0.028340 0.006559 -0.472029 1.0000 1.0000 1.0000
v -0.006364 0.009071 -0.475580 1.0000 1.0000 1.0000
v -0.072457 0.110366 -0.488605 1.0000 1.0000 1.0000
v -0.077800 0.105149 -0.495872 1.0000 1.0000 1.0000
v -0.071885 0.099921 -0.481995 1.0000 1.0000 1.0000
v -0.076870 0.095036 -0.488775 1.0000 1.0000 1.0000
v -0.741015 0.047165 -0.070452 1.0000 1.0000 1.0000
v -0.744577 0.062410 -0.105526 1.0000 1.0000 1.0000
v -0.749939 0.116240 -0.129090 1.0000 1.0000 1.0000
v -0.753116 0.168657 -0.091072 1.0000 1.0000 1.0000
v -0.748157 0.167719 -0.044067 1.0000 1.0000 1.0000
v -0.739505 0.032533 -0.031724 1.0000 1.0000 1.0000
v -0.746740 0.167575 -0.005245 1.0000 1.0000 1.0000
v -0.747329 0.089193 -0.117577 1.0000 1.0000 1.0000
v -0.753593 0.142930 -0.112688 1.0000 1.0000 1.0000
v -0.804338 0.093463 -0.072636 1.0000 1.0000 1.0000
v -0.803163 0.109629 -0.083603 1.0000 1.0000 1.0000
v -0.804314 0.143511 -0.074813 1.0000 1.0000 1.0000
v -0.807336 0.155008 -0.043117 1.0000 1.0000 1.0000
v -0.808364 0.143731 -0.028711 1.0000 1.0000 1.0000
v -0.806241 0.077820 -0.059607 1.0000 1.0000 1.0000
v -0.809191 0.130912 -0.015247 1.0000 1.0000 1.0000
v -0.803594 0.127011 -0.079728 1.0000 1.0000 1.0000
v -0.805841 0.149064 -0.059242 1.0000 1.0000 1.0000
v -0.736322 0.055588 -0.105043 1.0000 1.0000 1.0000
v -0.734873 0.041040 -0.071628 1.0000 1.0000 1.0000
v -0.742160 0.172177 -0.040866 1.0000 1.0000 1.0000
v -0.743470 0.170110 -0.080328 1.0000 1.0000 1.0000
v -0.741382 0.170984 -0.002716 1.0000 1.0000 1.0000
v -0.733347 0.025663 -0.033863 1.0000 1.0000 1.0000
v -0.739488 0.087390 -0.126408 1.0000 1.0000 1.0000
v -0.744021 0.144221 -0.115053 1.0000 1.0000 1.0000
v -0.742451 0.116647 -0.135775 1.0000 1.0000 1.0000
v -0.737521 0.078672 -0.061520 1.0000 1.0000 1.0000
v -0.737000 0.071406 -0.046379 1.0000 1.0000 1.0000
v -0.741275 0.132845 -0.028613 1.0000 1.0000 1.0000
v -0.740714 0.132715 -0.047434 1.0000 1.0000 1.0000
v -0.742317 0.131482 -0.009833 1.0000 1.0000 1.0000
v -0.736349 0.062960 -0.028094 1.0000 1.0000 1.0000
v -0.738784 0.093325 -0.064864 1.0000 1.0000 1.0000
v -0.740763 0.120314 -0.058186 1.0000 1.0000 1.0000
v -0.740038 0.107536 -0.068673 1.0000 1.0000 1.0000
v -1.101453 0.112196 -0.084246 1.0000 1.0000 1.0000
v -1.101109 0.127049 -0.084499 1.0000 1.0000 1.0000
v -1.100547 0.151988 -0.067279 1.0000 1.0000 1.0000
v -1.100426 0.158342 -0.038083 1.0000 1.0000 1.0000
v -1.100590 0.151813 -0.023434 1.0000 1.0000 1.0000
v -1.101768 0.098926 -0.075700 1.0000 1.0000 1.0000
v -1.100924 0.137718 -0.015470 1.0000 1.0000 1.0000
v -1.100779 0.141486 -0.080255 1.0000 1.0000 1.0000
v -1.100369 0.160238 -0.052697 1.0000 1.0000 1.0000
v -0.895848 0.115841 -0.175993 1.0000 1.0000 1.0000
v -0.803882 0.105359 -0.088875 1.0000 1.0000 1.0000
v -0.862043 0.114571 -0.169615 1.0000 1.0000 1.0000
v -0.832796 0.110035 -0.149298 1.0000 1.0000 1.0000
v -0.812659 0.106105 -0.120207 1.0000 1.0000 1.0000
v -0.805360 0.086249 -0.078324 1.0000 1.0000 1.0000
v -0.896744 0.079627 -0.169669 1.0000 1.0000 1.0000
v -0.813447 0.080395 -0.110454 1.0000 1.0000 1.0000
v -0.833474 0.080171 -0.141885 1.0000 1.0000 1.0000
v -0.863284 0.080153 -0.162465 1.0000 1.0000 1.0000
v -0.894487 0.222287 0.038970 1.0000 1.0000 1.0000
v -0.808704 0.149444 -0.018023 1.0000 1.0000 1.0000
v -0.861087 0.221699 0.034608 1.0000 1.0000 1.0000
v -0.833052 0.208877 0.024198 1.0000 1.0000 1.0000
v -0.814650 0.185687 0.008679 1.0000 1.0000 1.0000
v -0.807968 0.160869 -0.035499 1.0000 1.0000 1.0000
v -0.894021 0.240966 0.001575 1.0000 1.0000 1.0000
v -0.814260 0.194961 -0.016424 1.0000 1.0000 1.0000
v -0.832772 0.219773 -0.006621 1.0000 1.0000 1.0000
v -0.860713 0.236490 -0.000774 1.0000 1.0000 1.0000
v -0.809102 0.138526 -0.003777 1.0000 1.0000 1.0000
v -0.894998 0.202267 0.092280 1.0000 1.0000 1.0000
v -0.815173 0.164135 0.036044 1.0000 1.0000 1.0000
v -0.833752 0.180023 0.060015 1.0000 1.0000 1.0000
v -0.861835 0.191001 0.076018 1.0000 1.0000 1.0000
v -0.897993 0.036734 -0.158535 1.0000 1.0000 1.0000
v -0.806865 0.070445 -0.069818 1.0000 1.0000 1.0000
v -0.864336 0.037573 -0.149370 1.0000 1.0000 1.0000
v -0.834161 0.043556 -0.129127 1.0000 1.0000 1.0000
v -0.814258 0.055201 -0.100655 1.0000 1.0000 1.0000
v -0.894934 0.163120 -0.149208 1.0000 1.0000 1.0000
v -0.803488 0.130663 -0.088680 1.0000 1.0000 1.0000
v -0.861223 0.157122 -0.142966 1.0000 1.0000 1.0000
v -0.832297 0.150241 -0.129726 1.0000 1.0000 1.0000
v -0.810876 0.139628 -0.110932 1.0000 1.0000 1.0000
v -0.894224 0.230052 -0.054418 1.0000 1.0000 1.0000
v -0.806465 0.161708 -0.056482 1.0000 1.0000 1.0000
v -0.861001 0.222086 -0.052474 1.0000 1.0000 1.0000
v -0.832618 0.207403 -0.052832 1.0000 1.0000 1.0000
v -0.813962 0.186699 -0.051870 1.0000 1.0000 1.0000
v -0.804657 0.152139 -0.078945 1.0000 1.0000 1.0000
v -0.894708 0.207187 -0.105717 1.0000 1.0000 1.0000
v -0.812510 0.173350 -0.089622 1.0000 1.0000 1.0000
v -0.832385 0.186982 -0.096506 1.0000 1.0000 1.0000
v -0.860797 0.198790 -0.102887 1.0000 1.0000 1.0000
v -1.101101 0.127016 -0.094060 1.0000 1.0000 1.0000
v -1.013842 0.121974 -0.177015 1.0000 1.0000 1.0000
v -1.094428 0.126980 -0.126650 1.0000 1.0000 1.0000
v -1.075482 0.126809 -0.154375 1.0000 1.0000 1.0000
v -1.047159 0.126080 -0.172724 1.0000 1.0000 1.0000
v -1.014708 0.084800 -0.170702 1.0000 1.0000 1.0000
v -1.101502 0.109823 -0.090931 1.0000 1.0000 1.0000
v -1.048009 0.089629 -0.166139 1.0000 1.0000 1.0000
v -1.076213 0.095453 -0.148972 1.0000 1.0000 1.0000
v -1.095007 0.102110 -0.122283 1.0000 1.0000 1.0000
v -1.100471 0.157132 -0.018846 1.0000 1.0000 1.0000
v -1.011800 0.218377 0.036223 1.0000 1.0000 1.0000
v -1.093260 0.182339 0.001463 1.0000 1.0000 1.0000
v -1.073862 0.203460 0.018654 1.0000 1.0000 1.0000
v -1.045254 0.216254 0.030770 1.0000 1.0000 1.0000
v -1.011256 0.240570 0.001796 1.0000 1.0000 1.0000
v -1.100224 0.167220 -0.034205 1.0000 1.0000 1.0000
v -1.044708 0.238499 -0.002832 1.0000 1.0000 1.0000
v -1.073400 0.222286 -0.010304 1.0000 1.0000 1.0000
v -1.092897 0.197155 -0.021255 1.0000 1.0000 1.0000
v -1.012472 0.190643 0.069917 1.0000 1.0000 1.0000
v -1.100764 0.145041 -0.004101 1.0000 1.0000 1.0000
v -1.045942 0.187791 0.064259 1.0000 1.0000 1.0000
v -1.074475 0.178123 0.048205 1.0000 1.0000 1.0000
v -1.093726 0.163111 0.024200 1.0000 1.0000 1.0000
v -1.101928 0.091563 -0.087132 1.0000 1.0000 1.0000
v -1.015708 0.041961 -0.160931 1.0000 1.0000 1.0000
v -1.095683 0.073200 -0.115398 1.0000 1.0000 1.0000
v -1.077104 0.057326 -0.139348 1.0000 1.0000 1.0000
v -1.049021 0.046356 -0.155337 1.0000 1.0000 1.0000
v -1.100719 0.143858 -0.085354 1.0000 1.0000 1.0000
v -1.012712 0.171748 -0.151451 1.0000 1.0000 1.0000
v -1.093784 0.155398 -0.110832 1.0000 1.0000 1.0000
v -1.074625 0.164701 -0.132308 1.0000 1.0000 1.0000
v -1.046157 0.170379 -0.146531 1.0000 1.0000 1.0000
v -1.100244 0.165658 -0.052767 1.0000 1.0000 1.0000
v -1.011303 0.236421 -0.052697 1.0000 1.0000 1.0000
v -1.092948 0.193717 -0.052996 1.0000 1.0000 1.0000
v -1.073486 0.216956 -0.053023 1.0000 1.0000 1.0000
v -1.044817 0.231865 -0.052862 1.0000 1.0000 1.0000
v -1.011774 0.213944 -0.108427 1.0000 1.0000 1.0000
v -1.100388 0.158678 -0.071590 1.0000 1.0000 1.0000
v -1.045257 0.210816 -0.105943 1.0000 1.0000 1.0000
v -1.073852 0.199383 -0.098179 1.0000 1.0000 1.0000
v -1.093210 0.181116 -0.086142 1.0000 1.0000 1.0000
v -0.415165 0.043938 -0.103585 1.0000 1.0000 1.0000
v -0.422784 0.065889 -0.157020 1.0000 1.0000 1.0000
v -0.436764 0.163899 -0.179405 1.0000 1.0000 1.0000
v -0.429712 0.250296 -0.121701 1.0000 1.0000 1.0000
v -0.421824 0.260035 -0.058111 1.0000 1.0000 1.0000
v -0.407782 0.020646 -0.039988 1.0000 1.0000 1.0000
v -0.415969 0.265086 0.007546 1.0000 1.0000 1.0000
v -0.427839 0.113429 -0.169837 1.0000 1.0000 1.0000
v -0.431482 0.206424 -0.152038 1.0000 1.0000 1.0000
v -0.955260 0.120617 -0.176963 1.0000 1.0000 1.0000
v -0.956127 0.083443 -0.170650 1.0000 1.0000 1.0000
v -0.954134 0.170252 -0.151309 1.0000 1.0000 1.0000
v -0.957127 0.040605 -0.160878 1.0000 1.0000 1.0000
v -0.953219 0.217018 0.036277 1.0000 1.0000 1.0000
v -0.952676 0.239165 0.001880 1.0000 1.0000 1.0000
v -0.953891 0.189288 0.069969 1.0000 1.0000 1.0000
v -0.952722 0.235075 -0.052650 1.0000 1.0000 1.0000
v -0.953196 0.212432 -0.108275 1.0000 1.0000 1.0000
v -0.894875 0.206494 0.064425 1.0000 1.0000 1.0000
v -0.882533 0.193668 0.079394 1.0000 1.0000 1.0000
v -1.101316 0.119692 -0.043458 1.0000 1.0000 1.0000
v -0.440029 0.031826 -0.349490 1.0000 1.0000 1.0000
v -0.502763 0.044895 -0.330631 1.0000 1.0000 1.0000
v -0.508610 0.024323 -0.306017 1.0000 1.0000 1.0000
v -0.437317 0.011506 -0.332291 1.0000 1.0000 1.0000
v -0.431809 0.078878 -0.354395 1.0000 1.0000 1.0000
v -0.490015 0.095346 -0.332567 1.0000 1.0000 1.0000
v -0.496441 0.071355 -0.346223 1.0000 1.0000 1.0000
v -0.429996 0.054976 -0.366183 1.0000 1.0000 1.0000
v -0.422100 0.024802 -0.282554 1.0000 1.0000 1.0000
v -0.470885 0.029547 -0.261382 1.0000 1.0000 1.0000
v -0.490413 0.017297 -0.269840 1.0000 1.0000 1.0000
v -0.428608 0.008205 -0.292349 1.0000 1.0000 1.0000
v -0.408554 0.068535 -0.279697 1.0000 1.0000 1.0000
v -0.453232 0.078307 -0.254224 1.0000 1.0000 1.0000
v -0.456213 0.049011 -0.249285 1.0000 1.0000 1.0000
v -0.404226 0.045777 -0.273146 1.0000 1.0000 1.0000
v -0.464675 0.107895 -0.279343 1.0000 1.0000 1.0000
v -0.420238 0.092393 -0.303554 1.0000 1.0000 1.0000
v -0.476895 0.112692 -0.303833 1.0000 1.0000 1.0000
v -0.427729 0.095611 -0.327291 1.0000 1.0000 1.0000
v -0.453537 0.034662 -0.349476 1.0000 1.0000 1.0000
v -0.489386 0.042042 -0.339715 1.0000 1.0000 1.0000
v -0.499269 0.019978 -0.316364 1.0000 1.0000 1.0000
v -0.453727 0.011057 -0.334947 1.0000 1.0000 1.0000
v -0.446002 0.081627 -0.349825 1.0000 1.0000 1.0000
v -0.476105 0.090181 -0.338359 1.0000 1.0000 1.0000
v -0.480992 0.067311 -0.352239 1.0000 1.0000 1.0000
v -0.444719 0.058196 -0.362688 1.0000 1.0000 1.0000
v -0.432643 0.024532 -0.277490 1.0000 1.0000 1.0000
v -0.460740 0.025576 -0.266421 1.0000 1.0000 1.0000
v -0.480003 0.011046 -0.275066 1.0000 1.0000 1.0000
v -0.441973 0.005141 -0.287187 1.0000 1.0000 1.0000
v -0.419805 0.067516 -0.275151 1.0000 1.0000 1.0000
v -0.442323 0.071993 -0.261786 1.0000 1.0000 1.0000
v -0.444020 0.045195 -0.256723 1.0000 1.0000 1.0000
v -0.416688 0.044303 -0.269333 1.0000 1.0000 1.0000
v -0.451559 0.100942 -0.286148 1.0000 1.0000 1.0000
v -0.430766 0.092481 -0.298423 1.0000 1.0000 1.0000
v -0.463530 0.106349 -0.309867 1.0000 1.0000 1.0000
v -0.439524 0.097222 -0.321793 1.0000 1.0000 1.0000
v -0.788649 0.097428 -0.076634 1.0000 1.0000 1.0000
v -0.803517 0.107276 -0.086403 1.0000 1.0000 1.0000
v -0.790508 0.084292 -0.063621 1.0000 1.0000 1.0000
v -0.804892 0.089526 -0.075598 1.0000 1.0000 1.0000
v -0.792810 0.141036 -0.028876 1.0000 1.0000 1.0000
v -0.808643 0.146904 -0.022975 1.0000 1.0000 1.0000
v -0.791018 0.149363 -0.044695 1.0000 1.0000 1.0000
v -0.807725 0.158218 -0.039055 1.0000 1.0000 1.0000
v -0.794997 0.130095 -0.013806 1.0000 1.0000 1.0000
v -0.809163 0.134956 -0.009014 1.0000 1.0000 1.0000
v -0.792197 0.070778 -0.048090 1.0000 1.0000 1.0000
v -0.806579 0.073801 -0.064962 1.0000 1.0000 1.0000
v -0.787205 0.115949 -0.076499 1.0000 1.0000 1.0000
v -0.803562 0.129015 -0.084536 1.0000 1.0000 1.0000
v -0.789345 0.141995 -0.059593 1.0000 1.0000 1.0000
v -0.806242 0.155396 -0.057923 1.0000 1.0000 1.0000
v -0.787611 0.134184 -0.074179 1.0000 1.0000 1.0000
v -0.804511 0.148162 -0.077056 1.0000 1.0000 1.0000
v -0.795454 0.103608 -0.080493 1.0000 1.0000 1.0000
v -0.803280 0.108690 -0.084680 1.0000 1.0000 1.0000
v -0.797164 0.088911 -0.068466 1.0000 1.0000 1.0000
v -0.804557 0.091936 -0.073759 1.0000 1.0000 1.0000
v -0.800556 0.142526 -0.028954 1.0000 1.0000 1.0000
v -0.808496 0.144987 -0.026507 1.0000 1.0000 1.0000
v -0.799111 0.152305 -0.044035 1.0000 1.0000 1.0000
v -0.807500 0.156268 -0.041555 1.0000 1.0000 1.0000
v -0.802082 0.130508 -0.014810 1.0000 1.0000 1.0000
v -0.809211 0.132499 -0.012826 1.0000 1.0000 1.0000
v -0.799108 0.074270 -0.054169 1.0000 1.0000 1.0000
v -0.806379 0.076249 -0.061645 1.0000 1.0000 1.0000
v -0.794958 0.121888 -0.078528 1.0000 1.0000 1.0000
v -0.803600 0.127825 -0.081589 1.0000 1.0000 1.0000
v -0.797414 0.145842 -0.059570 1.0000 1.0000 1.0000
v -0.806002 0.151519 -0.058756 1.0000 1.0000 1.0000
v -0.795776 0.139195 -0.074684 1.0000 1.0000 1.0000
v -0.804396 0.145321 -0.075687 1.0000 1.0000 1.0000
v -0.130083 0.009658 -0.401566 1.0000 1.0000 1.0000
v -0.142544 0.008665 -0.391920 1.0000 1.0000 1.0000
v -0.140485 -0.000313 -0.379836 1.0000 1.0000 1.0000
v -0.125183 0.000296 -0.390240 1.0000 1.0000 1.0000
v -0.141907 0.029972 -0.415177 1.0000 1.0000 1.0000
v -0.152206 0.028714 -0.406006 1.0000 1.0000 1.0000
v -0.146412 0.017431 -0.401617 1.0000 1.0000 1.0000
v -0.134594 0.018796 -0.411013 1.0000 1.0000 1.0000
v -0.117027 0.032862 -0.382333 1.0000 1.0000 1.0000
v -0.130323 0.032276 -0.371818 1.0000 1.0000 1.0000
v -0.131061 0.020634 -0.361370 1.0000 1.0000 1.0000
v -0.113693 0.021366 -0.372856 1.0000 1.0000 1.0000
v -0.130262 0.050548 -0.398474 1.0000 1.0000 1.0000
v -0.142591 0.049950 -0.388217 1.0000 1.0000 1.0000
v -0.132900 0.042550 -0.381078 1.0000 1.0000 1.0000
v -0.120942 0.042940 -0.391401 1.0000 1.0000 1.0000
v -0.152885 0.057976 -0.395546 1.0000 1.0000 1.0000
v -0.140353 0.058891 -0.405761 1.0000 1.0000 1.0000
v -0.141825 0.059777 -0.405345 1.0000 1.0000 1.0000
v -0.162725 0.040604 -0.409642 1.0000 1.0000 1.0000
v -0.150078 0.041726 -0.419686 1.0000 1.0000 1.0000
v -0.151373 0.043035 -0.419000 1.0000 1.0000 1.0000
v -0.485560 0.037565 -0.107419 1.0000 1.0000 1.0000
v -0.480859 0.014373 -0.040496 1.0000 1.0000 1.0000
v -0.490161 0.059372 -0.164074 1.0000 1.0000 1.0000
v -0.508005 0.160373 -0.179678 1.0000 1.0000 1.0000
v -0.501680 0.249037 -0.127091 1.0000 1.0000 1.0000
v -0.497232 0.257558 -0.060613 1.0000 1.0000 1.0000
v -0.494124 0.261099 0.007563 1.0000 1.0000 1.0000
v -0.497309 0.108443 -0.173848 1.0000 1.0000 1.0000
v -0.503736 0.204558 -0.155196 1.0000 1.0000 1.0000
v -0.338436 0.072278 -0.157316 1.0000 1.0000 1.0000
v -0.343970 0.169261 -0.184075 1.0000 1.0000 1.0000
v -0.341598 0.256056 -0.121882 1.0000 1.0000 1.0000
v -0.337996 0.266441 -0.057496 1.0000 1.0000 1.0000
v -0.336801 0.271089 0.008118 1.0000 1.0000 1.0000
v -0.340893 0.120306 -0.171212 1.0000 1.0000 1.0000
v -0.342456 0.211796 -0.153617 1.0000 1.0000 1.0000
v -0.335295 0.048943 -0.103259 1.0000 1.0000 1.0000
v -0.329411 0.025085 -0.039693 1.0000 1.0000 1.0000
v -0.876133 0.114588 -0.174441 1.0000 1.0000 1.0000
v -0.877317 0.078408 -0.167246 1.0000 1.0000 1.0000
v -0.875142 0.221878 0.038060 1.0000 1.0000 1.0000
v -0.874695 0.239737 0.001090 1.0000 1.0000 1.0000
v -0.878654 0.035947 -0.155346 1.0000 1.0000 1.0000
v -0.875383 0.161184 -0.147898 1.0000 1.0000 1.0000
v -0.874916 0.228086 -0.053997 1.0000 1.0000 1.0000
v -0.874854 0.204157 -0.105821 1.0000 1.0000 1.0000
v -0.886816 0.079015 -0.168562 1.0000 1.0000 1.0000
v -0.884225 0.240348 0.001333 1.0000 1.0000 1.0000
v -0.888212 0.036350 -0.156990 1.0000 1.0000 1.0000
v -0.884917 0.206328 -0.105301 1.0000 1.0000 1.0000
v -0.885223 0.199962 0.071937 1.0000 1.0000 1.0000
v -0.885927 0.115501 -0.175340 1.0000 1.0000 1.0000
v -0.884681 0.222079 0.038515 1.0000 1.0000 1.0000
v -0.885032 0.162169 -0.148557 1.0000 1.0000 1.0000
v -0.884437 0.229066 -0.054207 1.0000 1.0000 1.0000
v -0.925981 0.119462 -0.176629 1.0000 1.0000 1.0000
v -0.924890 0.167640 -0.150037 1.0000 1.0000 1.0000
v -0.923853 0.219653 0.037623 1.0000 1.0000 1.0000
v -0.923952 0.209810 -0.106996 1.0000 1.0000 1.0000
v -0.926279 0.081105 -0.170143 1.0000 1.0000 1.0000
v -0.927380 0.038456 -0.159903 1.0000 1.0000 1.0000
v -0.923348 0.240066 0.001727 1.0000 1.0000 1.0000
v -0.923473 0.232563 -0.053534 1.0000 1.0000 1.0000
v -0.924318 0.200587 0.063533 1.0000 1.0000 1.0000
v -0.272964 0.058121 -0.098305 1.0000 1.0000 1.0000
v -0.288318 0.081913 -0.139712 1.0000 1.0000 1.0000
v -0.303227 0.170582 -0.165863 1.0000 1.0000 1.0000
v -0.288467 0.252569 -0.112267 1.0000 1.0000 1.0000
v -0.274463 0.265091 -0.054738 1.0000 1.0000 1.0000
v -0.260335 0.031994 -0.038249 1.0000 1.0000 1.0000
v -0.263616 0.268825 0.007166 1.0000 1.0000 1.0000
v -0.053301 0.134949 -0.023932 1.0000 1.0000 1.0000
v 0.611608 0.027433 -0.338987 1.0000 1.0000 1.0000
v 0.593990 0.010374 -0.380687 1.0000 1.0000 1.0000
v 0.588779 0.060624 -0.405319 1.0000 1.0000 1.0000
v 0.601727 0.110857 -0.382963 1.0000 1.0000 1.0000
v 0.615570 0.119199 -0.347639 1.0000 1.0000 1.0000
v 0.618823 0.059412 -0.327383 1.0000 1.0000 1.0000
v 0.594512 -0.026592 -0.371010 1.0000 1.0000 1.0000
v 0.577713 0.067720 -0.437482 1.0000 1.0000 1.0000
v 0.614157 0.146062 -0.358349 1.0000 1.0000 1.0000
v 0.625539 0.052845 -0.306567 1.0000 1.0000 1.0000
v 0.695011 0.019880 -0.371486 1.0000 1.0000 1.0000
v 0.690490 0.004311 -0.417118 1.0000 1.0000 1.0000
v 0.673922 0.053639 -0.438085 1.0000 1.0000 1.0000
v 0.666726 0.102021 -0.410125 1.0000 1.0000 1.0000
v 0.671704 0.110299 -0.372062 1.0000 1.0000 1.0000
v 0.689902 0.050945 -0.356148 1.0000 1.0000 1.0000
v 0.700332 0.001064 -0.368839 1.0000 1.0000 1.0000
v 0.693302 -0.011257 -0.423452 1.0000 1.0000 1.0000
v 0.671391 0.053979 -0.451180 1.0000 1.0000 1.0000
v 0.661874 0.117965 -0.414204 1.0000 1.0000 1.0000
v 0.668458 0.128912 -0.363866 1.0000 1.0000 1.0000
v 0.691648 0.050524 -0.347372 1.0000 1.0000 1.0000
v 0.861690 0.009790 -0.386705 1.0000 1.0000 1.0000
v 0.849457 0.002803 -0.461865 1.0000 1.0000 1.0000
v 0.819015 0.093435 -0.500388 1.0000 1.0000 1.0000
v 0.805793 0.182330 -0.449016 1.0000 1.0000 1.0000
v 0.815127 0.197516 -0.378118 1.0000 1.0000 1.0000
v 0.846100 0.088764 -0.361662 1.0000 1.0000 1.0000
v 0.713034 0.229250 -0.455066 1.0000 1.0000 1.0000
v 0.703517 0.293236 -0.418089 1.0000 1.0000 1.0000
v 0.712071 0.296090 -0.368322 1.0000 1.0000 1.0000
v 0.735051 0.217727 -0.352919 1.0000 1.0000 1.0000
v 0.781307 0.248347 -0.489467 1.0000 1.0000 1.0000
v 0.768086 0.337242 -0.438095 1.0000 1.0000 1.0000
v 0.779203 0.344358 -0.368731 1.0000 1.0000 1.0000
v 0.810152 0.235608 -0.352402 1.0000 1.0000 1.0000
v 0.238925 0.109598 -0.324185 1.0000 1.0000 1.0000
v 0.246863 -0.007256 -0.260785 1.0000 1.0000 1.0000
v 0.288228 0.194381 -0.221512 1.0000 1.0000 1.0000
v 0.287434 0.071344 -0.179779 1.0000 1.0000 1.0000
v -0.295118 0.124787 -0.154808 1.0000 1.0000 1.0000
v 0.580522 0.015658 -0.418021 1.0000 1.0000 1.0000
v 0.591361 0.035475 -0.393047 1.0000 1.0000 1.0000
v 0.682206 0.028975 -0.427601 1.0000 1.0000 1.0000
v 0.682346 0.021361 -0.437316 1.0000 1.0000 1.0000
v 0.834236 0.048119 -0.481126 1.0000 1.0000 1.0000
v 0.236187 0.047956 -0.308825 1.0000 1.0000 1.0000
v -0.295571 0.209156 -0.138622 1.0000 1.0000 1.0000
v 0.595678 0.115724 -0.400632 1.0000 1.0000 1.0000
v 0.595227 0.085793 -0.394268 1.0000 1.0000 1.0000
v 0.670324 0.077830 -0.424105 1.0000 1.0000 1.0000
v 0.666632 0.085972 -0.432692 1.0000 1.0000 1.0000
v 0.812404 0.137883 -0.474702 1.0000 1.0000 1.0000
v 0.708275 0.261243 -0.436578 1.0000 1.0000 1.0000
v 0.774696 0.292795 -0.463781 1.0000 1.0000 1.0000
v 0.263834 0.157643 -0.274277 1.0000 1.0000 1.0000
v 0.443813 0.037239 -0.280434 1.0000 1.0000 1.0000
v 0.426541 0.026144 -0.324232 1.0000 1.0000 1.0000
v 0.424231 0.079189 -0.342787 1.0000 1.0000 1.0000
v 0.438780 0.125780 -0.314527 1.0000 1.0000 1.0000
v 0.452706 0.129963 -0.278042 1.0000 1.0000 1.0000
v 0.452176 0.067396 -0.264953 1.0000 1.0000 1.0000
v 0.425365 0.052640 -0.333550 1.0000 1.0000 1.0000
v 0.431502 0.102511 -0.328679 1.0000 1.0000 1.0000
v -0.350692 0.059595 -0.097132 1.0000 1.0000 1.0000
v -0.364606 0.080785 -0.141387 1.0000 1.0000 1.0000
v -0.381829 0.168007 -0.160069 1.0000 1.0000 1.0000
v -0.369214 0.249244 -0.109337 1.0000 1.0000 1.0000
v -0.353879 0.260277 -0.055406 1.0000 1.0000 1.0000
v -0.337242 0.035754 -0.037620 1.0000 1.0000 1.0000
v -0.342659 0.263027 0.006494 1.0000 1.0000 1.0000
v -0.373742 0.124184 -0.148734 1.0000 1.0000 1.0000
v -0.375437 0.206516 -0.132955 1.0000 1.0000 1.0000
v 0.324537 0.179136 -0.239394 1.0000 1.0000 1.0000
v 0.247984 0.191888 -0.209091 1.0000 1.0000 1.0000
v 0.246028 0.078477 -0.163050 1.0000 1.0000 1.0000
v 0.330519 0.069296 -0.194920 1.0000 1.0000 1.0000
v 0.231146 0.166093 -0.257671 1.0000 1.0000 1.0000
v 0.300180 0.154759 -0.283104 1.0000 1.0000 1.0000
v 0.281649 0.103085 -0.338050 1.0000 1.0000 1.0000
v 0.196748 0.116444 -0.309537 1.0000 1.0000 1.0000
v 0.202462 -0.001856 -0.244080 1.0000 1.0000 1.0000
v 0.293489 -0.010999 -0.274098 1.0000 1.0000 1.0000
v 0.192667 0.054146 -0.293215 1.0000 1.0000 1.0000
v 0.281368 0.042359 -0.322180 1.0000 1.0000 1.0000
v 0.311132 0.184459 -0.232852 1.0000 1.0000 1.0000
v 0.262984 0.192358 -0.213790 1.0000 1.0000 1.0000
v 0.267956 0.074371 -0.172015 1.0000 1.0000 1.0000
v 0.307584 0.069867 -0.187032 1.0000 1.0000 1.0000
v 0.247087 0.161301 -0.266803 1.0000 1.0000 1.0000
v 0.281820 0.155632 -0.279474 1.0000 1.0000 1.0000
v 0.259164 0.106391 -0.330853 1.0000 1.0000 1.0000
v 0.219107 0.112604 -0.317372 1.0000 1.0000 1.0000
v 0.225773 -0.004904 -0.253214 1.0000 1.0000 1.0000
v 0.268696 -0.009297 -0.267444 1.0000 1.0000 1.0000
v 0.215644 0.050722 -0.301633 1.0000 1.0000 1.0000
v 0.257602 0.045133 -0.315449 1.0000 1.0000 1.0000
v 0.666665 0.023231 -0.360064 1.0000 1.0000 1.0000
v 0.697709 0.010341 -0.370144 1.0000 1.0000 1.0000
v 0.651897 0.003129 -0.403039 1.0000 1.0000 1.0000
v 0.691916 -0.003581 -0.420329 1.0000 1.0000 1.0000
v 0.682277 0.025115 -0.432527 1.0000 1.0000 1.0000
v 0.646296 0.029543 -0.413920 1.0000 1.0000 1.0000
v 0.643169 0.050794 -0.429213 1.0000 1.0000 1.0000
v 0.672639 0.053811 -0.444724 1.0000 1.0000 1.0000
v 0.668452 0.081958 -0.428458 1.0000 1.0000 1.0000
v 0.646311 0.077060 -0.417406 1.0000 1.0000 1.0000
v 0.648765 0.101826 -0.406077 1.0000 1.0000 1.0000
v 0.664266 0.110104 -0.412193 1.0000 1.0000 1.0000
v 0.660201 0.111848 -0.370147 1.0000 1.0000 1.0000
v 0.670059 0.119736 -0.367907 1.0000 1.0000 1.0000
v 0.671303 0.054764 -0.349477 1.0000 1.0000 1.0000
v 0.690787 0.050731 -0.351699 1.0000 1.0000 1.0000
v 0.660256 0.107374 -0.369986 1.0000 1.0000 1.0000
v 0.655222 0.099075 -0.408031 1.0000 1.0000 1.0000
v 0.662153 0.050624 -0.435885 1.0000 1.0000 1.0000
v 0.677876 0.001474 -0.414308 1.0000 1.0000 1.0000
v 0.679788 0.048920 -0.354284 1.0000 1.0000 1.0000
v 0.683296 0.017021 -0.369221 1.0000 1.0000 1.0000
v 0.670186 0.026040 -0.425206 1.0000 1.0000 1.0000
v 0.658561 0.074813 -0.421910 1.0000 1.0000 1.0000
v 0.728216 0.191396 -0.352045 1.0000 1.0000 1.0000
v 0.705203 0.269763 -0.367620 1.0000 1.0000 1.0000
v 0.696959 0.265635 -0.417477 1.0000 1.0000 1.0000
v 0.706476 0.201649 -0.454454 1.0000 1.0000 1.0000
v 0.701718 0.233642 -0.435966 1.0000 1.0000 1.0000
v 0.721472 0.165414 -0.351183 1.0000 1.0000 1.0000
v 0.690488 0.238399 -0.416874 1.0000 1.0000 1.0000
v 0.821399 0.189665 -0.355299 1.0000 1.0000 1.0000
v 0.698426 0.243786 -0.366928 1.0000 1.0000 1.0000
v 0.793105 0.199880 -0.492883 1.0000 1.0000 1.0000
v 0.700005 0.174414 -0.453850 1.0000 1.0000 1.0000
v 0.695247 0.206407 -0.435362 1.0000 1.0000 1.0000
v -0.142910 0.050611 -0.119797 1.0000 1.0000 1.0000
v -0.090909 0.043452 -0.119984 1.0000 1.0000 1.0000
v -0.116766 0.045222 -0.117505 1.0000 1.0000 1.0000
v -0.218334 0.175816 -0.175531 1.0000 1.0000 1.0000
v -0.149394 0.174192 -0.187873 1.0000 1.0000 1.0000
v -0.184513 0.178561 -0.179374 1.0000 1.0000 1.0000
v -0.121650 0.264292 -0.082557 1.0000 1.0000 1.0000
v -0.056053 0.257381 -0.095253 1.0000 1.0000 1.0000
v -0.084855 0.262381 -0.086357 1.0000 1.0000 1.0000
v -0.052400 0.135324 -0.029943 1.0000 1.0000 1.0000
v -0.034091 0.131385 -0.046972 1.0000 1.0000 1.0000
v -0.046323 0.134156 -0.038215 1.0000 1.0000 1.0000
v -0.137811 0.104999 -0.171231 1.0000 1.0000 1.0000
v -0.193137 0.112592 -0.162235 1.0000 1.0000 1.0000
v -0.163406 0.108000 -0.167257 1.0000 1.0000 1.0000
v -0.104640 0.227311 -0.143837 1.0000 1.0000 1.0000
v -0.177673 0.228415 -0.131283 1.0000 1.0000 1.0000
v -0.139961 0.232164 -0.133573 1.0000 1.0000 1.0000
v -0.097526 0.011283 -0.041945 1.0000 1.0000 1.0000
v -0.067294 0.038032 -0.037214 1.0000 1.0000 1.0000
v -0.039767 0.227768 -0.005211 1.0000 1.0000 1.0000
v -0.078069 0.262529 0.004035 1.0000 1.0000 1.0000
v 0.615595 -0.014796 -0.317520 1.0000 1.0000 1.0000
v 0.601980 -0.034627 -0.349252 1.0000 1.0000 1.0000
v 0.621019 0.148658 -0.340652 1.0000 1.0000 1.0000
v 0.629925 0.122411 -0.310876 1.0000 1.0000 1.0000
v 0.255053 -0.021795 -0.233355 1.0000 1.0000 1.0000
v 0.269384 -0.006665 -0.200227 1.0000 1.0000 1.0000
v 0.300718 0.153378 -0.173180 1.0000 1.0000 1.0000
v 0.296404 0.184375 -0.195886 1.0000 1.0000 1.0000
v 0.259598 0.190238 -0.188239 1.0000 1.0000 1.0000
v 0.261969 0.161759 -0.157460 1.0000 1.0000 1.0000
v 0.328977 0.178989 -0.217017 1.0000 1.0000 1.0000
v 0.340030 0.149905 -0.189507 1.0000 1.0000 1.0000
v 0.225570 -0.002096 -0.183038 1.0000 1.0000 1.0000
v 0.210800 -0.017204 -0.215698 1.0000 1.0000 1.0000
v 0.315437 -0.008373 -0.214228 1.0000 1.0000 1.0000
v 0.301750 -0.024415 -0.247296 1.0000 1.0000 1.0000
v 0.277483 0.187378 -0.190966 1.0000 1.0000 1.0000
v 0.282695 0.156930 -0.165905 1.0000 1.0000 1.0000
v 0.318881 0.151201 -0.180646 1.0000 1.0000 1.0000
v 0.313909 0.181428 -0.205576 1.0000 1.0000 1.0000
v 0.248643 -0.004853 -0.192430 1.0000 1.0000 1.0000
v 0.234033 -0.019881 -0.225395 1.0000 1.0000 1.0000
v 0.276886 -0.023379 -0.240344 1.0000 1.0000 1.0000
v 0.290897 -0.007935 -0.207175 1.0000 1.0000 1.0000
v -0.069986 0.022807 -0.085526 1.0000 1.0000 1.0000
v -0.053635 0.040251 -0.049351 1.0000 1.0000 1.0000
v -0.067281 0.037130 -0.042032 1.0000 1.0000 1.0000
v -0.096890 0.014665 -0.058371 1.0000 1.0000 1.0000
v -0.083750 0.020571 -0.077813 1.0000 1.0000 1.0000
v -0.063767 0.038979 -0.045374 1.0000 1.0000 1.0000
v -0.075556 0.265231 -0.009944 1.0000 1.0000 1.0000
v -0.037025 0.230323 -0.013356 1.0000 1.0000 1.0000
v -0.015412 0.225264 -0.044333 1.0000 1.0000 1.0000
v -0.032186 0.256621 -0.067014 1.0000 1.0000 1.0000
v -0.028568 0.228486 -0.031276 1.0000 1.0000 1.0000
v -0.049060 0.260571 -0.052004 1.0000 1.0000 1.0000
v -0.737163 0.073165 -0.070821 1.0000 1.0000 1.0000
v -0.749373 0.079627 -0.062683 1.0000 1.0000 1.0000
v -0.736469 0.064553 -0.051767 1.0000 1.0000 1.0000
v -0.748934 0.071712 -0.047671 1.0000 1.0000 1.0000
v -0.741340 0.141495 -0.031203 1.0000 1.0000 1.0000
v -0.750874 0.133478 -0.026683 1.0000 1.0000 1.0000
v -0.741383 0.140781 -0.054814 1.0000 1.0000 1.0000
v -0.749207 0.135049 -0.045558 1.0000 1.0000 1.0000
v -0.742131 0.140164 -0.008056 1.0000 1.0000 1.0000
v -0.753739 0.130180 -0.007933 1.0000 1.0000 1.0000
v -0.735640 0.054536 -0.029090 1.0000 1.0000 1.0000
v -0.748388 0.062974 -0.029860 1.0000 1.0000 1.0000
v -0.738853 0.091262 -0.078141 1.0000 1.0000 1.0000
v -0.750523 0.094179 -0.065524 1.0000 1.0000 1.0000
v -0.741459 0.125289 -0.070749 1.0000 1.0000 1.0000
v -0.749767 0.123222 -0.057527 1.0000 1.0000 1.0000
v -0.740577 0.108906 -0.083418 1.0000 1.0000 1.0000
v -0.750987 0.110540 -0.068870 1.0000 1.0000 1.0000
v 0.695011 0.019880 -0.371486 1.0000 1.0000 1.0000
v 0.690490 0.004311 -0.417118 1.0000 1.0000 1.0000
v 0.673922 0.053639 -0.438085 1.0000 1.0000 1.0000
v 0.666725 0.102021 -0.410125 1.0000 1.0000 1.0000
v 0.671704 0.110299 -0.372062 1.0000 1.0000 1.0000
v 0.689902 0.050945 -0.356148 1.0000 1.0000 1.0000
v 0.700332 0.001064 -0.368839 1.0000 1.0000 1.0000
v 0.693302 -0.011257 -0.423452 1.0000 1.0000 1.0000
v 0.671391 0.053979 -0.451180 1.0000 1.0000 1.0000
v 0.661874 0.117965 -0.414204 1.0000 1.0000 1.0000
v 0.668458 0.128912 -0.363866 1.0000 1.0000 1.0000
v 0.691648 0.050524 -0.347372 1.0000 1.0000 1.0000
v 0.861690 0.009790 -0.386705 1.0000 1.0000 1.0000
v 0.849457 0.002803 -0.461865 1.0000 1.0000 1.0000
v 0.819015 0.093435 -0.500388 1.0000 1.0000 1.0000
v 0.805793 0.182330 -0.449016 1.0000 1.0000 1.0000
v 0.815127 0.197516 -0.378118 1.0000 1.0000 1.0000
v 0.846100 0.088764 -0.361662 1.0000 1.0000 1.0000
v 0.713034 0.229250 -0.455066 1.0000 1.0000 1.0000
v 0.703517 0.293236 -0.418089 1.0000 1.0000 1.0000
v 0.712071 0.296090 -0.368322 1.0000 1.0000 1.0000
v 0.735051 0.217727 -0.352919 1.0000 1.0000 1.0000
v 0.781307 0.248347 -0.489467 1.0000 1.0000 1.0000
v 0.768086 0.337242 -0.438095 1.0000 1.0000 1.0000
v 0.779203 0.344358 -0.368731 1.0000 1.0000 1.0000
v 0.810152 0.235608 -0.352402 1.0000 1.0000 1.0000
v 0.682206 0.028975 -0.427601 1.0000 1.0000 1.0000
v 0.682347 0.021361 -0.437316 1.0000 1.0000 1.0000
v 0.834236 0.048119 -0.481126 1.0000 1.0000 1.0000
v 0.670324 0.077830 -0.424105 1.0000 1.0000 1.0000
v 0.666632 0.085972 -0.432692 1.0000 1.0000 1.0000
v 0.812404 0.137883 -0.474702 1.0000 1.0000 1.0000
v 0.708275 0.261243 -0.436578 1.0000 1.0000 1.0000
v 0.774696 0.292795 -0.463781 1.0000 1.0000 1.0000
v 0.697709 0.010341 -0.370144 1.0000 1.0000 1.0000
v 0.691916 -0.003581 -0.420329 1.0000 1.0000 1.0000
v 0.682277 0.025115 -0.432527 1.0000 1.0000 1.0000
v 0.672638 0.053811 -0.444724 1.0000 1.0000 1.0000
v 0.668452 0.081958 -0.428458 1.0000 1.0000 1.0000
v 0.664266 0.110104 -0.412193 1.0000 1.0000 1.0000
v 0.670058 0.119736 -0.367907 1.0000 1.0000 1.0000
v 0.690787 0.050731 -0.351699 1.0000 1.0000 1.0000
v 0.728216 0.191396 -0.352045 1.0000 1.0000 1.0000
v 0.815813 0.212484 -0.353860 1.0000 1.0000 1.0000
v 0.788645 0.305764 -0.371198 1.0000 1.0000 1.0000
v 0.705203 0.269763 -0.367620 1.0000 1.0000 1.0000
v 0.696959 0.265635 -0.417477 1.0000 1.0000 1.0000
v 0.787246 0.223952 -0.491186 1.0000 1.0000 1.0000
v 0.777996 0.296527 -0.440965 1.0000 1.0000 1.0000
v 0.706476 0.201649 -0.454454 1.0000 1.0000 1.0000
v 0.701718 0.233642 -0.435966 1.0000 1.0000 1.0000
v 0.782202 0.261960 -0.465955 1.0000 1.0000 1.0000
v 0.721472 0.165414 -0.351183 1.0000 1.0000 1.0000
v 0.690488 0.238399 -0.416874 1.0000 1.0000 1.0000
v 0.796770 0.219402 -0.446402 1.0000 1.0000 1.0000
v 0.821399 0.189665 -0.355299 1.0000 1.0000 1.0000
v 0.806530 0.232657 -0.375872 1.0000 1.0000 1.0000
v 0.698426 0.243786 -0.366928 1.0000 1.0000 1.0000
v 0.793105 0.199880 -0.492883 1.0000 1.0000 1.0000
v 0.700005 0.174414 -0.453851 1.0000 1.0000 1.0000
v 0.695247 0.206407 -0.435362 1.0000 1.0000 1.0000
v 0.794656 0.210798 -0.469561 1.0000 1.0000 1.0000
v 0.290243 0.111690 0.027874 0.0000 0.0000 0.0000
v 0.251836 0.113720 0.024992 0.0000 0.0000 0.0000
v 0.327107 0.114749 0.024859 0.0000 0.0000 0.0000
v 0.272744 0.112356 0.027117 0.0000 0.0000 0.0000
v 0.306374 0.112473 0.027068 0.0000 0.0000 0.0000
v -0.054009 0.134410 -0.018109 0.0000 0.0000 0.0000
v -0.552959 0.001775 0.032951 1.0000 1.0000 1.0000
v -0.610731 0.015019 0.119831 1.0000 1.0000 1.0000
v -0.577513 0.074157 0.144025 1.0000 1.0000 1.0000
v -0.639169 0.143004 0.150551 1.0000 1.0000 1.0000
v -0.570547 0.227046 0.072411 1.0000 1.0000 1.0000
v -0.253641 0.027683 0.029353 1.0000 1.0000 1.0000
v -0.253181 0.028473 0.089387 1.0000 1.0000 1.0000
v -0.253577 0.107326 0.151032 1.0000 1.0000 1.0000
v -0.253825 0.211607 0.124964 1.0000 1.0000 1.0000
v -0.254393 0.246795 0.068612 1.0000 1.0000 1.0000
v -0.722655 -0.003594 0.028787 1.0000 1.0000 1.0000
v -0.722015 -0.004464 0.087498 1.0000 1.0000 1.0000
v -0.728399 0.062903 0.161711 1.0000 1.0000 1.0000
v -0.726747 0.156079 0.128524 1.0000 1.0000 1.0000
v -0.722646 0.187727 0.061417 1.0000 1.0000 1.0000
v -0.569013 0.076992 0.145282 1.0000 1.0000 1.0000
v -0.552239 -0.000548 0.096574 1.0000 1.0000 1.0000
v -0.569060 0.193959 0.133651 1.0000 1.0000 1.0000
v -0.716860 0.061111 0.182176 1.0000 1.0000 1.0000
v -0.680352 0.138703 0.161880 1.0000 1.0000 1.0000
v -0.670431 0.006665 0.134372 1.0000 1.0000 1.0000
v -0.446238 0.096777 0.331412 1.0000 1.0000 1.0000
v -0.471559 0.047386 0.354872 1.0000 1.0000 1.0000
v -0.442163 0.088726 0.280828 1.0000 1.0000 1.0000
v -0.436851 0.008507 0.286805 1.0000 1.0000 1.0000
v -0.462785 0.001270 0.328515 1.0000 1.0000 1.0000
v -0.436935 0.066020 0.269056 1.0000 1.0000 1.0000
v -0.337120 0.074528 0.312551 1.0000 1.0000 1.0000
v -0.346580 0.054866 0.333334 1.0000 1.0000 1.0000
v -0.347946 0.068945 0.278669 1.0000 1.0000 1.0000
v -0.190942 0.000340 0.286868 1.0000 1.0000 1.0000
v -0.346046 0.024379 0.323132 1.0000 1.0000 1.0000
v -0.347190 0.041309 0.280251 1.0000 1.0000 1.0000
v -0.189360 0.084008 0.292983 1.0000 1.0000 1.0000
v -0.188121 0.051660 0.327111 1.0000 1.0000 1.0000
v -0.191763 0.057015 0.254628 1.0000 1.0000 1.0000
v -0.336407 0.019185 0.298944 1.0000 1.0000 1.0000
v -0.188705 0.018577 0.324583 1.0000 1.0000 1.0000
v -0.192165 0.035751 0.253073 1.0000 1.0000 1.0000
v -0.112843 0.058415 0.287141 1.0000 1.0000 1.0000
v -0.113362 0.028134 0.300864 1.0000 1.0000 1.0000
v -0.126577 0.065854 0.308799 1.0000 1.0000 1.0000
v -0.108321 0.042560 0.264361 1.0000 1.0000 1.0000
v -0.126899 0.039586 0.320710 1.0000 1.0000 1.0000
v -0.108663 0.021191 0.274055 1.0000 1.0000 1.0000
v -0.015763 0.046135 0.311723 1.0000 1.0000 1.0000
v -0.074033 0.079661 0.334861 1.0000 1.0000 1.0000
v -0.074492 0.050801 0.347956 1.0000 1.0000 1.0000
v -0.053647 0.039843 0.321488 1.0000 1.0000 1.0000
v -0.042112 0.028681 0.293427 1.0000 1.0000 1.0000
v -0.041764 0.052157 0.282764 1.0000 1.0000 1.0000
v -0.053228 0.069020 0.308227 1.0000 1.0000 1.0000
v -0.058233 0.012718 0.270015 1.0000 1.0000 1.0000
v -0.057647 0.026807 0.262277 1.0000 1.0000 1.0000
v -0.032431 0.019881 0.285914 1.0000 1.0000 1.0000
v -0.031875 0.034379 0.277869 1.0000 1.0000 1.0000
v -0.016365 0.005037 0.267598 1.0000 1.0000 1.0000
v -0.015852 0.014241 0.261810 1.0000 1.0000 1.0000
v -0.014278 0.013357 0.281214 1.0000 1.0000 1.0000
v -0.013581 0.022479 0.275559 1.0000 1.0000 1.0000
v -0.015050 0.067228 0.301901 1.0000 1.0000 1.0000
v -0.031625 0.058750 0.344277 1.0000 1.0000 1.0000
v -0.558491 0.035908 0.125941 1.0000 1.0000 1.0000
v -0.253482 0.067546 0.121424 1.0000 1.0000 1.0000
v -0.700744 0.027761 0.167834 1.0000 1.0000 1.0000
v -0.587709 0.042210 0.134772 1.0000 1.0000 1.0000
v -0.728999 0.025933 0.132702 1.0000 1.0000 1.0000
v -0.457125 0.074181 0.345465 1.0000 1.0000 1.0000
v -0.450298 0.004993 0.307162 1.0000 1.0000 1.0000
v -0.188513 0.074674 0.311985 1.0000 1.0000 1.0000
v -0.189797 0.006775 0.307022 1.0000 1.0000 1.0000
v -0.341909 0.064376 0.320365 1.0000 1.0000 1.0000
v -0.342099 0.021240 0.308130 1.0000 1.0000 1.0000
v -0.119933 0.062351 0.297433 1.0000 1.0000 1.0000
v -0.120327 0.033208 0.310580 1.0000 1.0000 1.0000
v -0.030141 0.084707 0.333252 1.0000 1.0000 1.0000
v -0.063391 0.075158 0.321476 1.0000 1.0000 1.0000
v -0.063898 0.045655 0.334855 1.0000 1.0000 1.0000
v -0.019517 0.077655 0.318244 1.0000 1.0000 1.0000
v -0.571039 0.135509 0.136523 1.0000 1.0000 1.0000
v -0.253685 0.157605 0.138907 1.0000 1.0000 1.0000
v -0.709036 0.098832 0.184815 1.0000 1.0000 1.0000
v -0.598796 0.115264 0.137498 1.0000 1.0000 1.0000
v -0.730995 0.109649 0.145608 1.0000 1.0000 1.0000
v -0.449128 0.100561 0.308308 1.0000 1.0000 1.0000
v -0.434542 0.029347 0.272747 1.0000 1.0000 1.0000
v -0.190505 0.077573 0.272830 1.0000 1.0000 1.0000
v -0.191789 0.009675 0.267867 1.0000 1.0000 1.0000
v -0.344533 0.073225 0.303251 1.0000 1.0000 1.0000
v -0.343181 0.029839 0.287438 1.0000 1.0000 1.0000
v -0.110664 0.050638 0.276261 1.0000 1.0000 1.0000
v -0.111094 0.024895 0.287933 1.0000 1.0000 1.0000
v -0.011841 0.055767 0.284234 1.0000 1.0000 1.0000
v -0.045693 0.060900 0.295956 1.0000 1.0000 1.0000
v -0.046044 0.034974 0.307743 1.0000 1.0000 1.0000
v -0.012427 0.037655 0.292415 1.0000 1.0000 1.0000
v -0.020372 0.052558 0.329632 1.0000 1.0000 1.0000
v -0.042187 0.065299 0.361039 1.0000 1.0000 1.0000
v -0.041061 0.090355 0.350155 1.0000 1.0000 1.0000
v 0.059510 0.031383 0.311372 1.0000 1.0000 1.0000
v 0.057635 0.034790 0.320908 1.0000 1.0000 1.0000
v 0.064888 0.048221 0.317808 1.0000 1.0000 1.0000
v 0.065982 0.043709 0.308449 1.0000 1.0000 1.0000
v 0.064264 0.044751 0.344449 1.0000 1.0000 1.0000
v 0.061585 0.047643 0.353698 1.0000 1.0000 1.0000
v 0.069825 0.062459 0.350380 1.0000 1.0000 1.0000
v 0.071517 0.058181 0.341349 1.0000 1.0000 1.0000
v 0.040080 0.055895 0.370946 1.0000 1.0000 1.0000
v 0.035230 0.059764 0.378822 1.0000 1.0000 1.0000
v 0.043625 0.074784 0.375476 1.0000 1.0000 1.0000
v 0.048319 0.070711 0.367628 1.0000 1.0000 1.0000
v 0.019447 0.064930 0.388310 1.0000 1.0000 1.0000
v 0.013813 0.068755 0.396055 1.0000 1.0000 1.0000
v 0.021998 0.083492 0.392750 1.0000 1.0000 1.0000
v 0.027842 0.079950 0.384964 1.0000 1.0000 1.0000
v 0.010502 0.044678 0.314003 1.0000 1.0000 1.0000
v 0.033341 0.041193 0.316694 1.0000 1.0000 1.0000
v 0.035680 0.036252 0.304095 1.0000 1.0000 1.0000
v 0.013434 0.038464 0.298274 1.0000 1.0000 1.0000
v 0.015384 0.064559 0.306848 1.0000 1.0000 1.0000
v 0.038903 0.057515 0.311463 1.0000 1.0000 1.0000
v 0.017643 0.055729 0.292047 1.0000 1.0000 1.0000
v 0.040505 0.050709 0.299418 1.0000 1.0000 1.0000
v 0.010151 0.053763 0.338283 1.0000 1.0000 1.0000
v 0.036256 0.052477 0.346123 1.0000 1.0000 1.0000
v 0.039630 0.048311 0.333837 1.0000 1.0000 1.0000
v 0.014367 0.048616 0.322886 1.0000 1.0000 1.0000
v 0.015064 0.076752 0.329458 1.0000 1.0000 1.0000
v 0.042255 0.071306 0.339660 1.0000 1.0000 1.0000
v 0.018561 0.068322 0.315317 1.0000 1.0000 1.0000
v 0.044796 0.064724 0.328177 1.0000 1.0000 1.0000
v -0.006661 0.061917 0.355743 1.0000 1.0000 1.0000
v 0.013752 0.062409 0.366029 1.0000 1.0000 1.0000
v 0.020262 0.057509 0.355431 1.0000 1.0000 1.0000
v 0.001451 0.055832 0.342467 1.0000 1.0000 1.0000
v -0.000876 0.085682 0.347390 1.0000 1.0000 1.0000
v 0.020323 0.081553 0.360145 1.0000 1.0000 1.0000
v 0.007125 0.079103 0.334291 1.0000 1.0000 1.0000
v 0.026713 0.076289 0.349660 1.0000 1.0000 1.0000
v -0.022747 0.069065 0.371540 1.0000 1.0000 1.0000
v -0.005727 0.070305 0.382234 1.0000 1.0000 1.0000
v 0.001855 0.065593 0.371766 1.0000 1.0000 1.0000
v -0.013290 0.063259 0.358406 1.0000 1.0000 1.0000
v -0.016592 0.092235 0.363641 1.0000 1.0000 1.0000
v 0.000929 0.088828 0.376697 1.0000 1.0000 1.0000
v -0.006914 0.087122 0.350291 1.0000 1.0000 1.0000
v 0.008752 0.084616 0.366106 1.0000 1.0000 1.0000
v 0.012459 0.002342 0.276575 1.0000 1.0000 1.0000
v 0.013606 0.010422 0.270097 1.0000 1.0000 1.0000
v 0.004524 0.009174 0.283169 1.0000 1.0000 1.0000
v 0.005589 0.016729 0.277130 1.0000 1.0000 1.0000
v -0.739215 0.031510 0.009738 1.0000 1.0000 1.0000
v -0.740569 0.031156 0.047690 1.0000 1.0000 1.0000
v -0.744772 0.072379 0.089213 1.0000 1.0000 1.0000
v -0.750201 0.134900 0.071316 1.0000 1.0000 1.0000
v -0.746393 0.153241 0.030876 1.0000 1.0000 1.0000
v -0.742648 0.051466 0.068753 1.0000 1.0000 1.0000
v -0.749528 0.102612 0.082207 1.0000 1.0000 1.0000
v -0.808181 0.068842 -0.044062 1.0000 1.0000 1.0000
v -0.809804 0.061524 -0.032771 1.0000 1.0000 1.0000
v -0.811178 0.069711 -0.009726 1.0000 1.0000 1.0000
v -0.810716 0.097170 -0.000385 1.0000 1.0000 1.0000
v -0.809877 0.114031 -0.007432 1.0000 1.0000 1.0000
v -0.810251 0.066025 -0.021661 1.0000 1.0000 1.0000
v -0.811033 0.083942 -0.005153 1.0000 1.0000 1.0000
v -0.732925 0.026291 0.044796 1.0000 1.0000 1.0000
v -0.733110 0.025262 0.007647 1.0000 1.0000 1.0000
v -0.741700 0.155618 0.032403 1.0000 1.0000 1.0000
v -0.742281 0.138987 0.066630 1.0000 1.0000 1.0000
v -0.734809 0.047861 0.076775 1.0000 1.0000 1.0000
v -0.740886 0.103468 0.087904 1.0000 1.0000 1.0000
v -0.737046 0.071590 0.096579 1.0000 1.0000 1.0000
v -0.736496 0.062297 0.008938 1.0000 1.0000 1.0000
v -0.736427 0.062455 -0.008201 1.0000 1.0000 1.0000
v -0.742823 0.123594 0.006777 1.0000 1.0000 1.0000
v -0.742714 0.115020 0.022636 1.0000 1.0000 1.0000
v -0.737636 0.074059 0.018787 1.0000 1.0000 1.0000
v -0.740485 0.100190 0.025341 1.0000 1.0000 1.0000
v -0.738737 0.085462 0.028913 1.0000 1.0000 1.0000
v -1.102083 0.085661 -0.067146 1.0000 1.0000 1.0000
v -1.102242 0.079290 -0.053723 1.0000 1.0000 1.0000
v -1.102145 0.084656 -0.023890 1.0000 1.0000 1.0000
v -1.101606 0.108608 -0.006034 1.0000 1.0000 1.0000
v -1.101235 0.124642 -0.005925 1.0000 1.0000 1.0000
v -1.102304 0.077186 -0.038820 1.0000 1.0000 1.0000
v -1.101928 0.094520 -0.010349 1.0000 1.0000 1.0000
v -0.899540 -0.008282 -0.093336 1.0000 1.0000 1.0000
v -0.809721 0.056407 -0.038276 1.0000 1.0000 1.0000
v -0.866244 -0.005502 -0.086586 1.0000 1.0000 1.0000
v -0.836692 0.009141 -0.074164 1.0000 1.0000 1.0000
v -0.816881 0.031406 -0.057287 1.0000 1.0000 1.0000
v -0.808018 0.063488 -0.053212 1.0000 1.0000 1.0000
v -0.898841 0.011240 -0.123971 1.0000 1.0000 1.0000
v -0.815200 0.040389 -0.074466 1.0000 1.0000 1.0000
v -0.835307 0.022264 -0.097790 1.0000 1.0000 1.0000
v -0.865363 0.011844 -0.114682 1.0000 1.0000 1.0000
v -0.896310 0.145462 0.088476 1.0000 1.0000 1.0000
v -0.809611 0.121490 0.000863 1.0000 1.0000 1.0000
v -0.863011 0.140615 0.086859 1.0000 1.0000 1.0000
v -0.834793 0.135489 0.071489 1.0000 1.0000 1.0000
v -0.815964 0.130314 0.044361 1.0000 1.0000 1.0000
v -0.810400 0.101626 0.005862 1.0000 1.0000 1.0000
v -0.897278 0.103699 0.090030 1.0000 1.0000 1.0000
v -0.816844 0.105160 0.043063 1.0000 1.0000 1.0000
v -0.835544 0.102930 0.068673 1.0000 1.0000 1.0000
v -0.863897 0.102291 0.085704 1.0000 1.0000 1.0000
v -0.899702 -0.001729 -0.039918 1.0000 1.0000 1.0000
v -0.810919 0.057409 -0.021760 1.0000 1.0000 1.0000
v -0.866202 0.004768 -0.039915 1.0000 1.0000 1.0000
v -0.837664 0.017860 -0.036962 1.0000 1.0000 1.0000
v -0.818616 0.036357 -0.029285 1.0000 1.0000 1.0000
v -0.898324 0.057239 0.056943 1.0000 1.0000 1.0000
v -0.811356 0.082622 0.002713 1.0000 1.0000 1.0000
v -0.864818 0.061182 0.051213 1.0000 1.0000 1.0000
v -0.836734 0.067687 0.040061 1.0000 1.0000 1.0000
v -0.817718 0.076778 0.023062 1.0000 1.0000 1.0000
v -0.811604 0.063989 -0.005511 1.0000 1.0000 1.0000
v -0.899149 0.019993 0.014912 1.0000 1.0000 1.0000
v -0.818752 0.047253 0.001233 1.0000 1.0000 1.0000
v -0.837571 0.035890 0.006576 1.0000 1.0000 1.0000
v -0.865954 0.025984 0.012245 1.0000 1.0000 1.0000
v -1.102440 0.070601 -0.057706 1.0000 1.0000 1.0000
v -1.016872 -0.005757 -0.094705 1.0000 1.0000 1.0000
v -1.096474 0.040725 -0.071068 1.0000 1.0000 1.0000
v -1.078137 0.014923 -0.082276 1.0000 1.0000 1.0000
v -1.050208 -0.002428 -0.089913 1.0000 1.0000 1.0000
v -1.016355 0.015357 -0.125953 1.0000 1.0000 1.0000
v -1.102197 0.080557 -0.072071 1.0000 1.0000 1.0000
v -1.049694 0.018634 -0.120390 1.0000 1.0000 1.0000
v -1.077699 0.032803 -0.108601 1.0000 1.0000 1.0000
v -1.096125 0.054981 -0.091913 1.0000 1.0000 1.0000
v -1.101195 0.126620 0.000816 1.0000 1.0000 1.0000
v -1.013458 0.148507 0.081248 1.0000 1.0000 1.0000
v -1.094396 0.134465 0.032313 1.0000 1.0000 1.0000
v -1.075350 0.140748 0.059066 1.0000 1.0000 1.0000
v -1.046931 0.145541 0.076338 1.0000 1.0000 1.0000
v -1.014401 0.107993 0.087230 1.0000 1.0000 1.0000
v -1.101618 0.108468 0.003654 1.0000 1.0000 1.0000
v -1.047858 0.105755 0.082708 1.0000 1.0000 1.0000
v -1.076145 0.106605 0.064242 1.0000 1.0000 1.0000
v -1.095020 0.107660 0.036416 1.0000 1.0000 1.0000
v -1.102435 0.071564 -0.038767 1.0000 1.0000 1.0000
v -1.016859 -0.003061 -0.038804 1.0000 1.0000 1.0000
v -1.096442 0.043377 -0.038645 1.0000 1.0000 1.0000
v -1.078073 0.019347 -0.038641 1.0000 1.0000 1.0000
v -1.050126 0.003104 -0.038738 1.0000 1.0000 1.0000
v -1.101986 0.092216 -0.005441 1.0000 1.0000 1.0000
v -1.015486 0.060102 0.060924 1.0000 1.0000 1.0000
v -1.095642 0.080186 0.020164 1.0000 1.0000 1.0000
v -1.076974 0.069921 0.041727 1.0000 1.0000 1.0000
v -1.048825 0.062955 0.055984 1.0000 1.0000 1.0000
v -1.016407 0.018661 0.017414 1.0000 1.0000 1.0000
v -1.102303 0.077967 -0.019580 1.0000 1.0000 1.0000
v -1.049705 0.023335 0.014870 1.0000 1.0000 1.0000
v -1.077727 0.036078 0.007055 1.0000 1.0000 1.0000
v -1.096197 0.055221 -0.005015 1.0000 1.0000 1.0000
v -0.414026 0.018440 0.027802 1.0000 1.0000 1.0000
v -0.420580 0.018786 0.085672 1.0000 1.0000 1.0000
v -0.433196 0.100014 0.143077 1.0000 1.0000 1.0000
v -0.427599 0.202993 0.122037 1.0000 1.0000 1.0000
v -0.420850 0.235824 0.066640 1.0000 1.0000 1.0000
v -0.425218 0.058063 0.115427 1.0000 1.0000 1.0000
v -0.428907 0.150922 0.133759 1.0000 1.0000 1.0000
v -0.958291 -0.007113 -0.094653 1.0000 1.0000 1.0000
v -0.957774 0.014001 -0.125901 1.0000 1.0000 1.0000
v -0.958275 -0.004278 -0.038841 1.0000 1.0000 1.0000
v -0.954877 0.147153 0.081298 1.0000 1.0000 1.0000
v -0.955819 0.106685 0.087250 1.0000 1.0000 1.0000
v -0.956905 0.058737 0.060982 1.0000 1.0000 1.0000
v -0.957822 0.017460 0.017366 1.0000 1.0000 1.0000
v -0.895619 0.175164 0.084615 1.0000 1.0000 1.0000
v -0.423550 0.070943 0.340948 1.0000 1.0000 1.0000
v -0.496083 0.067694 0.332369 1.0000 1.0000 1.0000
v -0.504174 0.035931 0.329521 1.0000 1.0000 1.0000
v -0.423679 0.045515 0.349517 1.0000 1.0000 1.0000
v -0.419630 0.097078 0.299841 1.0000 1.0000 1.0000
v -0.480558 0.103701 0.299608 1.0000 1.0000 1.0000
v -0.486608 0.096902 0.325033 1.0000 1.0000 1.0000
v -0.412054 0.095524 0.323295 1.0000 1.0000 1.0000
v -0.425085 0.007858 0.312332 1.0000 1.0000 1.0000
v -0.470380 0.005129 0.295684 1.0000 1.0000 1.0000
v -0.488956 0.004457 0.308180 1.0000 1.0000 1.0000
v -0.426719 0.008607 0.331428 1.0000 1.0000 1.0000
v -0.414842 0.026165 0.274616 1.0000 1.0000 1.0000
v -0.449533 0.032975 0.255793 1.0000 1.0000 1.0000
v -0.459918 0.007725 0.275211 1.0000 1.0000 1.0000
v -0.411736 0.006381 0.289866 1.0000 1.0000 1.0000
v -0.456447 0.075174 0.253088 1.0000 1.0000 1.0000
v -0.421719 0.061953 0.268227 1.0000 1.0000 1.0000
v -0.467807 0.096508 0.267967 1.0000 1.0000 1.0000
v -0.423455 0.084326 0.278392 1.0000 1.0000 1.0000
v -0.437678 0.072961 0.344202 1.0000 1.0000 1.0000
v -0.479450 0.072320 0.340882 1.0000 1.0000 1.0000
v -0.493134 0.040852 0.341442 1.0000 1.0000 1.0000
v -0.440207 0.047295 0.355458 1.0000 1.0000 1.0000
v -0.434313 0.098998 0.305098 1.0000 1.0000 1.0000
v -0.465250 0.102518 0.305231 1.0000 1.0000 1.0000
v -0.468884 0.097604 0.330080 1.0000 1.0000 1.0000
v -0.427630 0.096152 0.327609 1.0000 1.0000 1.0000
v -0.436384 0.006160 0.310162 1.0000 1.0000 1.0000
v -0.463223 0.004418 0.304068 1.0000 1.0000 1.0000
v -0.479910 0.003333 0.319718 1.0000 1.0000 1.0000
v -0.441477 0.003967 0.331661 1.0000 1.0000 1.0000
v -0.424347 0.028251 0.275273 1.0000 1.0000 1.0000
v -0.441111 0.029828 0.266198 1.0000 1.0000 1.0000
v -0.449213 0.007858 0.282362 1.0000 1.0000 1.0000
v -0.423494 0.007713 0.289654 1.0000 1.0000 1.0000
v -0.443227 0.070610 0.261844 1.0000 1.0000 1.0000
v -0.429730 0.064670 0.270936 1.0000 1.0000 1.0000
v -0.453773 0.092797 0.274835 1.0000 1.0000 1.0000
v -0.433832 0.086837 0.281431 1.0000 1.0000 1.0000
v -0.795716 0.059781 -0.018285 1.0000 1.0000 1.0000
v -0.809785 0.058787 -0.035676 1.0000 1.0000 1.0000
v -0.793938 0.064874 -0.031374 1.0000 1.0000 1.0000
v -0.808096 0.065926 -0.048882 1.0000 1.0000 1.0000
v -0.796727 0.114556 -0.003994 1.0000 1.0000 1.0000
v -0.809732 0.118039 -0.003102 1.0000 1.0000 1.0000
v -0.798090 0.099413 0.005663 1.0000 1.0000 1.0000
v -0.810560 0.099579 0.002889 1.0000 1.0000 1.0000
v -0.797194 0.066399 -0.010075 1.0000 1.0000 1.0000
v -0.810571 0.061383 -0.021735 1.0000 1.0000 1.0000
v -0.797887 0.085396 0.002373 1.0000 1.0000 1.0000
v -0.811200 0.083544 -0.000613 1.0000 1.0000 1.0000
v -0.797913 0.070946 0.000031 1.0000 1.0000 1.0000
v -0.811422 0.066684 -0.007503 1.0000 1.0000 1.0000
v -0.802868 0.060516 -0.025962 1.0000 1.0000 1.0000
v -0.809812 0.060473 -0.033877 1.0000 1.0000 1.0000
v -0.801078 0.066783 -0.038086 1.0000 1.0000 1.0000
v -0.808140 0.067705 -0.045907 1.0000 1.0000 1.0000
v -0.803291 0.114174 -0.006046 1.0000 1.0000 1.0000
v -0.809831 0.115592 -0.005790 1.0000 1.0000 1.0000
v -0.804403 0.098137 0.002357 1.0000 1.0000 1.0000
v -0.810661 0.098108 0.000858 1.0000 1.0000 1.0000
v -0.803798 0.066050 -0.016550 1.0000 1.0000 1.0000
v -0.810350 0.064211 -0.021712 1.0000 1.0000 1.0000
v -0.804461 0.084444 -0.001820 1.0000 1.0000 1.0000
v -0.811109 0.083812 -0.003413 1.0000 1.0000 1.0000
v -0.804475 0.070052 -0.005290 1.0000 1.0000 1.0000
v -0.811277 0.068553 -0.008883 1.0000 1.0000 1.0000
v -0.117105 0.063566 0.299011 1.0000 1.0000 1.0000
v -0.131469 0.061525 0.293527 1.0000 1.0000 1.0000
v -0.135085 0.065177 0.306158 1.0000 1.0000 1.0000
v -0.124441 0.067179 0.310676 1.0000 1.0000 1.0000
v -0.107011 0.051381 0.276935 1.0000 1.0000 1.0000
v -0.123647 0.049268 0.270843 1.0000 1.0000 1.0000
v -0.124140 0.057609 0.282400 1.0000 1.0000 1.0000
v -0.109531 0.059361 0.288147 1.0000 1.0000 1.0000
v -0.117426 0.033669 0.312343 1.0000 1.0000 1.0000
v -0.131235 0.031090 0.307198 1.0000 1.0000 1.0000
v -0.135193 0.038157 0.318344 1.0000 1.0000 1.0000
v -0.124779 0.040144 0.322916 1.0000 1.0000 1.0000
v -0.107447 0.025020 0.288889 1.0000 1.0000 1.0000
v -0.122425 0.022363 0.283777 1.0000 1.0000 1.0000
v -0.124556 0.025508 0.297131 1.0000 1.0000 1.0000
v -0.110058 0.028424 0.302169 1.0000 1.0000 1.0000
v -0.120030 0.018753 0.269448 1.0000 1.0000 1.0000
v -0.104877 0.021088 0.274659 1.0000 1.0000 1.0000
v -0.105751 0.020223 0.273390 1.0000 1.0000 1.0000
v -0.119672 0.041007 0.259352 1.0000 1.0000 1.0000
v -0.104526 0.043077 0.264683 1.0000 1.0000 1.0000
v -0.105388 0.041702 0.263572 1.0000 1.0000 1.0000
v -0.483737 0.010840 0.030344 1.0000 1.0000 1.0000
v -0.486613 0.009884 0.091091 1.0000 1.0000 1.0000
v -0.501529 0.093610 0.143053 1.0000 1.0000 1.0000
v -0.498351 0.199298 0.127649 1.0000 1.0000 1.0000
v -0.495585 0.232314 0.069497 1.0000 1.0000 1.0000
v -0.492148 0.049959 0.118753 1.0000 1.0000 1.0000
v -0.499504 0.145963 0.135967 1.0000 1.0000 1.0000
v -0.337425 0.024764 0.087498 1.0000 1.0000 1.0000
v -0.342605 0.104684 0.148650 1.0000 1.0000 1.0000
v -0.340614 0.208439 0.123454 1.0000 1.0000 1.0000
v -0.337470 0.242165 0.067592 1.0000 1.0000 1.0000
v -0.339720 0.064099 0.118384 1.0000 1.0000 1.0000
v -0.341292 0.155522 0.136323 1.0000 1.0000 1.0000
v -0.334704 0.023358 0.028574 1.0000 1.0000 1.0000
v -0.880315 -0.008069 -0.091298 1.0000 1.0000 1.0000
v -0.879554 0.010651 -0.120744 1.0000 1.0000 1.0000
v -0.876986 0.144154 0.088146 1.0000 1.0000 1.0000
v -0.877937 0.103117 0.089128 1.0000 1.0000 1.0000
v -0.880363 -0.000629 -0.039554 1.0000 1.0000 1.0000
v -0.878956 0.057787 0.055745 1.0000 1.0000 1.0000
v -0.880054 0.021455 0.014999 1.0000 1.0000 1.0000
v -0.889091 0.010965 -0.122464 1.0000 1.0000 1.0000
v -0.887474 0.103405 0.089579 1.0000 1.0000 1.0000
v -0.889329 0.020398 0.014513 1.0000 1.0000 1.0000
v -0.885593 0.184373 0.081983 1.0000 1.0000 1.0000
v -0.889713 -0.008204 -0.092585 1.0000 1.0000 1.0000
v -0.886514 0.144805 0.088311 1.0000 1.0000 1.0000
v -0.889898 -0.001182 -0.039758 1.0000 1.0000 1.0000
v -0.888507 0.057510 0.056344 1.0000 1.0000 1.0000
v -0.928989 -0.007314 -0.094934 1.0000 1.0000 1.0000
v -0.928939 -0.003022 -0.040061 1.0000 1.0000 1.0000
v -0.925593 0.146308 0.084887 1.0000 1.0000 1.0000
v -0.928485 0.018726 0.016139 1.0000 1.0000 1.0000
v -0.928215 0.012353 -0.124754 1.0000 1.0000 1.0000
v -0.926548 0.105192 0.088640 1.0000 1.0000 1.0000
v -0.927615 0.057988 0.058963 1.0000 1.0000 1.0000
v -0.924859 0.177776 0.078233 1.0000 1.0000 1.0000
v -0.272503 0.033884 0.026568 1.0000 1.0000 1.0000
v -0.287926 0.037865 0.077994 1.0000 1.0000 1.0000
v -0.302337 0.112778 0.131805 1.0000 1.0000 1.0000
v -0.288079 0.208737 0.113105 1.0000 1.0000 1.0000
v -0.274144 0.242027 0.063665 1.0000 1.0000 1.0000
v 0.642023 0.079973 0.002886 1.0000 1.0000 1.0000
v 0.642778 0.033693 0.016913 1.0000 1.0000 1.0000
v 0.648190 0.044762 0.071774 1.0000 1.0000 1.0000
v 0.651163 0.095878 0.095933 1.0000 1.0000 1.0000
v 0.650026 0.131520 0.079869 1.0000 1.0000 1.0000
v 0.644009 0.110145 0.019949 1.0000 1.0000 1.0000
v 0.639287 0.016797 -0.016696 1.0000 1.0000 1.0000
v 0.651416 0.023492 0.099078 1.0000 1.0000 1.0000
v 0.652401 0.140487 0.105305 1.0000 1.0000 1.0000
v 0.641355 0.122325 0.000193 1.0000 1.0000 1.0000
v 0.727431 0.080056 -0.004311 1.0000 1.0000 1.0000
v 0.732619 0.033339 0.007340 1.0000 1.0000 1.0000
v 0.743197 0.042423 0.061681 1.0000 1.0000 1.0000
v 0.745654 0.092056 0.088232 1.0000 1.0000 1.0000
v 0.740643 0.128477 0.074429 1.0000 1.0000 1.0000
v 0.729435 0.109730 0.014177 1.0000 1.0000 1.0000
v 0.724269 0.072100 -0.022090 1.0000 1.0000 1.0000
v 0.731394 0.019604 -0.002670 1.0000 1.0000 1.0000
v 0.745384 0.031617 0.069196 1.0000 1.0000 1.0000
v 0.748633 0.097256 0.104308 1.0000 1.0000 1.0000
v 0.742006 0.145423 0.086055 1.0000 1.0000 1.0000
v 0.727942 0.116867 0.008974 1.0000 1.0000 1.0000
v 0.873801 0.073868 -0.085876 1.0000 1.0000 1.0000
v 0.885053 0.007013 -0.050504 1.0000 1.0000 1.0000
v 0.904488 0.023703 0.049338 1.0000 1.0000 1.0000
v 0.909002 0.114895 0.098120 1.0000 1.0000 1.0000
v 0.899635 0.182609 0.072209 1.0000 1.0000 1.0000
v 0.881171 0.137599 -0.031186 1.0000 1.0000 1.0000
v 0.847494 0.129453 0.180868 1.0000 1.0000 1.0000
v 0.850742 0.195093 0.215981 1.0000 1.0000 1.0000
v 0.843035 0.238403 0.191022 1.0000 1.0000 1.0000
v 0.829152 0.208946 0.114565 1.0000 1.0000 1.0000
v 0.925181 0.116654 0.177677 1.0000 1.0000 1.0000
v 0.929695 0.207847 0.226459 1.0000 1.0000 1.0000
v 0.919407 0.269908 0.194394 1.0000 1.0000 1.0000
v 0.900965 0.224793 0.091071 1.0000 1.0000 1.0000
v 0.288630 0.025905 0.158439 1.0000 1.0000 1.0000
v 0.282523 -0.008117 0.030383 1.0000 1.0000 1.0000
v 0.297290 0.166625 0.145461 1.0000 1.0000 1.0000
v 0.290243 0.111690 0.027874 1.0000 1.0000 1.0000
v -0.294611 0.074246 0.104850 1.0000 1.0000 1.0000
v 0.645886 0.005502 0.046705 1.0000 1.0000 1.0000
v 0.645481 0.039161 0.044357 1.0000 1.0000 1.0000
v 0.737908 0.037881 0.034511 1.0000 1.0000 1.0000
v 0.738389 0.025610 0.033263 1.0000 1.0000 1.0000
v 0.894771 0.015358 -0.000583 1.0000 1.0000 1.0000
v 0.284636 -0.006080 0.103908 1.0000 1.0000 1.0000
v -0.295208 0.158593 0.121479 1.0000 1.0000 1.0000
v 0.652807 0.085527 0.110685 1.0000 1.0000 1.0000
v 0.649682 0.070199 0.083970 1.0000 1.0000 1.0000
v 0.744426 0.067240 0.074957 1.0000 1.0000 1.0000
v 0.747008 0.064437 0.086752 1.0000 1.0000 1.0000
v 0.906745 0.069299 0.073729 1.0000 1.0000 1.0000
v 0.849118 0.162273 0.198425 1.0000 1.0000 1.0000
v 0.927438 0.162250 0.202068 1.0000 1.0000 1.0000
v 0.293793 0.099099 0.156917 1.0000 1.0000 1.0000
v 0.464821 0.072859 0.020230 1.0000 1.0000 1.0000
v 0.467070 0.029498 0.041500 1.0000 1.0000 1.0000
v 0.472698 0.049384 0.093865 1.0000 1.0000 1.0000
v 0.474405 0.103539 0.109611 1.0000 1.0000 1.0000
v 0.472084 0.136266 0.088019 1.0000 1.0000 1.0000
v 0.466123 0.105531 0.032360 1.0000 1.0000 1.0000
v 0.469881 0.039370 0.067694 1.0000 1.0000 1.0000
v 0.473560 0.076462 0.101785 1.0000 1.0000 1.0000
v -0.350035 0.035594 0.026642 1.0000 1.0000 1.0000
v -0.363428 0.038657 0.075826 1.0000 1.0000 1.0000
v -0.380255 0.112469 0.126109 1.0000 1.0000 1.0000
v -0.367715 0.206887 0.109017 1.0000 1.0000 1.0000
v -0.353166 0.237301 0.063044 1.0000 1.0000 1.0000
v -0.372332 0.075822 0.099072 1.0000 1.0000 1.0000
v -0.374137 0.158117 0.115229 1.0000 1.0000 1.0000
v 0.339034 0.155191 0.135755 1.0000 1.0000 1.0000
v 0.254887 0.164763 0.136521 1.0000 1.0000 1.0000
v 0.251836 0.113720 0.024992 1.0000 1.0000 1.0000
v 0.327107 0.114749 0.024859 1.0000 1.0000 1.0000
v 0.253152 0.110244 0.154452 1.0000 1.0000 1.0000
v 0.334881 0.101812 0.150216 1.0000 1.0000 1.0000
v 0.340573 0.024244 0.149679 1.0000 1.0000 1.0000
v 0.238019 0.032921 0.160941 1.0000 1.0000 1.0000
v 0.237509 -0.007923 0.032962 1.0000 1.0000 1.0000
v 0.326887 -0.004103 0.022987 1.0000 1.0000 1.0000
v 0.235923 -0.001952 0.107267 1.0000 1.0000 1.0000
v 0.333862 -0.005290 0.095041 1.0000 1.0000 1.0000
v 0.323793 0.158960 0.139796 1.0000 1.0000 1.0000
v 0.270573 0.164766 0.140513 1.0000 1.0000 1.0000
v 0.272744 0.112356 0.027117 1.0000 1.0000 1.0000
v 0.306374 0.112473 0.027068 1.0000 1.0000 1.0000
v 0.272751 0.103238 0.156672 1.0000 1.0000 1.0000
v 0.315132 0.099278 0.154290 1.0000 1.0000 1.0000
v 0.314304 0.024611 0.155077 1.0000 1.0000 1.0000
v 0.264495 0.028555 0.160050 1.0000 1.0000 1.0000
v 0.261469 -0.008477 0.032081 1.0000 1.0000 1.0000
v 0.303344 -0.006732 0.027440 1.0000 1.0000 1.0000
v 0.261655 -0.004627 0.105910 1.0000 1.0000 1.0000
v 0.308363 -0.006331 0.100447 1.0000 1.0000 1.0000
v 0.700452 0.081051 -0.001376 1.0000 1.0000 1.0000
v 0.725828 0.076023 -0.013324 1.0000 1.0000 1.0000
v 0.701189 0.033636 0.010717 1.0000 1.0000 1.0000
v 0.731998 0.026376 0.002265 1.0000 1.0000 1.0000
v 0.738152 0.031660 0.033878 1.0000 1.0000 1.0000
v 0.703890 0.038206 0.037539 1.0000 1.0000 1.0000
v 0.708713 0.041589 0.066361 1.0000 1.0000 1.0000
v 0.744306 0.036945 0.065491 1.0000 1.0000 1.0000
v 0.745735 0.065818 0.080937 1.0000 1.0000 1.0000
v 0.709620 0.066550 0.079497 1.0000 1.0000 1.0000
v 0.711333 0.091278 0.093002 1.0000 1.0000 1.0000
v 0.747164 0.094693 0.096382 1.0000 1.0000 1.0000
v 0.709156 0.127892 0.078987 1.0000 1.0000 1.0000
v 0.741334 0.137068 0.080323 1.0000 1.0000 1.0000
v 0.702300 0.110159 0.017696 1.0000 1.0000 1.0000
v 0.728678 0.113348 0.011539 1.0000 1.0000 1.0000
v 0.728574 0.127748 0.076907 1.0000 1.0000 1.0000
v 0.733521 0.091319 0.090706 1.0000 1.0000 1.0000
v 0.731113 0.041698 0.064150 1.0000 1.0000 1.0000
v 0.720560 0.032758 0.009626 1.0000 1.0000 1.0000
v 0.718026 0.109195 0.016597 1.0000 1.0000 1.0000
v 0.715487 0.079389 -0.001872 1.0000 1.0000 1.0000
v 0.725731 0.037187 0.036907 1.0000 1.0000 1.0000
v 0.732351 0.066515 0.077428 1.0000 1.0000 1.0000
v 0.813214 0.194446 0.097937 1.0000 1.0000 1.0000
v 0.827125 0.223761 0.174492 1.0000 1.0000 1.0000
v 0.834662 0.179686 0.198395 1.0000 1.0000 1.0000
v 0.831414 0.114046 0.163282 1.0000 1.0000 1.0000
v 0.833038 0.146866 0.180839 1.0000 1.0000 1.0000
v 0.797487 0.180138 0.081529 1.0000 1.0000 1.0000
v 0.818796 0.164483 0.181042 1.0000 1.0000 1.0000
v 0.894772 0.197513 0.052821 1.0000 1.0000 1.0000
v 0.811426 0.209313 0.158181 1.0000 1.0000 1.0000
v 0.918707 0.087573 0.137524 1.0000 1.0000 1.0000
v 0.815547 0.098844 0.145930 1.0000 1.0000 1.0000
v 0.817171 0.131663 0.163486 1.0000 1.0000 1.0000
v -0.141544 0.017594 0.046536 1.0000 1.0000 1.0000
v -0.087295 0.013193 0.040484 1.0000 1.0000 1.0000
v -0.114317 0.014118 0.041580 1.0000 1.0000 1.0000
v -0.215680 0.110195 0.148805 1.0000 1.0000 1.0000
v -0.134516 0.105862 0.158352 1.0000 1.0000 1.0000
v -0.174513 0.109573 0.156452 1.0000 1.0000 1.0000
v -0.130492 0.231117 0.089070 1.0000 1.0000 1.0000
v -0.067508 0.227150 0.093815 1.0000 1.0000 1.0000
v -0.095926 0.231586 0.088841 1.0000 1.0000 1.0000
v -0.054009 0.134410 -0.018109 1.0000 1.0000 1.0000
v -0.046179 0.135130 -0.004496 1.0000 1.0000 1.0000
v -0.053937 0.134915 -0.010246 1.0000 1.0000 1.0000
v -0.123602 0.048590 0.115815 1.0000 1.0000 1.0000
v -0.189772 0.056961 0.112309 1.0000 1.0000 1.0000
v -0.156934 0.051202 0.115023 1.0000 1.0000 1.0000
v -0.101994 0.175398 0.130761 1.0000 1.0000 1.0000
v -0.178036 0.176808 0.125445 1.0000 1.0000 1.0000
v -0.139332 0.180592 0.127475 1.0000 1.0000 1.0000
v 0.636623 0.068896 -0.043591 1.0000 1.0000 1.0000
v 0.637165 0.029575 -0.037334 1.0000 1.0000 1.0000
v 0.651413 0.156867 0.095420 1.0000 1.0000 1.0000
v 0.647275 0.164358 0.055650 1.0000 1.0000 1.0000
v 0.282233 0.002804 0.000402 1.0000 1.0000 1.0000
v 0.284143 0.039604 -0.012779 1.0000 1.0000 1.0000
v 0.295250 0.175398 0.081737 1.0000 1.0000 1.0000
v 0.297078 0.179619 0.120038 1.0000 1.0000 1.0000
v 0.260903 0.180117 0.119926 1.0000 1.0000 1.0000
v 0.257964 0.180941 0.077674 1.0000 1.0000 1.0000
v 0.334086 0.171666 0.120984 1.0000 1.0000 1.0000
v 0.333342 0.174554 0.079592 1.0000 1.0000 1.0000
v 0.243538 0.037450 -0.013546 1.0000 1.0000 1.0000
v 0.239249 0.001518 0.001241 1.0000 1.0000 1.0000
v 0.323597 0.045258 -0.017092 1.0000 1.0000 1.0000
v 0.324333 0.007864 -0.005470 1.0000 1.0000 1.0000
v 0.278352 0.180185 0.120468 1.0000 1.0000 1.0000
v 0.278304 0.177577 0.080861 1.0000 1.0000 1.0000
v 0.312406 0.174419 0.080959 1.0000 1.0000 1.0000
v 0.316168 0.176237 0.120118 1.0000 1.0000 1.0000
v 0.265380 0.038209 -0.012680 1.0000 1.0000 1.0000
v 0.262237 0.001756 0.001292 1.0000 1.0000 1.0000
v 0.301843 0.004736 -0.001838 1.0000 1.0000 1.0000
v 0.302320 0.041749 -0.014234 1.0000 1.0000 1.0000
v -0.068650 0.008455 -0.000942 1.0000 1.0000 1.0000
v -0.053855 0.036333 -0.025277 1.0000 1.0000 1.0000
v -0.067474 0.035594 -0.032558 1.0000 1.0000 1.0000
v -0.097319 0.008663 -0.025910 1.0000 1.0000 1.0000
v -0.083207 0.008205 -0.007445 1.0000 1.0000 1.0000
v -0.063982 0.036216 -0.028951 1.0000 1.0000 1.0000
v -0.080458 0.261202 0.018538 1.0000 1.0000 1.0000
v -0.040656 0.229543 0.003018 1.0000 1.0000 1.0000
v -0.034856 0.224647 0.030580 1.0000 1.0000 1.0000
v -0.048387 0.240643 0.066018 1.0000 1.0000 1.0000
v -0.041775 0.226894 0.019941 1.0000 1.0000 1.0000
v -0.062001 0.246086 0.054269 1.0000 1.0000 1.0000
v -0.735693 0.054216 0.017434 1.0000 1.0000 1.0000
v -0.748682 0.061252 0.006530 1.0000 1.0000 1.0000
v -0.735697 0.054094 -0.004467 1.0000 1.0000 1.0000
v -0.748490 0.061871 -0.010060 1.0000 1.0000 1.0000
v -0.742744 0.130687 0.012556 1.0000 1.0000 1.0000
v -0.756228 0.120775 0.007185 1.0000 1.0000 1.0000
v -0.742650 0.120576 0.032368 1.0000 1.0000 1.0000
v -0.757386 0.110924 0.021361 1.0000 1.0000 1.0000
v -0.736956 0.068337 0.032545 1.0000 1.0000 1.0000
v -0.749805 0.072588 0.016705 1.0000 1.0000 1.0000
v -0.740581 0.101094 0.039497 1.0000 1.0000 1.0000
v -0.754990 0.096391 0.022894 1.0000 1.0000 1.0000
v -0.738282 0.082666 0.044568 1.0000 1.0000 1.0000
v -0.751820 0.082075 0.025878 1.0000 1.0000 1.0000
v 0.727431 0.080056 -0.004311 1.0000 1.0000 1.0000
v 0.732619 0.033339 0.007340 1.0000 1.0000 1.0000
v 0.743197 0.042423 0.061681 1.0000 1.0000 1.0000
v 0.745654 0.092056 0.088232 1.0000 1.0000 1.0000
v 0.740643 0.128477 0.074429 1.0000 1.0000 1.0000
v 0.729435 0.109730 0.014177 1.0000 1.0000 1.0000
v 0.724269 0.072100 -0.022090 1.0000 1.0000 1.0000
v 0.731394 0.019604 -0.002670 1.0000 1.0000 1.0000
v 0.745384 0.031617 0.069196 1.0000 1.0000 1.0000
v 0.748633 0.097256 0.104308 1.0000 1.0000 1.0000
v 0.742006 0.145423 0.086055 1.0000 1.0000 1.0000
v 0.727942 0.116867 0.008974 1.0000 1.0000 1.0000
v 0.873801 0.073868 -0.085876 1.0000 1.0000 1.0000
v 0.885053 0.007013 -0.050504 1.0000 1.0000 1.0000
v 0.904488 0.023703 0.049338 1.0000 1.0000 1.0000
v 0.909002 0.114895 0.098120 1.0000 1.0000 1.0000
v 0.899635 0.182609 0.072209 1.0000 1.0000 1.0000
v 0.881171 0.137599 -0.031186 1.0000 1.0000 1.0000
v 0.847494 0.129453 0.180868 1.0000 1.0000 1.0000
v 0.850742 0.195093 0.215981 1.0000 1.0000 1.0000
v 0.843035 0.238403 0.191022 1.0000 1.0000 1.0000
v 0.829152 0.208946 0.114565 1.0000 1.0000 1.0000
v 0.925181 0.116654 0.177677 1.0000 1.0000 1.0000
v 0.929695 0.207847 0.226459 1.0000 1.0000 1.0000
v 0.919407 0.269908 0.194394 1.0000 1.0000 1.0000
v 0.900965 0.224793 0.091071 1.0000 1.0000 1.0000
v 0.737908 0.037881 0.034511 1.0000 1.0000 1.0000
v 0.738389 0.025610 0.033263 1.0000 1.0000 1.0000
v 0.894771 0.015358 -0.000583 1.0000 1.0000 1.0000
v 0.744426 0.067240 0.074957 1.0000 1.0000 1.0000
v 0.747008 0.064437 0.086752 1.0000 1.0000 1.0000
v 0.906745 0.069299 0.073729 1.0000 1.0000 1.0000
v 0.849118 0.162273 0.198425 1.0000 1.0000 1.0000
v 0.927438 0.162250 0.202068 1.0000 1.0000 1.0000
v 0.725828 0.076023 -0.013324 1.0000 1.0000 1.0000
v 0.731998 0.026376 0.002265 1.0000 1.0000 1.0000
v 0.738152 0.031660 0.033878 1.0000 1.0000 1.0000
v 0.744306 0.036945 0.065491 1.0000 1.0000 1.0000
v 0.745735 0.065818 0.080937 1.0000 1.0000 1.0000
v 0.747164 0.094693 0.096382 1.0000 1.0000 1.0000
v 0.741334 0.137068 0.080323 1.0000 1.0000 1.0000
v 0.728678 0.113348 0.011539 1.0000 1.0000 1.0000
v 0.813214 0.194446 0.097937 1.0000 1.0000 1.0000
v 0.897848 0.211062 0.071819 1.0000 1.0000 1.0000
v 0.914210 0.246963 0.162280 1.0000 1.0000 1.0000
v 0.827125 0.223761 0.174492 1.0000 1.0000 1.0000
v 0.834662 0.179686 0.198395 1.0000 1.0000 1.0000
v 0.921923 0.102016 0.157466 1.0000 1.0000 1.0000
v 0.924256 0.183417 0.192728 1.0000 1.0000 1.0000
v 0.831414 0.114046 0.163282 1.0000 1.0000 1.0000
v 0.833038 0.146866 0.180839 1.0000 1.0000 1.0000
v 0.923319 0.143749 0.176522 1.0000 1.0000 1.0000
v 0.797487 0.180138 0.081529 1.0000 1.0000 1.0000
v 0.818796 0.164483 0.181042 1.0000 1.0000 1.0000
v 0.913954 0.137140 0.128833 1.0000 1.0000 1.0000
v 0.894772 0.197513 0.052821 1.0000 1.0000 1.0000
v 0.904367 0.203501 0.101449 1.0000 1.0000 1.0000
v 0.811426 0.209313 0.158181 1.0000 1.0000 1.0000
v 0.918707 0.087573 0.137524 1.0000 1.0000 1.0000
v 0.815547 0.098844 0.145930 1.0000 1.0000 1.0000
v 0.817171 0.131663 0.163486 1.0000 1.0000 1.0000
v 0.916485 0.113050 0.134137 1.0000 1.0000 1.0000
v 0.287434 0.071344 -0.179779 0.0000 0.0000 0.0000
v 0.246028 0.078477 -0.163050 0.0000 0.0000 0.0000
v 0.330519 0.069296 -0.194920 0.0000 0.0000 0.0000
v 0.267956 0.074371 -0.172015 0.0000 0.0000 0.0000
v 0.307584 0.069867 -0.187032 0.0000 0.0000 0.0000
v -0.052400 0.135324 -0.029943 0.0000 0.0000 0.0000
vn 0.1354 -0.9261 -0.3522
vn 0.0655 -0.0464 -0.9968
vn 0.0300 0.5091 -0.8602
vn -0.0415 0.9928 -0.1121
vn -0.0643 0.9972 -0.0385
vn 0.0446 -0.9307 -0.3631
vn -0.2668 0.9634 -0.0252
vn -0.2404 0.9700 -0.0368
vn 0.0286 -0.9467 -0.3209
vn 0.5341 0.1658 0.8290
vn 0.0201 -0.9370 -0.3488
vn -0.3355 -0.9406 -0.0524
vn -0.0290 0.0122 -0.9995
vn 0.2183 0.3831 -0.8975
vn -0.1092 -0.6585 -0.7446
vn -0.8356 0.3282 -0.4404
vn -0.1190 0.9066 -0.4049
vn -0.0135 -0.3690 -0.9293
vn 0.3982 0.2460 0.8837
vn -0.0940 -0.9871 -0.1296
vn -0.3728 -0.2947 -0.8799
vn 0.4748 0.8800 -0.0108
vn 0.1274 0.8474 -0.5155
vn 0.1474 -0.5684 0.8094
vn 0.3548 0.8420 0.4064
vn 0.4534 -0.6976 0.5547
vn -0.2671 -0.3625 -0.8929
vn 0.2772 0.9554 0.1020
vn 0.2867 -0.5574 0.7791
vn -0.0003 0.8789 -0.4770
vn 0.5918 0.6808 0.4316
vn -0.4481 -0.5862 -0.6750
vn -0.4261 0.7032 -0.5692
vn 0.4656 0.6028 0.6480
vn -0.3068 -0.7618 -0.5705
vn -0.5616 -0.6189 -0.5491
vn -0.5072 -0.7306 -0.4572
vn 0.3576 0.6511 0.6695
vn -0.8695 0.4939 0.0004
vn -0.5678 -0.6075 -0.5554
vn 0.2600 -0.6950 0.6703
vn 0.2617 0.8112 0.5229
vn -0.4394 -0.3997 -0.8044
vn 0.5018 0.5044 0.7027
vn 0.8913 -0.1952 -0.4092
vn -0.6989 -0.3710 -0.6115
vn -0.3328 -0.5315 -0.7789
vn -0.7575 0.6449 -0.1011
vn 0.8483 -0.5222 -0.0876
vn 0.4493 0.5572 0.6983
vn 0.5699 0.7070 0.4188
vn -0.5552 -0.6144 -0.5605
vn -0.4583 -0.7588 -0.4627
vn 0.3537 0.6970 0.6238
vn -0.4931 -0.7620 -0.4197
vn 0.3615 -0.7019 0.6137
vn -0.2791 -0.7943 -0.5396
vn 0.4830 0.6647 0.5700
vn 0.3101 -0.5575 0.7701
vn -0.2041 -0.4940 -0.8452
vn 0.3009 -0.5817 0.7557
vn -0.5415 -0.3933 -0.7430
vn -0.7230 -0.2838 -0.6298
vn -0.0546 -0.1935 -0.9796
vn 0.1210 -0.1746 -0.9772
vn 0.2546 0.7956 0.5498
vn -0.5776 -0.5883 -0.5659
vn -0.4676 -0.5371 -0.7021
vn -0.1596 0.4938 -0.8548
vn 0.3518 0.8311 0.4306
vn -0.1277 0.5273 -0.8400
vn 0.4083 0.6966 0.5900
vn -0.5572 0.6834 -0.4717
vn -0.0048 0.3903 -0.9207
vn 0.6151 0.6233 0.4828
vn -0.0098 0.4544 -0.8907
vn -0.6689 0.6586 -0.3446
vn -0.5039 -0.6937 -0.5146
vn 0.5732 0.7419 0.3479
vn 0.5444 0.7601 0.3547
vn 0.7599 0.5324 -0.3730
vn 0.1526 0.6682 0.7282
vn 0.7050 -0.5774 0.4118
vn -0.1777 -0.5386 -0.8236
vn -0.6098 0.6396 -0.4680
vn 0.7943 0.5062 -0.3359
vn 0.1331 0.7176 0.6836
vn 0.6037 -0.6465 0.4665
vn -0.1439 -0.5479 -0.8241
vn -0.5082 0.6923 -0.5123
vn 0.9320 0.3144 -0.1801
vn 0.1365 0.6845 0.7161
vn 0.4077 -0.7226 0.5583
vn -0.0196 -0.6347 -0.7725
vn -0.2914 0.7527 -0.5904
vn 0.9544 0.2626 -0.1418
vn 0.1329 0.7045 0.6971
vn 0.3307 -0.7444 0.5801
vn 0.0120 -0.7064 -0.7077
vn -0.2026 0.7692 -0.6061
vn -0.5852 0.6762 -0.4475
vn -0.6103 0.6529 -0.4486
vn -0.4028 -0.5900 -0.6998
vn -0.2437 -0.5409 -0.8050
vn 0.6819 -0.6404 0.3533
vn 0.7135 -0.5950 0.3701
vn 0.3415 0.7175 0.6071
vn 0.2447 0.6990 0.6720
vn -0.4791 0.7086 -0.5181
vn -0.4704 0.7096 -0.5246
vn -0.3709 -0.5948 -0.7132
vn -0.2321 -0.5590 -0.7960
vn 0.5480 -0.6912 0.4712
vn 0.5675 -0.6786 0.4664
vn 0.3082 0.7620 0.5695
vn 0.2322 0.7479 0.6219
vn -0.3395 0.7152 -0.6109
vn -0.2897 0.7337 -0.6146
vn -0.2770 -0.7017 -0.6564
vn -0.0965 -0.6597 -0.7453
vn 0.4238 -0.7044 0.5695
vn 0.4182 -0.7124 0.5636
vn 0.3383 0.7267 0.5979
vn 0.2670 0.7099 0.6518
vn -0.2346 0.7134 -0.6603
vn -0.1741 0.7445 -0.6446
vn -0.2511 -0.7675 -0.5897
vn -0.0295 -0.7299 -0.6829
vn 0.3614 -0.7116 0.6025
vn 0.3283 -0.7303 0.5991
vn 0.3526 0.7383 0.5749
vn 0.2608 0.7257 0.6367
vn 0.8565 -0.2415 -0.4561
vn -0.5224 0.8043 -0.2834
vn 0.6782 -0.7264 0.1115
vn 0.3730 0.5161 0.7710
vn -0.9861 -0.0512 -0.1583
vn -0.9498 -0.2687 -0.1601
vn -0.8960 0.4441 0.0073
vn -0.8951 -0.4301 -0.1174
vn -0.9753 0.0918 -0.2011
vn -0.9018 -0.4163 -0.1158
vn -0.8565 0.5128 0.0582
vn -0.9473 0.2584 -0.1893
vn 0.3470 0.1510 -0.9256
vn 0.1094 -0.6735 -0.7310
vn 0.0709 0.7386 0.6705
vn 0.2325 0.7822 0.5780
vn -0.9967 -0.0807 -0.0004
vn -0.9987 -0.0505 -0.0112
vn -0.9960 -0.0863 0.0237
vn -0.9963 -0.0847 0.0157
vn -0.9990 0.0050 -0.0433
vn -0.9973 -0.0734 0.0014
vn -0.9983 -0.0375 0.0438
vn -0.9967 -0.0766 0.0273
vn 0.3835 0.8711 -0.3068
vn 0.2127 0.2541 -0.9435
vn 0.2958 0.8991 -0.3225
vn -0.0302 -0.5954 -0.8029
vn 0.9574 -0.1579 -0.2417
vn 0.8123 -0.1916 -0.5508
vn 0.5473 -0.2004 -0.8126
vn 0.0784 -0.1787 -0.9808
vn 0.9895 0.1179 0.0835
vn 0.8249 0.5285 0.2005
vn 0.5129 0.7986 0.3149
vn 0.0534 0.8945 0.4438
vn 0.1124 0.8187 0.5631
vn 0.5296 0.6669 0.5242
vn 0.8313 0.4265 0.3564
vn 0.9914 0.0919 0.0937
vn 0.3695 -0.2716 -0.8887
vn 0.5602 -0.2682 -0.7838
vn 0.8324 -0.2077 -0.5137
vn 0.9713 -0.1405 -0.1917
vn 0.9579 0.0108 -0.2870
vn 0.7690 0.2121 -0.6030
vn 0.5146 0.4118 -0.7520
vn 0.0891 0.4921 -0.8660
vn 0.9495 0.3069 -0.0654
vn 0.6705 0.6902 -0.2724
vn 0.4238 0.8222 -0.3801
vn 0.0987 0.9087 -0.4056
vn 0.9459 0.1942 -0.2599
vn 0.6487 0.4756 -0.5941
vn 0.4273 0.6164 -0.6614
vn 0.1026 0.6972 -0.7095
vn 0.9739 0.2268 0.0012
vn 0.7495 0.6428 -0.1583
vn 0.4533 0.8596 -0.2357
vn 0.0797 0.9776 -0.1948
vn -0.1519 -0.1671 -0.9742
vn -0.5383 -0.1345 -0.8319
vn -0.8238 -0.0784 -0.5615
vn -0.9797 -0.0128 -0.2002
vn -0.1335 0.8307 0.5405
vn -0.5212 0.7173 0.4625
vn -0.8121 0.4948 0.3092
vn -0.9754 0.1912 0.1094
vn -0.9758 0.1772 0.1283
vn -0.8134 0.4509 0.3676
vn -0.5256 0.6524 0.5459
vn -0.1612 0.7586 0.6313
vn -0.9796 -0.0223 -0.1996
vn -0.8233 -0.1175 -0.5553
vn -0.5401 -0.1929 -0.8192
vn -0.1772 -0.2248 -0.9582
vn -0.1004 0.4814 -0.8708
vn -0.4727 0.4541 -0.7552
vn -0.7757 0.3262 -0.5402
vn -0.9707 0.1312 -0.2015
vn -0.1185 0.9223 -0.3679
vn -0.4304 0.8412 -0.3272
vn -0.7430 0.6265 -0.2354
vn -0.9641 0.2509 -0.0870
vn -0.1245 0.7071 -0.6961
vn -0.4358 0.6396 -0.6333
vn -0.7462 0.4729 -0.4686
vn -0.9653 0.1908 -0.1784
vn -0.0907 0.9906 -0.1021
vn -0.4623 0.8796 -0.1125
vn -0.7685 0.6356 -0.0734
vn -0.9682 0.2492 -0.0234
vn -0.0030 -0.1674 -0.9859
vn 0.9987 0.0288 -0.0430
vn 0.0126 0.4577 -0.8890
vn 0.9942 -0.1003 -0.0394
vn 0.9932 -0.1166 0.0018
vn -0.0043 -0.2223 -0.9750
vn 0.9973 0.0068 0.0737
vn 0.0192 0.8404 0.5417
vn 0.9990 -0.0156 0.0422
vn 0.0173 0.7718 0.6356
vn 0.0235 0.9969 -0.0754
vn 0.9961 0.0459 0.0748
vn 0.9991 0.0421 0.0078
vn 0.0201 0.7137 -0.7002
vn 0.9953 0.0635 0.0730
vn 0.0232 0.9265 -0.3756
vn -0.9997 0.0231 -0.0009
vn -0.0616 0.5645 -0.8231
vn 0.0114 -0.2684 -0.9633
vn 0.0928 -0.9352 -0.3417
vn -0.0752 0.9947 -0.0695
vn -0.0694 0.9864 -0.1489
vn -0.0443 0.5761 -0.8161
vn -0.0177 -0.2221 -0.9749
vn 0.0637 -0.9174 -0.3929
vn 0.0833 0.9198 -0.3835
vn 0.0940 0.7100 -0.6979
vn 0.0255 0.9941 -0.1050
vn -0.2560 0.9445 0.2059
vn -0.0619 0.8542 0.5163
vn 0.0070 -0.2281 -0.9736
vn 0.0544 0.4695 -0.8813
vn 0.0041 -0.1671 -0.9859
vn 0.5855 0.7876 0.1921
vn -0.1402 0.8203 0.5544
vn -0.9997 0.0232 -0.0009
vn -0.1782 -0.8191 -0.5453
vn -0.5268 -0.3490 -0.7750
vn -0.4880 -0.7580 -0.4328
vn -0.0185 -0.9954 0.0937
vn -0.1743 0.2784 -0.9445
vn -0.0220 0.7769 -0.6293
vn -0.3606 0.3219 -0.8754
vn -0.2398 -0.5528 -0.7981
vn 0.2352 -0.3457 0.9084
vn 0.3420 -0.4006 0.8500
vn 0.1929 -0.4563 0.8686
vn -0.1899 -0.9484 0.2540
vn 0.2005 0.8593 0.4705
vn 0.4908 0.0090 0.8712
vn 0.2579 0.4667 0.8460
vn 0.2760 -0.3418 0.8983
vn 0.0834 0.9923 -0.0918
vn 0.6245 0.7338 0.2677
vn 0.2901 0.9079 -0.3025
vn -0.0761 0.7420 -0.6661
vn 0.0250 -0.5844 -0.8111
vn -0.4980 -0.3005 -0.8135
vn -0.6600 -0.4409 -0.6083
vn 0.1055 -0.9861 -0.1283
vn -0.1530 0.4486 -0.8806
vn 0.1172 0.8331 -0.5405
vn -0.1684 0.5293 -0.8316
vn -0.2070 -0.4671 -0.8596
vn 0.3291 -0.5908 0.7367
vn 0.0826 -0.6186 0.7814
vn 0.3898 -0.5653 0.7270
vn -0.4512 -0.8918 0.0345
vn 0.2512 0.7300 0.6356
vn 0.5717 0.0976 0.8146
vn 0.2905 0.2922 0.9112
vn 0.2183 -0.6031 0.7672
vn 0.1323 0.9838 0.1206
vn 0.6255 0.6207 0.4728
vn 0.4372 0.8989 -0.0291
vn -0.0479 0.8656 -0.4984
vn -0.0009 -0.8932 -0.4497
vn 0.9990 -0.0055 -0.0437
vn 0.9929 -0.1071 -0.0521
vn 0.0429 -0.9015 -0.4306
vn 0.1715 0.9840 0.0478
vn 0.9996 -0.0231 0.0138
vn 0.9991 -0.0105 0.0421
vn 0.0982 0.6794 -0.7271
vn -0.0092 0.9925 0.1223
vn 0.9945 -0.1049 -0.0071
vn 0.0601 -0.2021 -0.9775
vn 0.9988 0.0409 0.0263
vn 0.1721 0.6392 -0.7495
vn 0.9972 0.0105 0.0742
vn 0.9969 0.0387 0.0692
vn -0.0020 -0.2280 -0.9737
vn -0.0508 -0.6643 -0.7457
vn 0.9990 0.0142 -0.0432
vn 0.9933 -0.1055 -0.0463
vn 0.1078 -0.7295 -0.6754
vn 0.2493 0.8240 0.5089
vn 0.9994 -0.0211 0.0261
vn 0.9981 0.0001 0.0614
vn 0.3492 0.8671 -0.3554
vn 0.0550 0.7817 0.6213
vn 0.9939 -0.1104 0.0009
vn 0.3971 0.0314 -0.9173
vn 0.9990 0.0403 0.0200
vn 0.4571 0.8190 -0.3468
vn 0.9965 0.0367 0.0747
vn 0.9958 0.0582 0.0704
vn 0.2701 0.1735 -0.9471
vn -0.3910 -0.7761 -0.4947
vn -0.1815 -0.7202 -0.6696
vn 0.3886 -0.7032 0.5954
vn -0.1678 -0.6854 -0.7085
vn -0.4932 -0.5918 -0.6376
vn -0.2241 0.0516 -0.9732
vn -0.1886 -0.0829 -0.9786
vn -0.4159 -0.7256 -0.5481
vn 0.4443 0.7053 0.5524
vn 0.2300 0.2127 0.9497
vn 0.4294 0.6969 0.5744
vn 0.0477 -0.8894 0.4546
vn 0.3705 0.7693 0.5205
vn 0.2551 0.6830 0.6844
vn 0.3711 0.7956 0.4789
vn 0.2771 0.3464 0.8962
vn -0.7855 0.6026 -0.1407
vn 0.2648 0.7146 0.6475
vn 0.5051 0.5144 0.6930
vn -0.0073 0.9229 -0.3850
vn -0.4965 -0.5960 -0.6311
vn -0.6042 -0.1924 -0.7732
vn 0.1133 -0.9394 -0.3234
vn 0.0012 0.5131 -0.8583
vn 0.0967 -0.2150 -0.9718
vn -0.0410 0.9973 -0.0613
vn -0.0177 0.9904 -0.1373
vn 0.0375 0.5502 -0.8342
vn 0.0387 -0.1413 -0.9892
vn 0.1158 -0.9186 -0.3780
vn 0.0476 -0.9182 -0.3932
vn -0.0012 -0.2536 -0.9673
vn -0.0281 0.5879 -0.8084
vn -0.0466 0.9850 -0.1661
vn -0.0518 0.9966 -0.0648
vn 0.0058 -0.2870 -0.9579
vn -0.0310 0.5815 -0.8129
vn 0.0571 -0.9341 -0.3523
vn 0.3039 0.9252 -0.2272
vn 0.3970 0.6369 -0.6608
vn 0.3995 0.8326 -0.3836
vn 0.3477 0.4759 -0.8078
vn 0.1340 -0.2674 -0.9542
vn 0.1863 0.8947 0.4059
vn 0.3277 -0.1989 -0.9236
vn 0.1793 0.7930 0.5822
vn 0.1160 -0.2581 -0.9591
vn 0.0812 0.9759 -0.2026
vn 0.1162 0.6945 -0.7100
vn 0.1386 0.9017 -0.4095
vn 0.1171 0.4914 -0.8630
vn 0.0938 0.8364 0.5400
vn 0.0543 0.8974 0.4379
vn 0.0971 -0.1906 -0.9768
vn -0.1319 0.7809 0.6106
vn 0.0039 -0.1694 -0.9855
vn 0.0869 0.4848 -0.8703
vn 0.0171 -0.2428 -0.9699
vn -0.0626 0.8809 0.4691
vn 0.0242 0.9863 -0.1633
vn 0.1099 0.7033 -0.7024
vn 0.0829 0.9134 -0.3985
vn -0.3252 -0.2189 -0.9199
vn 0.0171 0.8303 -0.5570
vn -0.2731 0.9468 -0.1703
vn -0.3562 -0.3807 -0.8534
vn 0.0042 0.9848 -0.1734
vn 0.2842 -0.4421 0.8507
vn -0.3368 -0.3857 -0.8590
vn -0.2670 0.5023 -0.8225
vn 0.0307 -0.9530 0.3013
vn -0.0718 -0.4138 -0.9075
vn 0.1073 0.2896 0.9511
vn -0.2721 0.4501 -0.8505
vn 0.2745 -0.9184 0.2849
vn 0.2547 -0.3905 0.8847
vn -0.9532 -0.2446 0.1779
vn 0.1422 -0.3132 0.9390
vn -0.9593 0.2424 0.1448
vn -0.1780 -0.4350 -0.8827
vn 0.0943 -0.9866 0.1328
vn -0.5710 0.8206 0.0256
vn -0.0693 0.1474 0.9867
vn -0.4987 0.3769 -0.7805
vn -0.2884 0.1035 0.9519
vn -0.8264 0.1845 -0.5320
vn -0.1454 0.8572 -0.4940
vn -0.3473 -0.2125 -0.9133
vn -0.3228 -0.6551 -0.6831
vn -0.0918 -0.4216 -0.9021
vn -0.2841 0.5089 -0.8126
vn -0.2870 -0.6628 -0.6916
vn -0.1200 0.7460 -0.6551
vn -0.2741 0.4503 -0.8498
vn 0.3723 0.2517 0.8933
vn -0.1046 0.7413 -0.6629
vn -0.0677 -0.2533 -0.9650
vn -0.0525 0.9797 -0.1932
vn -0.0777 0.5840 -0.8081
vn -0.0246 -0.2559 -0.9664
vn -0.0005 -0.8854 -0.4648
vn -0.0649 0.5082 -0.8588
vn -0.0357 -0.9248 -0.3787
vn -0.0664 0.9970 -0.0404
vn 0.9532 0.2446 -0.1779
vn -0.0960 0.8608 -0.4999
vn -0.1665 0.7003 -0.6942
vn -0.3255 -0.2893 -0.9002
vn -0.2587 -0.7158 -0.6486
vn 0.0047 0.8604 -0.5095
vn -0.1003 0.7408 -0.6642
vn -0.0851 0.8809 -0.4656
vn -0.3083 -0.2319 -0.9226
vn -0.1183 0.7513 -0.6493
vn -0.3469 -0.6515 -0.6747
vn -0.2535 -0.6735 -0.6943
vn -0.3598 -0.2127 -0.9085
vn 0.0542 -0.9218 0.3838
vn -0.3663 -0.4306 -0.8249
vn -0.3884 -0.5055 -0.7705
vn -0.3022 0.4336 -0.8489
vn -0.3169 0.4389 -0.8408
vn -0.9532 -0.2446 0.1778
vn 0.0413 0.9639 -0.2631
vn 0.4266 0.3451 0.8360
vn 0.3208 -0.3652 0.8739
vn -0.2731 0.4358 -0.8576
vn -0.4067 -0.4465 -0.7970
vn 0.3160 -0.3590 0.8782
vn 0.0079 -0.9275 0.3737
vn -0.1829 0.4469 -0.8757
vn 0.7480 0.3715 0.5500
vn -0.3667 -0.5247 -0.7683
vn 0.6645 0.6773 -0.3157
vn -0.2916 0.1043 0.9508
vn -0.9610 0.2425 0.1327
vn -0.9649 0.2427 0.1002
vn 0.0755 -0.0136 0.9971
vn -0.3498 0.0241 -0.9365
vn -0.3001 0.1064 0.9480
vn -0.1410 -0.2316 -0.9625
vn -0.2236 -0.2464 -0.9430
vn -0.0632 0.8546 -0.5155
vn -0.0223 0.8568 -0.5151
vn -0.1541 -0.6618 -0.7337
vn -0.1527 -0.6898 -0.7077
vn -0.1238 0.6977 -0.7056
vn -0.1010 0.6888 -0.7179
vn -0.0440 -0.4989 -0.8656
vn -0.3528 -0.7002 -0.6207
vn -0.3631 -0.2460 -0.8987
vn -0.0974 -0.2452 -0.9646
vn -0.0864 0.6427 -0.7613
vn -0.1099 0.7221 -0.6830
vn -0.0046 0.8682 -0.4961
vn 0.0218 0.6782 -0.7345
vn 0.0654 -0.9183 0.3904
vn 0.3440 0.6090 0.7147
vn 0.0664 -0.9166 0.3943
vn 0.4158 0.5969 0.6862
vn 0.3241 0.7344 0.5964
vn 0.1256 -0.8894 0.4395
vn 0.3262 0.6720 0.6648
vn 0.4170 0.6627 0.6221
vn 0.0557 -0.9166 0.3960
vn 0.0857 -0.9132 0.3983
vn 0.5546 -0.8226 0.1254
vn 0.2885 -0.9028 0.3189
vn 0.6694 0.6718 0.3173
vn 0.5898 0.6624 0.4618
vn 0.0570 -0.9122 0.4057
vn 0.6480 -0.7585 -0.0687
vn 0.4069 0.6776 0.6127
vn 0.6650 0.6755 0.3185
vn -0.1402 -0.9309 -0.3372
vn 0.9834 -0.1573 0.0906
vn 0.0177 0.9997 -0.0155
vn 0.9600 -0.1869 0.2083
vn -0.1573 -0.9212 -0.3560
vn 0.3209 -0.2458 0.9147
vn 0.0743 0.9939 -0.0817
vn 0.3671 -0.0408 0.9293
vn -0.2377 -0.8844 -0.4017
vn 0.2898 -0.3013 0.9084
vn 0.3109 -0.3076 0.8993
vn -0.2012 -0.8909 -0.4072
vn 0.3491 -0.1311 0.9279
vn 0.3698 0.9170 0.1494
vn 0.0940 0.9627 0.2538
vn 0.3453 -0.1259 0.9300
vn 0.3576 -0.1129 0.9270
vn 0.3511 -0.1304 0.9272
vn 0.1834 0.9794 -0.0845
vn 0.0934 0.9911 0.0946
vn 0.3487 -0.1126 0.9304
vn 0.2755 0.9611 0.0215
vn 0.3699 -0.2042 0.9063
vn -0.2679 -0.8787 -0.3950
vn 0.3191 -0.3062 0.8969
vn -0.2941 -0.8820 -0.3682
vn -0.1616 -0.8982 -0.4089
vn 0.2817 -0.2897 0.9147
vn 0.4828 -0.1401 0.8644
vn -0.1080 -0.8814 -0.4599
vn 0.7626 -0.1891 0.6187
vn -0.1663 -0.8977 -0.4080
vn -0.1243 -0.8884 -0.4419
vn -0.0125 0.9952 -0.0972
vn 0.0703 0.9965 -0.0457
vn 0.8447 -0.2090 0.4927
vn 0.6215 -0.1593 0.7671
vn 0.1429 0.9851 -0.0958
vn -0.9974 -0.0714 0.0093
vn 0.2725 -0.0808 -0.9587
vn -0.0765 -0.7953 -0.6013
vn -0.9970 -0.0771 0.0065
vn -0.9991 -0.0349 0.0230
vn 0.0444 0.9184 0.3933
vn 0.2377 0.9276 0.2883
vn -0.9985 -0.0359 0.0417
vn -1.0000 -0.0012 -0.0003
vn 0.0233 -0.8319 -0.5544
vn -0.9961 -0.0856 0.0198
vn 0.2026 -0.0239 -0.9790
vn -0.9969 -0.0747 0.0251
vn 0.3235 0.7762 -0.5411
vn 0.4464 0.7063 -0.5494
vn -0.9955 -0.0928 0.0213
vn 0.0109 -0.0121 0.9999
vn -0.4361 0.0244 -0.8996
vn -0.4050 0.0243 -0.9140
vn 0.0347 -0.0126 0.9993
vn 0.1417 -0.9896 -0.0236
vn 0.1595 -0.4221 0.8924
vn 0.0349 0.0986 0.9945
vn -0.0341 0.8745 0.4838
vn -0.0575 0.9102 0.4102
vn 0.0457 -0.9989 -0.0126
vn -0.2574 0.8827 0.3931
vn -0.2391 0.8689 0.4334
vn 0.0351 -0.9977 -0.0588
vn 0.4091 -0.5906 -0.6956
vn 0.0284 -0.9992 -0.0264
vn -0.3738 -0.5342 0.7582
vn 0.1518 -0.3598 0.9206
vn 0.1987 -0.0272 0.9797
vn -0.2942 -0.8576 0.4219
vn -0.8519 0.1335 0.5064
vn -0.1055 0.6127 0.7833
vn 0.0584 -0.9311 0.3602
vn 0.1405 -0.5641 -0.8136
vn -0.0374 -0.4911 0.8703
vn -0.1242 0.5004 0.8568
vn 0.6545 0.5283 -0.5409
vn 0.2840 0.9246 -0.2539
vn 0.0014 -0.9918 -0.1277
vn 0.1303 -0.9582 0.2545
vn -0.3075 0.3941 0.8661
vn 0.1379 0.5066 0.8511
vn 0.2342 0.4708 -0.8506
vn 0.1234 -0.9886 -0.0859
vn 0.0888 0.9066 -0.4124
vn 0.1941 -0.8389 0.5085
vn 0.1331 0.8290 -0.5431
vn 0.4163 -0.3812 -0.8255
vn -0.0032 -0.8461 0.5331
vn 0.0509 0.9483 -0.3134
vn -0.0675 0.8275 -0.5574
vn -0.1311 0.8914 -0.4339
vn -0.1662 -0.8840 0.4371
vn -0.3344 -0.3860 -0.8597
vn -0.0626 0.8201 -0.5688
vn -0.7261 0.2912 0.6228
vn -0.0208 -0.9701 0.2420
vn 0.2639 0.7209 -0.6408
vn -0.1191 -0.7803 0.6140
vn 0.7534 0.2761 0.5968
vn -0.0211 0.6364 -0.7710
vn 0.2639 0.8230 -0.5031
vn -0.1485 -0.4914 -0.8582
vn 0.3821 0.4484 0.8080
vn -0.1291 -0.8227 0.5536
vn 0.1996 -0.8561 0.4767
vn -0.0538 0.8275 -0.5589
vn -0.1192 0.9127 -0.3908
vn -0.0909 -0.9093 0.4062
vn -0.1878 0.9005 -0.3922
vn -0.4863 0.3670 0.7930
vn 0.0189 0.9603 -0.2782
vn 0.0295 -0.8714 0.4897
vn 0.0352 -0.9943 -0.1006
vn 0.0217 0.3603 0.9326
vn 0.0810 -0.9905 -0.1109
vn -0.4120 0.3432 0.8441
vn -0.7159 -0.4740 0.5127
vn 0.1433 -0.5906 0.7941
vn 0.1826 -0.5692 0.8016
vn -0.0503 -0.9660 0.2535
vn -0.0541 0.8075 -0.5874
vn 0.1629 0.8104 -0.5628
vn 0.0908 0.9880 0.1245
vn 0.1068 -0.9579 0.2666
vn 0.0502 0.9826 0.1790
vn 0.2339 -0.0815 -0.9688
vn -0.5154 0.5145 0.6854
vn -0.0906 0.1303 0.9873
vn 0.7248 -0.0293 -0.6883
vn -0.0077 0.1415 0.9899
vn 0.0941 -0.4126 -0.9060
vn -0.0847 0.8775 -0.4720
vn 0.2671 -0.8597 0.4355
vn 0.2513 -0.8769 0.4097
vn 0.8690 -0.3926 0.3012
vn -0.2834 -0.9139 0.2907
vn -0.1022 0.3088 0.9456
vn 0.3823 0.8359 -0.3939
vn 0.2171 -0.3501 -0.9112
vn 0.8513 -0.3863 0.3550
vn -0.2449 -0.9396 0.2391
vn -0.2214 0.3575 0.9073
vn 0.3986 0.8420 -0.3635
vn 0.3234 -0.3879 -0.8631
vn 0.7493 -0.2841 0.5982
vn -0.2781 -0.9227 0.2669
vn -0.4239 0.4046 0.8103
vn 0.4015 0.8912 -0.2111
vn 0.5221 -0.4279 -0.7378
vn 0.7164 -0.2539 0.6499
vn -0.2594 -0.9331 0.2491
vn -0.4899 0.4215 0.7631
vn 0.3472 0.9282 -0.1335
vn 0.5884 -0.4432 -0.6763
vn 0.2256 -0.3935 -0.8912
vn 0.2056 -0.3700 -0.9060
vn 0.1462 0.8498 -0.5065
vn 0.3307 0.8354 -0.4390
vn -0.0882 0.3916 0.9159
vn -0.0703 0.3410 0.9374
vn -0.0701 -0.9243 0.3751
vn -0.1796 -0.9263 0.3313
vn 0.3489 -0.4027 -0.8462
vn 0.3591 -0.4016 -0.8425
vn 0.1728 0.8572 -0.4851
vn 0.3248 0.8474 -0.4200
vn -0.2691 0.4005 0.8759
vn -0.2508 0.3895 0.8862
vn -0.0459 -0.9473 0.3169
vn -0.1330 -0.9498 0.2831
vn 0.5003 -0.3819 -0.7771
vn 0.5362 -0.4010 -0.7428
vn 0.1488 0.9249 -0.3499
vn 0.3304 0.9088 -0.2548
vn -0.4182 0.3823 0.8240
vn -0.4191 0.3924 0.8188
vn -0.0619 -0.9288 0.3654
vn -0.1483 -0.9298 0.3370
vn 0.5963 -0.3682 -0.7134
vn 0.6267 -0.4073 -0.6643
vn 0.0916 0.9563 -0.2778
vn 0.2980 0.9428 -0.1494
vn -0.4806 0.3803 0.7902
vn -0.5018 0.4011 0.7664
vn -0.0327 -0.9312 0.3630
vn -0.1353 -0.9376 0.3202
vn 0.7569 0.3398 0.5583
vn 0.1708 -0.5811 -0.7957
vn 0.0723 0.5675 0.8202
vn -0.2400 -0.8088 0.5369
vn -0.9706 -0.1706 0.1698
vn -0.9439 -0.3116 0.1093
vn -0.8914 0.4071 0.1991
vn -0.8915 -0.4529 -0.0123
vn -0.9685 -0.0179 0.2484
vn -0.8994 -0.4370 -0.0105
vn -0.8627 0.4799 0.1596
vn -0.9443 0.1474 0.2942
vn -0.4002 -0.8336 0.3808
vn 0.0189 -0.8878 -0.4599
vn -0.1096 0.4489 0.8868
vn -0.3093 0.4192 0.8536
vn -0.9963 -0.0862 -0.0049
vn -1.0000 0.0027 0.0071
vn -0.9948 -0.1016 0.0090
vn -0.9952 -0.0978 0.0056
vn -0.9995 0.0255 -0.0182
vn -0.9956 -0.0941 -0.0017
vn -0.9928 -0.1158 0.0300
vn -0.9928 -0.1201 0.0043
vn -0.4798 -0.2349 0.8454
vn -0.1895 -0.9359 0.2971
vn -0.3816 -0.2867 0.8787
vn 0.2340 -0.8554 -0.4622
vn 0.9644 -0.2626 -0.0298
vn 0.7990 -0.5518 -0.2389
vn 0.5188 -0.7463 -0.4169
vn 0.0534 -0.8418 -0.5371
vn 0.9868 -0.0234 0.1601
vn 0.8114 -0.0643 0.5810
vn 0.4925 -0.0600 0.8682
vn 0.0330 0.0331 0.9989
vn 0.0971 0.1710 0.9805
vn 0.5181 0.1842 0.8352
vn 0.8240 0.1206 0.5536
vn 0.9897 0.0111 0.1430
vn 0.3116 -0.7693 -0.5578
vn 0.4979 -0.7141 -0.4921
vn 0.7902 -0.5316 -0.3049
vn 0.9636 -0.2545 -0.0823
vn 0.9259 -0.3617 0.1094
vn 0.6551 -0.7335 0.1810
vn 0.3759 -0.9029 0.2086
vn 0.0256 -0.9916 0.1268
vn 0.9335 -0.2074 0.2926
vn 0.6249 -0.5333 0.5701
vn 0.3837 -0.6832 0.6213
vn 0.0594 -0.7475 0.6616
vn 0.9188 -0.3641 0.1522
vn 0.5800 -0.7587 0.2967
vn 0.3650 -0.8618 0.3521
vn 0.0495 -0.9285 0.3680
vn 0.9677 -0.1398 0.2097
vn 0.7297 -0.4299 0.5317
vn 0.4204 -0.5849 0.6936
vn 0.0427 -0.5834 0.8111
vn -0.1672 -0.8127 -0.5581
vn -0.5513 -0.6838 -0.4780
vn -0.8326 -0.4512 -0.3213
vn -0.9828 -0.1441 -0.1156
vn -0.1496 0.1537 0.9767
vn -0.5348 0.1425 0.8329
vn -0.8214 0.1045 0.5607
vn -0.9787 0.0534 0.1982
vn -0.9782 0.0764 0.1932
vn -0.8199 0.1758 0.5449
vn -0.5353 0.2454 0.8083
vn -0.1729 0.2671 0.9481
vn -0.9824 -0.1396 -0.1240
vn -0.8307 -0.4294 -0.3543
vn -0.5509 -0.6480 -0.5260
vn -0.1902 -0.7735 -0.6045
vn -0.1353 -0.9879 0.0760
vn -0.5039 -0.8590 0.0910
vn -0.7977 -0.6004 0.0569
vn -0.9786 -0.2050 0.0152
vn -0.1573 -0.7115 0.6849
vn -0.4653 -0.6305 0.6212
vn -0.7685 -0.4479 0.4569
vn -0.9736 -0.1504 0.1716
vn -0.1632 -0.9212 0.3532
vn -0.4705 -0.8258 0.3110
vn -0.7716 -0.5966 0.2207
vn -0.9748 -0.2088 0.0790
vn -0.1261 -0.4986 0.8576
vn -0.4938 -0.4498 0.7442
vn -0.7908 -0.3033 0.5316
vn -0.9762 -0.0917 0.1963
vn -0.0187 -0.8283 -0.5600
vn 0.9959 -0.0634 0.0646
vn -0.0219 -0.9985 0.0494
vn 0.9922 -0.0948 0.0811
vn 0.9921 -0.1132 0.0539
vn -0.0179 -0.7956 -0.6055
vn 0.9989 -0.0465 0.0052
vn 0.0027 0.1457 0.9893
vn 0.9994 -0.0309 0.0175
vn 0.0052 0.2596 0.9657
vn -0.0116 -0.4807 0.8768
vn 0.9993 -0.0330 0.0161
vn 0.9952 -0.0426 0.0883
vn -0.0190 -0.9325 0.3606
vn 0.9982 -0.0288 0.0534
vn -0.0159 -0.7250 0.6886
vn -0.0555 0.2107 0.9760
vn 0.0209 -0.6095 0.7925
vn 0.0961 -0.9948 -0.0349
vn -0.0722 0.8967 0.4367
vn -0.0665 0.8589 0.5079
vn -0.0353 0.2285 0.9729
vn -0.0047 -0.5748 0.8183
vn 0.0666 -0.9976 0.0203
vn 0.0441 -0.7314 0.6805
vn 0.0550 -0.9314 0.3599
vn -0.0101 -0.5066 0.8621
vn -0.2830 -0.1937 0.9393
vn -0.0794 0.1196 0.9896
vn -0.0296 -0.7987 -0.6010
vn 0.0196 -0.9977 0.0642
vn -0.0179 -0.8313 -0.5555
vn 0.5628 -0.1697 0.8090
vn -0.1557 0.1709 0.9729
vn 0.0885 0.4381 0.8946
vn -0.5530 -0.1505 0.8195
vn -0.4804 -0.6248 0.6156
vn 0.0688 -0.2852 0.9560
vn 0.0526 0.9912 -0.1215
vn -0.1392 0.8926 0.4288
vn -0.4543 0.5140 0.7277
vn 0.1017 0.7153 0.6914
vn -0.0121 -0.9837 0.1792
vn 0.5147 -0.7287 -0.4517
vn 0.0261 -0.9456 0.3242
vn -0.2013 -0.9593 0.1979
vn -0.0767 -0.3310 -0.9405
vn 0.6069 -0.2010 -0.7690
vn -0.0529 -0.7638 -0.6432
vn 0.5537 -0.5377 -0.6359
vn -0.0515 0.2576 -0.9649
vn 0.6243 0.5097 -0.5920
vn 0.2888 0.9564 -0.0427
vn 0.0068 0.7652 -0.6437
vn 0.3085 0.3301 0.8921
vn -0.3889 0.4166 0.8217
vn -0.6245 0.1876 0.7581
vn 0.2122 -0.4612 0.8616
vn 0.1035 0.9926 0.0629
vn 0.2323 0.9576 -0.1704
vn -0.0557 0.9747 0.2164
vn 0.2563 0.4841 0.8366
vn 0.0151 -0.9999 0.0075
vn -0.0143 -0.9967 -0.0801
vn 0.2360 -0.9717 0.0045
vn -0.5623 -0.5921 0.5773
vn -0.2334 -0.1815 -0.9553
vn 0.4611 -0.6421 -0.6125
vn -0.1124 -0.5956 -0.7954
vn 0.0608 -0.9924 -0.1068
vn -0.1694 0.3964 -0.9023
vn 0.6646 0.0088 -0.7471
vn 0.5211 0.6306 -0.5751
vn -0.0051 0.8756 -0.4831
vn 0.0709 -0.9972 -0.0224
vn 0.9945 -0.0748 0.0736
vn 0.9935 -0.0827 0.0779
vn 0.0297 -0.9987 -0.0403
vn -0.2211 0.8347 0.5043
vn 0.9995 -0.0306 0.0037
vn 0.9990 -0.0438 -0.0058
vn -0.1567 0.1169 0.9807
vn -0.1021 0.8775 0.4686
vn 0.9947 -0.0957 0.0378
vn -0.0704 -0.6574 0.7503
vn 0.9957 -0.0578 0.0727
vn -0.2357 0.1758 0.9558
vn 0.9989 -0.0469 0.0076
vn 0.9986 -0.0313 0.0423
vn -0.0177 -0.6799 0.7331
vn 0.2121 -0.9019 -0.3764
vn 0.9953 -0.0700 0.0674
vn 0.9926 -0.0908 0.0805
vn -0.0106 -0.9253 -0.3790
vn -0.3885 0.4847 0.7837
vn 0.9994 -0.0340 0.0030
vn 0.9989 -0.0472 -0.0031
vn -0.4586 -0.2334 0.8575
vn -0.1872 0.5075 0.8411
vn 0.9932 -0.1069 0.0472
vn -0.4847 -0.7496 0.4507
vn 0.9950 -0.0532 0.0843
vn -0.5637 -0.1624 0.8098
vn 0.9993 -0.0377 0.0073
vn 0.9987 -0.0282 0.0418
vn -0.2269 -0.9092 0.3490
vn -0.0609 0.9359 -0.3470
vn 0.0923 0.9268 0.3642
vn -0.4753 0.3688 0.7988
vn 0.0118 0.9739 0.2267
vn 0.0473 0.8332 -0.5510
vn 0.0713 0.9425 -0.3265
vn 0.0238 0.9044 -0.4261
vn -0.0194 0.9136 -0.4062
vn 0.0239 -0.8979 0.4396
vn 0.0569 -0.9241 0.3779
vn -0.0045 -0.8990 0.4379
vn 0.0734 0.0349 0.9967
vn 0.0288 -0.9389 0.3429
vn -0.0062 -0.9576 -0.2881
vn 0.0693 -0.9463 0.3159
vn 0.0377 -0.9203 0.3893
vn -0.1458 -0.4347 -0.8887
vn -0.0738 -0.9385 -0.3373
vn -0.1068 -0.7857 0.6093
vn -0.0894 -0.2277 -0.9696
vn 0.0392 0.8347 -0.5494
vn 0.2102 0.5315 -0.8206
vn 0.1177 -0.9916 -0.0545
vn 0.0027 0.1567 0.9876
vn 0.1264 -0.5708 0.8113
vn -0.0361 0.9018 0.4306
vn -0.0137 0.8655 0.5007
vn 0.0429 0.1856 0.9817
vn 0.0753 -0.5061 0.8592
vn 0.1209 -0.9926 0.0045
vn 0.0482 -0.9986 0.0194
vn -0.0040 -0.5975 0.8018
vn -0.0301 0.2433 0.9695
vn -0.0469 0.8517 0.5220
vn -0.0514 0.9006 0.4317
vn 0.0037 -0.6258 0.7800
vn -0.0336 0.2353 0.9713
vn 0.0594 -0.9980 -0.0238
vn 0.2677 -0.5987 0.7549
vn 0.3445 -0.8705 0.3514
vn 0.3561 -0.7004 0.6185
vn 0.2429 -0.9547 0.1718
vn 0.0734 -0.8052 -0.5884
vn 0.1649 -0.0060 0.9863
vn 0.2989 -0.8124 -0.5006
vn 0.1652 0.1968 0.9664
vn 0.0652 -0.8043 -0.5907
vn 0.0440 -0.5898 0.8063
vn 0.0657 -0.9263 0.3711
vn 0.0569 -0.7467 0.6628
vn 0.0252 -0.9902 0.1370
vn 0.0774 0.1433 0.9866
vn 0.0336 0.0265 0.9991
vn 0.0771 -0.8411 -0.5354
vn -0.1448 0.2380 0.9604
vn -0.0077 -0.8390 -0.5441
vn 0.0026 -0.9950 0.0996
vn -0.0170 -0.8035 -0.5951
vn -0.0819 0.0656 0.9945
vn -0.0124 -0.5564 0.8308
vn 0.0474 -0.9303 0.3638
vn 0.0436 -0.7424 0.6685
vn 0.0414 -0.8672 0.4962
vn 0.1950 0.1781 0.9645
vn 0.1648 0.3691 0.9147
vn 0.0227 -0.9605 0.2775
vn 0.0706 0.4840 0.8722
vn -0.0895 0.4235 -0.9015
vn 0.0478 -0.9616 0.2701
vn 0.0942 -0.3598 0.9283
vn -0.0981 -0.3675 -0.9248
vn 0.0871 -0.9853 0.1469
vn -0.1089 0.9550 -0.2758
vn 0.2038 -0.4696 0.8590
vn -0.1740 -0.2550 -0.9512
vn -0.1989 0.5281 -0.8255
vn -0.9780 -0.0587 0.2002
vn -0.2974 0.6105 -0.7341
vn -0.7931 0.1859 0.5800
vn -0.0278 -0.9850 0.1701
vn -0.3247 -0.4354 -0.8396
vn -0.2031 0.4390 0.8752
vn -0.3274 0.8922 -0.3112
vn -0.0412 -0.4697 0.8819
vn -0.5230 0.8232 -0.2212
vn -0.4783 -0.3957 0.7840
vn -0.0958 0.2092 0.9732
vn -0.0350 -0.8561 0.5156
vn -0.0214 -0.9990 0.0402
vn 0.0802 -0.9859 0.1470
vn 0.0693 -0.3531 0.9330
vn 0.0277 -0.9995 0.0153
vn 0.0347 0.0299 0.9989
vn 0.2038 -0.4697 0.8590
vn -0.0233 0.9123 -0.4089
vn 0.1266 0.0104 0.9919
vn -0.0641 -0.5909 0.8042
vn -0.0509 0.8375 0.5440
vn -0.0750 0.2355 0.9690
vn -0.0513 -0.5697 0.8203
vn -0.0172 -0.9977 0.0649
vn -0.0665 0.1545 0.9858
vn -0.0354 -0.9994 0.0066
vn -0.0639 0.9095 0.4107
vn 0.9780 0.0587 -0.2002
vn 0.1170 0.1750 0.9776
vn 0.1393 -0.0816 0.9869
vn 0.0778 -0.9144 0.3972
vn 0.0370 -0.9948 -0.0954
vn 0.2278 0.2173 0.9492
vn 0.2012 0.0080 0.9795
vn -0.1124 0.2797 0.9535
vn 0.1098 -0.8750 0.4716
vn -0.0123 0.0667 0.9977
vn -0.0618 -0.9959 0.0654
vn 0.0723 -0.9973 -0.0114
vn -0.0903 -0.8403 0.5345
vn -0.0835 -0.2688 -0.9596
vn 0.0116 -0.9835 0.1808
vn -0.0178 -0.9870 0.1600
vn 0.0477 -0.4504 0.8916
vn 0.0239 -0.4520 0.8917
vn 0.0560 0.3859 0.9208
vn 0.0210 0.9508 -0.3090
vn -0.0524 0.5222 -0.8512
vn 0.0841 -0.4699 0.8787
vn -0.0383 -0.9848 0.1694
vn 0.0021 0.5373 -0.8434
vn -0.0628 -0.2465 -0.9671
vn 0.0850 -0.4777 0.8744
vn 0.0043 0.9581 -0.2865
vn -0.0113 -0.9899 0.1414
vn 0.0984 0.3625 0.9268
vn -0.5251 0.8225 -0.2186
vn -0.7907 0.1759 0.5864
vn -0.7834 0.1489 0.6034
vn -0.2640 0.8212 -0.5059
vn 0.0093 -0.7851 0.6193
vn -0.5308 0.8207 -0.2115
vn -0.1613 -0.6065 0.7786
vn -0.0809 -0.5986 0.7970
vn -0.0549 0.6103 0.7903
vn -0.0129 0.5988 0.8008
vn -0.1231 -0.9016 0.4147
vn -0.0511 -0.9082 0.4154
vn -0.1257 0.4100 0.9034
vn -0.0181 0.3808 0.9245
vn -0.0598 -0.7898 0.6104
vn -0.0954 -0.9654 0.2427
vn -0.1163 -0.7226 0.6814
vn -0.1623 -0.6007 0.7828
vn -0.1216 0.3290 0.9365
vn 0.0073 0.2238 0.9746
vn -0.0007 0.4590 0.8884
vn 0.0097 0.3895 0.9210
vn -0.0020 -0.3474 -0.9377
vn 0.0775 0.9930 -0.0889
vn -0.0572 -0.3252 -0.9439
vn 0.1174 0.9894 -0.0856
vn 0.0490 0.9911 0.1238
vn -0.0741 -0.2275 -0.9710
vn 0.0893 0.9957 -0.0250
vn 0.1135 0.9935 0.0068
vn 0.0272 -0.3715 -0.9280
vn -0.0941 -0.3061 -0.9473
vn 0.5503 -0.7136 -0.4335
vn 0.2793 -0.7048 -0.6521
vn 0.6624 0.7483 0.0344
vn 0.5095 0.8419 -0.1781
vn 0.0145 -0.5258 -0.8505
vn 0.6521 -0.7363 -0.1808
vn 0.1947 0.9673 -0.1624
vn 0.6604 0.7466 0.0805
vn -0.1394 -0.9898 -0.0296
vn 0.9885 -0.1447 0.0428
vn 0.0156 0.9286 0.3707
vn 0.9780 -0.1666 0.1258
vn 0.0092 -0.8926 -0.4508
vn -0.0949 0.5738 -0.8135
vn 0.0984 0.6086 0.7873
vn -0.0492 0.7362 -0.6750
vn 0.0117 -0.9444 -0.3287
vn -0.0994 0.5006 -0.8600
vn 0.0062 0.4816 -0.8764
vn 0.0313 -0.9347 -0.3541
vn 0.0888 0.6339 -0.7683
vn 0.2612 0.8219 0.5062
vn -0.0758 0.8512 0.5193
vn -0.0322 0.6523 -0.7573
vn 0.1641 0.4679 -0.8684
vn 0.1696 0.6082 -0.7755
vn 0.0716 0.8174 0.5717
vn -0.0867 0.7787 0.6214
vn -0.1019 0.6680 -0.7372
vn 0.2455 0.7357 0.6312
vn 0.0762 0.3137 -0.9464
vn -0.0117 -0.9537 -0.3006
vn 0.0686 0.4552 -0.8877
vn -0.0448 -0.9961 -0.0765
vn 0.0491 -0.9243 -0.3786
vn -0.1719 0.5098 -0.8430
vn 0.4600 0.1342 -0.8777
vn -0.0293 -0.9945 0.1010
vn 0.9547 -0.0649 -0.2903
vn -0.1115 -0.9924 0.0521
vn -0.1295 -0.9907 0.0409
vn -0.0142 0.8872 0.4611
vn -0.0047 0.9219 0.3873
vn 0.9893 -0.1430 0.0294
vn 0.7463 0.1376 -0.6513
vn 0.0379 0.8992 0.4359
vn -0.9959 -0.0905 0.0050
vn -0.2957 -0.7040 0.6457
vn 0.0754 -0.9801 -0.1836
vn -0.9965 -0.0841 0.0016
vn -0.9996 0.0271 0.0044
vn -0.1959 0.7096 0.6768
vn -0.3618 0.6622 0.6562
vn -0.9984 -0.0553 0.0147
vn -0.9995 0.0330 -0.0020
vn -0.0346 -0.9812 -0.1900
vn -0.9956 -0.0940 0.0047
vn -0.1680 -0.8082 0.5645
vn -0.9926 -0.1215 -0.0013
vn -0.3752 -0.0909 0.9225
vn -0.4560 -0.0300 0.8895
vn -0.9954 -0.0961 0.0035
vn -0.3206 0.8197 -0.4747
vn -0.0778 -0.7607 0.6445
vn -0.0460 -0.7704 0.6359
vn -0.2999 0.8206 -0.4864
vt 0.200874 0.032666
vt 0.166842 0.030595
vt 0.166806 0.003550
vt 0.199226 0.007137
vt 0.520727 0.279031
vt 0.520413 0.310466
vt 0.494872 0.310534
vt 0.495787 0.279858
vt 0.422094 0.139333
vt 0.390698 0.142791
vt 0.390117 0.123465
vt 0.422556 0.120862
vt 0.390116 0.090352
vt 0.424362 0.089184
vt 0.390114 0.057429
vt 0.425713 0.057311
vt 0.273268 0.035150
vt 0.311630 0.035565
vt 0.312374 0.064143
vt 0.275212 0.063794
vt 0.318171 0.091621
vt 0.318169 0.062014
vt 0.318172 0.122272
vt 0.166878 0.062427
vt 0.086103 0.063671
vt 0.086068 0.034874
vt 0.309825 0.295970
vt 0.298854 0.292321
vt 0.298518 0.283858
vt 0.309124 0.287423
vt 0.086029 0.010283
vt 0.424638 0.297736
vt 0.402603 0.297503
vt 0.400664 0.288258
vt 0.426549 0.288999
vt 0.512184 0.321254
vt 0.494633 0.313889
vt 0.379778 0.151502
vt 0.358015 0.143272
vt 0.508499 0.381314
vt 0.525209 0.362372
vt 0.540592 0.392133
vt 0.518642 0.391722
vt 0.040708 0.259733
vt 0.057686 0.255356
vt 0.058078 0.265850
vt 0.038194 0.276792
vt 0.339588 0.144853
vt 0.526912 0.333113
vt 0.544254 0.311530
vt 0.298281 0.276309
vt 0.308765 0.279646
vt 0.402237 0.278210
vt 0.425760 0.279728
vt 0.070087 0.136812
vt 0.057914 0.133553
vt 0.057929 0.125347
vt 0.069601 0.129102
vt 0.342595 0.265898
vt 0.355161 0.265798
vt 0.354969 0.274052
vt 0.342798 0.274052
vt 0.329657 0.272998
vt 0.330323 0.280847
vt 0.286628 0.296319
vt 0.275817 0.301574
vt 0.275680 0.292390
vt 0.286935 0.287898
vt 0.599390 0.860549
vt 0.597568 0.866552
vt 0.591946 0.866274
vt 0.593614 0.860443
vt 0.643042 0.612726
vt 0.656989 0.612707
vt 0.656822 0.618227
vt 0.643255 0.618246
vt 0.057924 0.117784
vt 0.069677 0.122026
vt 0.354912 0.281635
vt 0.342876 0.281635
vt 0.275924 0.282585
vt 0.286475 0.280590
vt 0.330540 0.288177
vt 0.561855 0.864874
vt 0.563342 0.873012
vt 0.546963 0.873236
vt 0.545313 0.864357
vt 0.536929 0.525954
vt 0.538292 0.532696
vt 0.532432 0.532257
vt 0.531149 0.525667
vt 0.600629 0.545077
vt 0.589134 0.545067
vt 0.589366 0.539458
vt 0.600404 0.539468
vt 0.598574 0.872951
vt 0.599594 0.879856
vt 0.593771 0.879171
vt 0.592825 0.872445
vt 0.537107 0.513332
vt 0.535611 0.519661
vt 0.529967 0.519572
vt 0.531322 0.513446
vt 0.498879 0.526582
vt 0.499701 0.534070
vt 0.486058 0.537777
vt 0.484068 0.528128
vt 0.528295 0.519547
vt 0.529722 0.513170
vt 0.592217 0.879546
vt 0.591206 0.872595
vt 0.684229 0.628405
vt 0.695189 0.629699
vt 0.695281 0.631094
vt 0.684249 0.629817
vt 0.530678 0.532661
vt 0.529390 0.525868
vt 0.657051 0.619826
vt 0.643091 0.619846
vt 0.590274 0.866171
vt 0.591872 0.860109
vt 0.497222 0.540665
vt 0.511423 0.544060
vt 0.493878 0.553214
vt 0.490272 0.546601
vt 0.595421 0.854131
vt 0.593700 0.853591
vt 0.594367 0.853102
vt 0.715756 0.634744
vt 0.726504 0.629128
vt 0.723993 0.638594
vt 0.716859 0.641723
vt 0.531313 0.533203
vt 0.479887 0.555309
vt 0.481953 0.550070
vt 0.687445 0.650230
vt 0.694982 0.650631
vt 0.695281 0.667900
vt 0.690192 0.667859
vt 0.724036 0.648376
vt 0.719310 0.650142
vt 0.575225 0.840935
vt 0.560776 0.843327
vt 0.554340 0.836595
vt 0.558324 0.830161
vt 0.565068 0.880964
vt 0.547898 0.882823
vt 0.499825 0.518983
vt 0.482899 0.518985
vt 0.504289 0.502927
vt 0.501909 0.510885
vt 0.484862 0.509942
vt 0.486759 0.500312
vt 0.532774 0.506817
vt 0.531258 0.506311
vt 0.643252 0.646621
vt 0.658159 0.646588
vt 0.660050 0.664113
vt 0.647197 0.663742
vt 0.538641 0.506541
vt 0.081299 0.133360
vt 0.080360 0.122555
vt 0.080873 0.142796
vt 0.075303 0.259613
vt 0.077639 0.276736
vt 0.544272 0.279050
vt 0.046903 0.129046
vt 0.047019 0.121252
vt 0.601290 0.854105
vt 0.046512 0.137295
vt 0.369188 0.280847
vt 0.368973 0.288177
vt 0.319765 0.156501
vt 0.312388 0.139719
vt 0.386749 0.162355
vt 0.390104 0.161900
vt 0.369856 0.272683
vt 0.420753 0.157777
vt 0.703637 0.629128
vt 0.715756 0.629624
vt 0.711070 0.640660
vt 0.701723 0.640402
vt 0.562923 0.849965
vt 0.561507 0.857335
vt 0.547124 0.855540
vt 0.549872 0.845982
vt 0.678600 0.648880
vt 0.682227 0.647712
vt 0.681981 0.654352
vt 0.678419 0.654978
vt 0.525574 0.846658
vt 0.514840 0.841958
vt 0.516050 0.837378
vt 0.527260 0.840530
vt 0.616583 0.643547
vt 0.613826 0.654641
vt 0.606849 0.652624
vt 0.608180 0.642712
vt 0.461016 0.541024
vt 0.448872 0.542695
vt 0.447651 0.537944
vt 0.459466 0.534710
vt 0.712813 0.660764
vt 0.715756 0.670712
vt 0.709751 0.673440
vt 0.705600 0.662628
vt 0.678297 0.656479
vt 0.682009 0.655084
vt 0.681733 0.662407
vt 0.678100 0.663121
vt 0.518079 0.859291
vt 0.506171 0.855964
vt 0.506952 0.851453
vt 0.519215 0.853258
vt 0.743048 0.651047
vt 0.730197 0.647487
vt 0.732853 0.639887
vt 0.744131 0.641367
vt 0.453881 0.527656
vt 0.440534 0.527766
vt 0.439640 0.523090
vt 0.452844 0.521455
vt 0.616971 0.607528
vt 0.618437 0.619175
vt 0.611563 0.621367
vt 0.608547 0.608343
vt 0.676963 0.679520
vt 0.681311 0.678622
vt 0.681081 0.686047
vt 0.676746 0.686844
vt 0.523297 0.873111
vt 0.511911 0.872913
vt 0.511571 0.868243
vt 0.522827 0.866903
vt 0.820517 0.653241
vt 0.816889 0.665973
vt 0.809181 0.663267
vt 0.810743 0.651776
vt 0.457864 0.513992
vt 0.445984 0.511146
vt 0.446606 0.506494
vt 0.458759 0.507787
vt 0.903573 0.653631
vt 0.905048 0.665297
vt 0.897433 0.667735
vt 0.893983 0.654853
vt 0.676488 0.687924
vt 0.681063 0.686972
vt 0.680848 0.694258
vt 0.676255 0.695348
vt 0.528051 0.884541
vt 0.517228 0.885344
vt 0.516526 0.880580
vt 0.527087 0.878217
vt 0.654601 0.686587
vt 0.649377 0.698071
vt 0.642350 0.694234
vt 0.645533 0.683482
vt 0.462762 0.502945
vt 0.451798 0.499170
vt 0.452970 0.494443
vt 0.464339 0.496637
vt 0.848284 0.649341
vt 0.849716 0.660606
vt 0.842013 0.663152
vt 0.838580 0.650831
vt 0.711253 0.651512
vt 0.702554 0.653006
vt 0.471884 0.539436
vt 0.470077 0.531553
vt 0.617578 0.621367
vt 0.618319 0.633811
vt 0.608137 0.633714
vt 0.606849 0.623549
vt 0.535591 0.850933
vt 0.537694 0.843270
vt 0.618437 0.581374
vt 0.616941 0.595392
vt 0.606849 0.595435
vt 0.607639 0.579577
vt 0.467156 0.527991
vt 0.466021 0.520240
vt 0.771640 0.652704
vt 0.755751 0.653060
vt 0.755917 0.641270
vt 0.769660 0.639887
vt 0.530597 0.861836
vt 0.532021 0.854295
vt 0.905048 0.631253
vt 0.903842 0.642974
vt 0.891979 0.643367
vt 0.892269 0.629053
vt 0.468639 0.516573
vt 0.469764 0.508817
vt 0.822364 0.627043
vt 0.822746 0.641924
vt 0.810624 0.641280
vt 0.809181 0.628664
vt 0.533962 0.873261
vt 0.533388 0.865504
vt 0.849716 0.628779
vt 0.848463 0.639782
vt 0.836303 0.640548
vt 0.836548 0.627043
vt 0.471895 0.506402
vt 0.473816 0.498515
vt 0.658447 0.676998
vt 0.646936 0.674179
vt 0.537395 0.883712
vt 0.536203 0.875812
vt 0.726504 0.661457
vt 0.721788 0.662622
vt 0.720631 0.656952
vt 0.725034 0.655857
vt 0.671419 0.693790
vt 0.671793 0.681171
vt 0.676268 0.682760
vt 0.546227 0.832672
vt 0.544524 0.827165
vt 0.071157 0.303532
vt 0.059534 0.296394
vt 0.096335 0.288338
vt 0.082517 0.311062
vt 0.004500 0.347069
vt 0.010835 0.317813
vt 0.027827 0.328988
vt 0.024535 0.346954
vt 0.101285 0.315437
vt 0.085941 0.327576
vt 0.046064 0.303457
vt 0.105774 0.346784
vt 0.089264 0.346787
vt 0.018955 0.288116
vt 0.032285 0.311018
vt 0.954700 0.872594
vt 0.961951 0.872596
vt 0.961951 0.875859
vt 0.954700 0.875857
vt 0.964265 0.446272
vt 0.955819 0.446305
vt 0.955819 0.443042
vt 0.964256 0.443009
vt 0.967511 0.454323
vt 0.976186 0.454323
vt 0.976187 0.457586
vt 0.967511 0.457586
vt 0.958856 0.454324
vt 0.958855 0.457587
vt 0.964040 0.681360
vt 0.967817 0.692444
vt 0.963968 0.692947
vt 0.960859 0.683939
vt 0.926939 0.687014
vt 0.928260 0.676277
vt 0.931978 0.679883
vt 0.930909 0.688526
vt 0.943822 0.664523
vt 0.952021 0.667631
vt 0.951206 0.674047
vt 0.944525 0.671554
vt 0.960550 0.671871
vt 0.958073 0.676366
vt 0.926326 0.697867
vt 0.930415 0.697330
vt 0.935999 0.669758
vt 0.938257 0.675793
vt 0.947845 0.454319
vt 0.953422 0.454321
vt 0.953421 0.457584
vt 0.947845 0.457582
vt 0.969087 0.872596
vt 0.969087 0.875859
vt 0.948785 0.446335
vt 0.948785 0.443072
vt 0.770490 0.808694
vt 0.761030 0.808530
vt 0.760993 0.793155
vt 0.772397 0.794209
vt 0.760738 0.779307
vt 0.774534 0.780870
vt 0.734951 0.770197
vt 0.723912 0.770281
vt 0.717792 0.756906
vt 0.730586 0.756807
vt 0.728759 0.745696
vt 0.715351 0.745802
vt 0.715063 0.741189
vt 0.728544 0.741082
vt 0.773085 0.847082
vt 0.780689 0.840884
vt 0.793190 0.852924
vt 0.785960 0.862776
vt 0.802406 0.858736
vt 0.793739 0.871406
vt 0.849700 0.878661
vt 0.834990 0.878654
vt 0.832735 0.865339
vt 0.850261 0.865346
vt 0.851798 0.854251
vt 0.832621 0.854243
vt 0.832608 0.849630
vt 0.851981 0.849638
vt 0.870626 0.854257
vt 0.875186 0.855594
vt 0.851616 0.858738
vt 0.874508 0.865354
vt 0.871315 0.878667
vt 0.776326 0.884244
vt 0.772880 0.872642
vt 0.766325 0.852085
vt 0.956320 0.852752
vt 0.973043 0.852664
vt 0.972732 0.859256
vt 0.955611 0.859343
vt 0.968190 0.872518
vt 0.953054 0.872594
vt 0.742274 0.779223
vt 0.747028 0.792909
vt 0.752092 0.808186
vt 0.779220 0.813887
vt 0.784019 0.804460
vt 0.787909 0.795640
vt 0.755026 0.770209
vt 0.753835 0.756829
vt 0.754029 0.745702
vt 0.754052 0.741086
vt 0.784565 0.832162
vt 0.785385 0.821473
vt 0.794030 0.818227
vt 0.794172 0.836280
vt 0.799411 0.815147
vt 0.802620 0.837008
vt 0.794873 0.770402
vt 0.777104 0.770268
vt 0.779754 0.756901
vt 0.800097 0.757051
vt 0.802329 0.745933
vt 0.781142 0.745779
vt 0.781306 0.741163
vt 0.802592 0.741318
vt 0.774194 0.779223
vt 0.757250 0.779194
vt 0.810084 0.770558
vt 0.818017 0.757227
vt 0.814737 0.854230
vt 0.814451 0.849617
vt 0.986791 0.788368
vt 0.973145 0.788450
vt 0.972754 0.772720
vt 0.986276 0.772641
vt 0.968207 0.759347
vt 0.979746 0.759278
vt 0.877875 0.763139
vt 0.863003 0.764813
vt 0.862449 0.751624
vt 0.874255 0.750333
vt 0.861792 0.736366
vt 0.869969 0.735524
vt 0.852845 0.794517
vt 0.833616 0.794510
vt 0.832673 0.778800
vt 0.851605 0.778806
vt 0.834565 0.765480
vt 0.850784 0.765485
vt 0.889746 0.674986
vt 0.902056 0.685587
vt 0.892093 0.693557
vt 0.882415 0.685246
vt 0.880257 0.703234
vt 0.873682 0.697624
vt 0.866283 0.692555
vt 0.870742 0.677505
vt 0.874418 0.664971
vt 0.869044 0.765490
vt 0.872228 0.778812
vt 0.873343 0.794523
vt 0.853046 0.737047
vt 0.848487 0.752308
vt 0.844518 0.765470
vt 0.953087 0.759424
vt 0.955636 0.772807
vt 0.956528 0.788539
vt 0.755089 0.685949
vt 0.728791 0.685960
vt 0.731159 0.670262
vt 0.755366 0.670265
vt 0.735465 0.657019
vt 0.756092 0.657021
vt 0.892088 0.748209
vt 0.885010 0.739466
vt 0.876431 0.729385
vt 0.804512 0.686200
vt 0.782353 0.686026
vt 0.781343 0.670337
vt 0.802302 0.670503
vt 0.778214 0.657079
vt 0.795907 0.657221
vt 0.905264 0.705569
vt 0.903265 0.728256
vt 0.893380 0.724949
vt 0.894713 0.708335
vt 0.881314 0.721229
vt 0.881992 0.711817
vt 0.814139 0.794498
vt 0.815580 0.778788
vt 0.819876 0.765470
vt 0.728791 0.713519
vt 0.715063 0.713630
vt 0.715063 0.686072
vt 0.776483 0.817325
vt 0.771464 0.812182
vt 0.771263 0.811463
vt 0.777047 0.816616
vt 0.755053 0.713508
vt 0.763448 0.812959
vt 0.762949 0.812046
vt 0.754047 0.814215
vt 0.753644 0.812971
vt 0.973137 0.816010
vt 0.956520 0.816098
vt 0.772077 0.841743
vt 0.779416 0.837054
vt 0.779678 0.837844
vt 0.772285 0.842845
vt 0.852838 0.822077
vt 0.833633 0.822070
vt 0.764345 0.845977
vt 0.764754 0.847237
vt 0.873335 0.822083
vt 0.814125 0.822058
vt 0.780427 0.829668
vt 0.781281 0.830182
vt 0.781578 0.822228
vt 0.782364 0.822073
vt 0.782313 0.713585
vt 0.804514 0.713758
vt 0.868727 0.731204
vt 0.874689 0.727395
vt 0.861985 0.733037
vt 0.854868 0.730921
vt 0.871883 0.700393
vt 0.864470 0.698647
vt 0.876758 0.706149
vt 0.879535 0.712497
vt 0.877726 0.720160
vt 0.493581 0.153798
vt 0.451403 0.153654
vt 0.453489 0.135876
vt 0.494628 0.136264
vt 0.543051 0.206145
vt 0.544290 0.246570
vt 0.521041 0.247597
vt 0.519497 0.206421
vt 0.234905 0.034736
vt 0.238049 0.063444
vt 0.202463 0.062936
vt 0.497190 0.087332
vt 0.458608 0.088015
vt 0.461312 0.057194
vt 0.498484 0.056596
vt 0.495384 0.117999
vt 0.454995 0.118259
vt 0.496702 0.249181
vt 0.495667 0.206976
vt 0.231646 0.010724
vt 0.272017 0.010912
vt 0.803553 0.727538
vt 0.781809 0.727374
vt 0.754553 0.727297
vt 0.833121 0.835850
vt 0.814288 0.835837
vt 0.877754 0.849649
vt 0.866027 0.849643
vt 0.867541 0.835862
vt 0.852410 0.835857
vt 0.973133 0.829789
vt 0.956516 0.829878
vt 0.728668 0.727300
vt 0.715063 0.727410
vt 0.860008 0.713644
vt 0.404467 0.272680
vt 0.395421 0.275032
vt 0.398585 0.169478
vt 0.408980 0.167549
vt 0.057900 0.141013
vt 0.070669 0.143073
vt 0.397358 0.413509
vt 0.378043 0.410326
vt 0.393049 0.300321
vt 0.403906 0.302934
vt 0.423934 0.273807
vt 0.424575 0.168010
vt 0.057919 0.110908
vt 0.047125 0.114167
vt 0.048750 0.005562
vt 0.057842 0.005520
vt 0.342411 0.258484
vt 0.329051 0.265863
vt 0.046156 0.144794
vt 0.069877 0.116401
vt 0.067226 0.005519
vt 0.298066 0.269447
vt 0.285906 0.274999
vt 0.285113 0.164607
vt 0.294769 0.164269
vt 0.285865 0.423593
vt 0.269855 0.428480
vt 0.275991 0.307402
vt 0.286057 0.302927
vt 0.276453 0.276236
vt 0.276520 0.165004
vt 0.426549 0.416687
vt 0.423111 0.303299
vt 0.354861 0.288529
vt 0.368777 0.294840
vt 0.365784 0.396978
vt 0.354068 0.394189
vt 0.320226 0.422835
vt 0.303847 0.417949
vt 0.299160 0.300016
vt 0.310462 0.303740
vt 0.308438 0.272575
vt 0.303430 0.164204
vt 0.342947 0.288529
vt 0.344038 0.394189
vt 0.370464 0.265261
vt 0.355336 0.258294
vt 0.330737 0.294840
vt 0.333759 0.396978
vt 0.079140 0.116352
vt 0.080537 0.148308
vt 0.955819 0.420082
vt 0.948785 0.420112
vt 0.948785 0.414529
vt 0.955819 0.414499
vt 0.777947 0.815486
vt 0.770943 0.810316
vt 0.762155 0.810590
vt 0.964225 0.420048
vt 0.964221 0.414465
vt 0.958855 0.480547
vt 0.967511 0.480547
vt 0.967511 0.486130
vt 0.958855 0.486130
vt 0.765404 0.849245
vt 0.772616 0.844600
vt 0.780097 0.839103
vt 0.953421 0.480545
vt 0.953421 0.486128
vt 0.976189 0.480547
vt 0.976190 0.486130
vt 0.753001 0.810990
vt 0.954700 0.898817
vt 0.961951 0.898819
vt 0.961951 0.904401
vt 0.954700 0.904400
vt 0.783615 0.821824
vt 0.947845 0.480543
vt 0.947844 0.486126
vt 0.782641 0.831002
vt 0.969087 0.898818
vt 0.969087 0.904401
vt 0.948785 0.439780
vt 0.955819 0.439750
vt 0.964241 0.439716
vt 0.967511 0.460879
vt 0.958855 0.460879
vt 0.953421 0.460877
vt 0.976188 0.460878
vt 0.961951 0.879151
vt 0.954700 0.879149
vt 0.947845 0.460875
vt 0.969087 0.879151
vt 0.638123 0.513878
vt 0.634766 0.521100
vt 0.640471 0.507167
vt 0.637947 0.528168
vt 0.640131 0.534702
vt 0.699246 0.879582
vt 0.701132 0.886680
vt 0.642350 0.515302
vt 0.657007 0.515285
vt 0.700175 0.865440
vt 0.696393 0.871900
vt 0.702922 0.859433
vt 0.602147 0.640523
vt 0.587490 0.640523
vt 0.312388 0.011100
vt 0.517954 0.165245
vt 0.494633 0.164770
vt 0.535766 0.136651
vt 0.535773 0.117739
vt 0.535773 0.086648
vt 0.535655 0.055998
vt 0.541812 0.165721
vt 0.535759 0.153941
vt 0.802065 0.750423
vt 0.819648 0.750620
vt 0.754006 0.750193
vt 0.780979 0.750269
vt 0.728975 0.750185
vt 0.956416 0.848267
vt 0.973086 0.848179
vt 0.832633 0.858731
vt 0.715639 0.750291
vt 0.956512 0.843657
vt 0.973128 0.843569
vt 0.815024 0.858717
vt 0.401797 0.664166
vt 0.401486 0.634327
vt 0.411319 0.634360
vt 0.411628 0.663987
vt 0.328930 0.949640
vt 0.327887 0.920580
vt 0.341227 0.921503
vt 0.338096 0.948564
vt 0.708861 0.615985
vt 0.727196 0.615984
vt 0.727196 0.621790
vt 0.708861 0.621791
vt 0.809105 0.579003
vt 0.795915 0.579000
vt 0.795915 0.495566
vt 0.809105 0.495569
vt 0.727196 0.579050
vt 0.708861 0.579050
vt 0.708861 0.495613
vt 0.727196 0.495612
vt 0.922315 0.579201
vt 0.911949 0.579104
vt 0.911949 0.495669
vt 0.922315 0.495766
vt 0.782725 0.578997
vt 0.782725 0.495563
vt 0.699149 0.579047
vt 0.689439 0.579043
vt 0.689439 0.495606
vt 0.699149 0.495609
vt 0.945031 0.579214
vt 0.945031 0.495779
vt 0.795915 0.615933
vt 0.809105 0.615936
vt 0.809105 0.621742
vt 0.795915 0.621739
vt 0.873160 0.616145
vt 0.902608 0.616018
vt 0.902608 0.621823
vt 0.873160 0.621950
vt 0.699149 0.615982
vt 0.699149 0.621788
vt 0.922315 0.616135
vt 0.945031 0.616148
vt 0.945031 0.621954
vt 0.922315 0.621941
vt 0.911949 0.616038
vt 0.911949 0.621844
vt 0.651873 0.444059
vt 0.637331 0.451773
vt 0.632658 0.451253
vt 0.651617 0.441938
vt 0.678494 0.469170
vt 0.681206 0.450901
vt 0.685641 0.448798
vt 0.682485 0.470054
vt 0.643663 0.478437
vt 0.655984 0.483127
vt 0.656295 0.486293
vt 0.641959 0.480836
vt 0.667239 0.476148
vt 0.669390 0.478174
vt 0.631341 0.473747
vt 0.627623 0.475379
vt 0.737943 0.026253
vt 0.754288 0.026051
vt 0.768943 0.101004
vt 0.740666 0.101225
vt 0.748053 0.464804
vt 0.748349 0.440959
vt 0.759264 0.439876
vt 0.759583 0.463662
vt 0.850350 0.175955
vt 0.832906 0.175997
vt 0.828055 0.101264
vt 0.852289 0.101206
vt 0.911093 0.253293
vt 0.911120 0.226773
vt 0.986044 0.219575
vt 0.986044 0.255018
vt 0.949612 0.349981
vt 0.926760 0.349987
vt 0.916671 0.314301
vt 0.948963 0.314294
vt 0.638551 0.065173
vt 0.676106 0.065397
vt 0.679286 0.101225
vt 0.628359 0.100970
vt 0.962455 0.349984
vt 0.966806 0.314298
vt 0.648246 0.059007
vt 0.685844 0.059233
vt 0.733168 0.474033
vt 0.744698 0.472891
vt 0.319795 0.949370
vt 0.314849 0.922083
vt 0.392050 0.664344
vt 0.391737 0.634293
vt 0.392542 0.695349
vt 0.402342 0.694915
vt 0.867793 0.175913
vt 0.876523 0.101147
vt 0.782725 0.615930
vt 0.782725 0.621736
vt 0.412112 0.694518
vt 0.320215 0.978775
vt 0.329945 0.978148
vt 0.718284 0.483262
vt 0.729814 0.482120
vt 0.975298 0.349987
vt 0.984648 0.314302
vt 0.689439 0.615978
vt 0.689439 0.621784
vt 0.902608 0.579090
vt 0.873160 0.579218
vt 0.873160 0.495796
vt 0.902608 0.495669
vt 0.339759 0.977517
vt 0.122078 0.641147
vt 0.125862 0.663032
vt 0.089069 0.664111
vt 0.085288 0.642767
vt 0.062434 0.921020
vt 0.056305 0.948808
vt 0.019453 0.948901
vt 0.025643 0.922793
vt 0.053298 0.964565
vt 0.050294 0.980413
vt 0.013393 0.979136
vt 0.016407 0.963591
vt 0.129638 0.684647
vt 0.092831 0.684855
vt 0.052924 0.705822
vt 0.060059 0.726838
vt 0.023263 0.728748
vt 0.016185 0.709246
vt 0.050199 0.849190
vt 0.045735 0.864810
vt 0.008887 0.864810
vt 0.013334 0.849332
vt 0.067184 0.753573
vt 0.030379 0.755279
vt 0.066673 0.891832
vt 0.029886 0.893738
vt 0.925754 0.152610
vt 0.959338 0.103016
vt 0.994645 0.120388
vt 0.991175 0.156181
vt 0.967876 0.162006
vt 0.944577 0.167831
vt 0.346959 0.946647
vt 0.348769 0.921915
vt 0.496808 0.918382
vt 0.497687 0.942965
vt 0.350769 0.976804
vt 0.498553 0.967270
vt 0.422658 0.663785
vt 0.422351 0.634400
vt 0.570428 0.634915
vt 0.570702 0.661082
vt 0.423253 0.694066
vt 0.571129 0.688047
vt 0.310755 0.948231
vt 0.307291 0.922915
vt 0.309120 0.979491
vt 0.381431 0.695843
vt 0.380936 0.664547
vt 0.380620 0.634255
vt 0.945031 0.606883
vt 0.922315 0.606870
vt 0.628114 0.450748
vt 0.651369 0.439876
vt 0.624008 0.476967
vt 0.795915 0.606668
vt 0.782725 0.606665
vt 0.640303 0.483169
vt 0.809105 0.606671
vt 0.656597 0.489372
vt 0.699149 0.606716
vt 0.689439 0.606713
vt 0.671482 0.480143
vt 0.708861 0.606720
vt 0.686367 0.470914
vt 0.727196 0.606719
vt 0.689954 0.446753
vt 0.902608 0.606754
vt 0.873160 0.606882
vt 0.911949 0.606773
vt 0.706907 0.484389
vt 0.721791 0.475160
vt 0.736676 0.465931
vt 0.657813 0.052923
vt 0.695452 0.053150
vt 0.737579 0.442028
vt 0.698489 0.101225
vt 0.787045 0.148977
vt 0.782264 0.101147
vt 0.700119 0.026017
vt 0.176699 0.666543
vt 0.163520 0.636551
vt 0.184318 0.634462
vt 0.193069 0.667507
vt 0.203903 0.634255
vt 0.210974 0.667377
vt 0.107423 0.960438
vt 0.124830 0.930860
vt 0.139613 0.927446
vt 0.124661 0.959190
vt 0.152508 0.926604
vt 0.141919 0.958389
vt 0.199516 0.699671
vt 0.212944 0.702066
vt 0.225957 0.702130
vt 0.092140 0.987310
vt 0.113118 0.990335
vt 0.132692 0.989629
vt 0.326778 0.740355
vt 0.317043 0.740708
vt 0.316500 0.723476
vt 0.326260 0.723052
vt 0.259187 0.541946
vt 0.249241 0.542833
vt 0.248615 0.525591
vt 0.258324 0.524811
vt 0.336512 0.739947
vt 0.336006 0.722618
vt 0.269233 0.541186
vt 0.268032 0.524028
vt 0.427390 0.528369
vt 0.278206 0.540567
vt 0.279103 0.523128
vt 0.426553 0.511026
vt 0.495470 0.733405
vt 0.347613 0.739485
vt 0.347121 0.722130
vt 0.494911 0.715764
vt 0.237543 0.526474
vt 0.240312 0.543676
vt 0.305401 0.723963
vt 0.305942 0.741112
vt 0.159794 0.747824
vt 0.158188 0.749239
vt 0.144349 0.741053
vt 0.151380 0.733035
vt 0.164536 0.746176
vt 0.158260 0.730185
vt 0.157271 0.895427
vt 0.159806 0.899156
vt 0.151533 0.908064
vt 0.143325 0.894042
vt 0.091769 0.537848
vt 0.096541 0.538042
vt 0.091234 0.555651
vt 0.084046 0.555214
vt 0.512416 0.722490
vt 0.513309 0.724606
vt 0.498572 0.725235
vt 0.498807 0.717570
vt 0.606016 0.723680
vt 0.607151 0.721471
vt 0.618997 0.718552
vt 0.618645 0.724040
vt 0.144079 0.748318
vt 0.561336 0.722199
vt 0.561365 0.724114
vt 0.142563 0.889084
vt 0.346688 0.709451
vt 0.494526 0.705822
vt 0.276777 0.488035
vt 0.274547 0.456801
vt 0.422679 0.454613
vt 0.424565 0.480803
vt 0.346724 0.911573
vt 0.496487 0.909443
vt 0.315985 0.710194
vt 0.325783 0.709964
vt 0.255951 0.489054
vt 0.253675 0.457127
vt 0.263426 0.456971
vt 0.265681 0.488578
vt 0.246221 0.489530
vt 0.243912 0.457125
vt 0.335550 0.709724
vt 0.327459 0.908576
vt 0.337602 0.909537
vt 0.317532 0.909842
vt 0.093785 0.496989
vt 0.235126 0.490073
vt 0.158851 0.910907
vt 0.308670 0.911900
vt 0.090952 0.456832
vt 0.232780 0.457128
vt 0.304877 0.710453
vt 0.149444 0.714284
vt 0.089224 0.497126
vt 0.086112 0.455880
vt 0.136427 0.714305
vt 0.087324 0.496756
vt 0.084397 0.454613
vt 0.122972 0.713147
vt 0.561577 0.721204
vt 0.606743 0.717570
vt 0.969277 0.656034
vt 0.975246 0.672277
vt 0.981374 0.690672
vt 0.912954 0.681691
vt 0.915165 0.663577
vt 0.928046 0.648500
vt 0.911923 0.699759
vt 0.954890 0.645028
vt 0.941346 0.639754
vt 0.735492 0.427787
vt 0.750034 0.420074
vt 0.754706 0.420593
vt 0.735747 0.429908
vt 0.708871 0.402676
vt 0.706158 0.420945
vt 0.701724 0.423048
vt 0.704880 0.401792
vt 0.743702 0.393410
vt 0.731381 0.388719
vt 0.731070 0.385553
vt 0.745406 0.391010
vt 0.720126 0.395698
vt 0.717975 0.393673
vt 0.756023 0.398100
vt 0.759741 0.396467
vt 0.745796 0.200081
vt 0.762141 0.199879
vt 0.776796 0.274832
vt 0.748519 0.275052
vt 0.639312 0.407042
vt 0.639016 0.430887
vt 0.628101 0.431970
vt 0.627782 0.408184
vt 0.874512 0.355572
vt 0.857068 0.355622
vt 0.852182 0.280891
vt 0.876417 0.280822
vt 0.631585 0.215654
vt 0.620483 0.171046
vt 0.620499 0.152495
vt 0.631585 0.204538
vt 0.693697 0.233061
vt 0.696805 0.275052
vt 0.687139 0.275052
vt 0.683959 0.239225
vt 0.986551 0.186431
vt 0.986524 0.212951
vt 0.911600 0.220149
vt 0.911600 0.184706
vt 0.951656 0.270936
vt 0.974509 0.270930
vt 0.984598 0.306615
vt 0.952305 0.306623
vt 0.646404 0.239001
vt 0.636212 0.274797
vt 0.938813 0.270933
vt 0.934463 0.306619
vt 0.576498 0.193019
vt 0.565580 0.211517
vt 0.565667 0.199789
vt 0.576608 0.178195
vt 0.796036 0.280774
vt 0.800821 0.322518
vt 0.790307 0.316330
vt 0.785542 0.280752
vt 0.587404 0.176176
vt 0.587549 0.156602
vt 0.656100 0.232835
vt 0.654196 0.397813
vt 0.642667 0.398955
vt 0.891956 0.355522
vt 0.900651 0.280752
vt 0.669081 0.388584
vt 0.657551 0.389726
vt 0.925971 0.270930
vt 0.916621 0.306615
vt 0.576057 0.252671
vt 0.586998 0.231077
vt 0.620438 0.223080
vt 0.631585 0.275124
vt 0.575691 0.295826
vt 0.565116 0.274264
vt 0.759251 0.421098
vt 0.735996 0.431970
vt 0.763357 0.394880
vt 0.747062 0.388677
vt 0.730767 0.382474
vt 0.715883 0.391703
vt 0.700998 0.400932
vt 0.697411 0.425093
vt 0.587130 0.213255
vt 0.576316 0.217616
vt 0.680458 0.387457
vt 0.665573 0.396686
vt 0.650689 0.405915
vt 0.665667 0.226751
vt 0.703306 0.226978
vt 0.620453 0.206188
vt 0.806392 0.280796
vt 0.811195 0.328623
vt 0.565494 0.223090
vt 0.706343 0.275052
vt 0.631585 0.226622
vt 0.649786 0.429818
vt 0.707973 0.199845
vt 0.621992 0.313285
vt 0.586267 0.317389
vt 0.906931 0.137389
vt 0.906115 0.103016
vt 0.200874 0.095938
vt 0.199226 0.124329
vt 0.166806 0.126474
vt 0.166842 0.096798
vt 0.198605 0.140552
vt 0.197094 0.157363
vt 0.166458 0.160458
vt 0.167228 0.143199
vt 0.475597 0.369088
vt 0.449652 0.371189
vt 0.448945 0.338791
vt 0.476084 0.337661
vt 0.422539 0.006330
vt 0.424354 0.030917
vt 0.390107 0.029684
vt 0.390100 0.003550
vt 0.273268 0.095695
vt 0.311630 0.096313
vt 0.318163 0.036959
vt 0.318156 0.012133
vt 0.086068 0.094991
vt 0.162916 0.302862
vt 0.163061 0.294247
vt 0.173430 0.290403
vt 0.173644 0.298925
vt 0.086029 0.122372
vt 0.139694 0.267522
vt 0.141367 0.276247
vt 0.115470 0.275714
vt 0.117661 0.266839
vt 0.156265 0.151122
vt 0.163104 0.160885
vt 0.484921 0.326225
vt 0.469480 0.305455
vt 0.096190 0.156129
vt 0.085869 0.138859
vt 0.115584 0.145177
vt 0.041075 0.434254
vt 0.038489 0.417123
vt 0.058419 0.427938
vt 0.058071 0.438471
vt 0.450769 0.266425
vt 0.469446 0.287023
vt 0.144851 0.142929
vt 0.162916 0.286449
vt 0.173177 0.282838
vt 0.140325 0.285860
vt 0.116769 0.286359
vt 0.070971 0.557168
vt 0.070517 0.564881
vt 0.058861 0.568628
vt 0.058811 0.560413
vt 0.244569 0.279603
vt 0.244824 0.287272
vt 0.232673 0.287992
vt 0.232020 0.280263
vt 0.257493 0.278956
vt 0.257278 0.286558
vt 0.186094 0.301885
vt 0.185243 0.293494
vt 0.196757 0.297053
vt 0.197210 0.306115
vt 0.613437 0.756357
vt 0.619214 0.756854
vt 0.620135 0.762822
vt 0.614482 0.762511
vt 0.637685 0.638052
vt 0.637470 0.643774
vt 0.623904 0.643693
vt 0.623739 0.637968
vt 0.070623 0.571967
vt 0.058887 0.576194
vt 0.245187 0.294682
vt 0.233172 0.295395
vt 0.185226 0.286101
vt 0.195876 0.287210
vt 0.257493 0.293800
vt 0.650302 0.764567
vt 0.667080 0.765788
vt 0.664416 0.774443
vt 0.647890 0.772503
vt 0.610990 0.819111
vt 0.616771 0.819464
vt 0.614785 0.825873
vt 0.608910 0.825663
vt 0.679590 0.593497
vt 0.679563 0.598857
vt 0.668533 0.599271
vt 0.668104 0.593928
vt 0.612783 0.768769
vt 0.618578 0.768866
vt 0.616923 0.775456
vt 0.611045 0.775530
vt 0.612190 0.806545
vt 0.617931 0.807297
vt 0.618602 0.813534
vt 0.612976 0.813000
vt 0.648733 0.823929
vt 0.663263 0.827096
vt 0.660242 0.836469
vt 0.647106 0.831282
vt 0.619549 0.807198
vt 0.620263 0.813693
vt 0.620162 0.769183
vt 0.618414 0.775990
vt 0.679421 0.600243
vt 0.668319 0.600652
vt 0.618495 0.819856
vt 0.616482 0.826468
vt 0.637635 0.645092
vt 0.623676 0.645008
vt 0.620977 0.756704
vt 0.621802 0.762893
vt 0.648920 0.838118
vt 0.655228 0.844790
vt 0.650927 0.850966
vt 0.634438 0.839928
vt 0.618209 0.750395
vt 0.619355 0.749480
vt 0.619972 0.750037
vt 0.672366 0.669056
vt 0.676510 0.666837
vt 0.676869 0.674621
vt 0.672007 0.681177
vt 0.615795 0.826937
vt 0.663145 0.849157
vt 0.664638 0.854594
vt 0.674468 0.622968
vt 0.670206 0.642861
vt 0.665135 0.642887
vt 0.666927 0.623088
vt 0.670857 0.712729
vt 0.671198 0.704282
vt 0.676111 0.705307
vt 0.678427 0.714529
vt 0.639611 0.739371
vt 0.657461 0.730413
vt 0.660755 0.737226
vt 0.653714 0.743255
vt 0.662365 0.783875
vt 0.645245 0.780227
vt 0.648615 0.816270
vt 0.665414 0.818137
vt 0.645949 0.799820
vt 0.663639 0.799152
vt 0.664456 0.808932
vt 0.647433 0.807992
vt 0.617225 0.800548
vt 0.618785 0.800212
vt 0.637478 0.670107
vt 0.633536 0.685843
vt 0.620683 0.686114
vt 0.622571 0.670006
vt 0.611422 0.799627
vt 0.082197 0.560656
vt 0.081304 0.571480
vt 0.081731 0.551247
vt 0.077933 0.416961
vt 0.075670 0.434213
vt 0.047969 0.572827
vt 0.047819 0.565031
vt 0.612362 0.749756
vt 0.047394 0.556777
vt 0.219128 0.296075
vt 0.218482 0.288859
vt 0.472886 0.259280
vt 0.484059 0.266254
vt 0.502761 0.332034
vt 0.502682 0.335391
vt 0.217346 0.281024
vt 0.501199 0.366134
vt 0.696350 0.667900
vt 0.698294 0.681903
vt 0.688944 0.682081
vt 0.684230 0.668325
vt 0.650979 0.749636
vt 0.664690 0.747048
vt 0.666330 0.756836
vt 0.651545 0.757111
vt 0.681767 0.663229
vt 0.681588 0.669288
vt 0.677032 0.670552
vt 0.677282 0.663953
vt 0.688573 0.750242
vt 0.687614 0.743975
vt 0.698890 0.741999
vt 0.699546 0.746677
vt 0.590705 0.673326
vt 0.599069 0.672201
vt 0.600407 0.684102
vt 0.593514 0.686344
vt 0.684829 0.842462
vt 0.687056 0.836357
vt 0.698501 0.840879
vt 0.696768 0.845467
vt 0.687179 0.704844
vt 0.694382 0.706770
vt 0.690219 0.718982
vt 0.684230 0.716220
vt 0.681546 0.670686
vt 0.681351 0.677286
vt 0.677020 0.678495
vt 0.677301 0.671218
vt 0.694534 0.763579
vt 0.694130 0.757465
vt 0.706295 0.756937
vt 0.706521 0.761501
vt 0.762818 0.626487
vt 0.764058 0.636158
vt 0.751567 0.637586
vt 0.748848 0.630026
vt 0.693383 0.829961
vt 0.695088 0.823911
vt 0.708096 0.826998
vt 0.706696 0.831548
vt 0.608273 0.565304
vt 0.616709 0.566225
vt 0.613719 0.579577
vt 0.606849 0.577367
vt 0.677353 0.658283
vt 0.677137 0.665562
vt 0.673608 0.666751
vt 0.673839 0.659372
vt 0.687797 0.776776
vt 0.688968 0.770653
vt 0.699765 0.773147
vt 0.698904 0.777754
vt 0.824960 0.652392
vt 0.834732 0.651072
vt 0.836303 0.662045
vt 0.828581 0.664661
vt 0.690917 0.815941
vt 0.690707 0.809674
vt 0.702992 0.809735
vt 0.703102 0.814428
vt 0.859171 0.648564
vt 0.868786 0.649464
vt 0.865354 0.660721
vt 0.857668 0.658510
vt 0.677468 0.649876
vt 0.677235 0.657255
vt 0.673863 0.658180
vt 0.674077 0.650939
vt 0.681784 0.787644
vt 0.683463 0.781457
vt 0.693466 0.784897
vt 0.692235 0.789560
vt 0.626136 0.706802
vt 0.635204 0.703776
vt 0.638389 0.713454
vt 0.631362 0.717258
vt 0.687259 0.804420
vt 0.686387 0.797977
vt 0.697988 0.797055
vt 0.698633 0.801882
vt 0.877034 0.645800
vt 0.886789 0.646762
vt 0.883434 0.656863
vt 0.875612 0.654702
vt 0.697437 0.695845
vt 0.688746 0.694282
vt 0.676814 0.832045
vt 0.674162 0.839683
vt 0.589598 0.647177
vt 0.600407 0.648921
vt 0.599119 0.661269
vt 0.588953 0.661712
vt 0.677062 0.745618
vt 0.678256 0.753455
vt 0.606849 0.539023
vt 0.617672 0.537371
vt 0.618441 0.553334
vt 0.608336 0.553186
vt 0.682079 0.821247
vt 0.680108 0.828826
vt 0.793162 0.624748
vt 0.791328 0.637586
vt 0.776718 0.636243
vt 0.776381 0.624453
vt 0.681423 0.757168
vt 0.681930 0.764811
vt 0.857668 0.629233
vt 0.870389 0.626709
vt 0.870787 0.639515
vt 0.858925 0.639510
vt 0.679609 0.809480
vt 0.679879 0.817313
vt 0.823154 0.627043
vt 0.836303 0.628887
vt 0.834858 0.640979
vt 0.822746 0.641451
vt 0.678741 0.768167
vt 0.677290 0.775819
vt 0.875612 0.629868
vt 0.888659 0.627399
vt 0.889056 0.638589
vt 0.876882 0.638472
vt 0.676719 0.798794
vt 0.677756 0.806845
vt 0.633799 0.695381
vt 0.622288 0.698112
vt 0.674775 0.778122
vt 0.672686 0.785851
vt 0.677875 0.649367
vt 0.674112 0.649777
vt 0.674252 0.645257
vt 0.678018 0.644528
vt 0.667690 0.656880
vt 0.662950 0.656594
vt 0.671377 0.695204
vt 0.675753 0.695946
vt 0.671336 0.728863
vt 0.669127 0.734165
vt 0.059746 0.397319
vt 0.071339 0.390126
vt 0.082668 0.382544
vt 0.096581 0.405273
vt 0.027903 0.364897
vt 0.010958 0.376296
vt 0.086022 0.366013
vt 0.101417 0.378151
vt 0.046247 0.390319
vt 0.032436 0.382836
vt 0.019203 0.405955
vt 0.981768 0.446261
vt 0.981768 0.442998
vt 0.986681 0.443038
vt 0.986681 0.446301
vt 0.973716 0.443002
vt 0.973716 0.446264
vt 0.983710 0.454321
vt 0.983710 0.457584
vt 0.990816 0.454319
vt 0.990816 0.457582
vt 0.967009 0.704127
vt 0.963273 0.702452
vt 0.929701 0.708197
vt 0.933149 0.705712
vt 0.936399 0.713791
vt 0.933731 0.718233
vt 0.951784 0.725593
vt 0.950661 0.718617
vt 0.956480 0.714492
vt 0.958912 0.720484
vt 0.962522 0.710487
vt 0.966069 0.714195
vt 0.943517 0.716130
vt 0.942882 0.722542
vt 0.954700 0.872594
vt 0.954700 0.875857
vt 0.947151 0.875868
vt 0.947151 0.872606
vt 0.991678 0.443077
vt 0.991678 0.446340
vt 0.939686 0.875882
vt 0.939686 0.872620
vt 0.737541 0.819543
vt 0.727315 0.809053
vt 0.735901 0.801417
vt 0.745080 0.813782
vt 0.717204 0.799747
vt 0.727422 0.790277
vt 0.920758 0.872564
vt 0.918502 0.859309
vt 0.934640 0.859331
vt 0.934550 0.872584
vt 0.918738 0.848231
vt 0.918767 0.843620
vt 0.935877 0.843642
vt 0.935745 0.848252
vt 0.757939 0.852069
vt 0.756542 0.872462
vt 0.744935 0.868813
vt 0.748170 0.851591
vt 0.754750 0.884244
vt 0.740331 0.879176
vt 0.863172 0.912753
vt 0.876369 0.907643
vt 0.876245 0.924049
vt 0.863082 0.927074
vt 0.887464 0.905782
vt 0.892076 0.905558
vt 0.891915 0.922851
vt 0.887307 0.922982
vt 0.882977 0.906007
vt 0.886376 0.887002
vt 0.887657 0.890409
vt 0.892673 0.865353
vt 0.888087 0.878667
vt 0.935614 0.852738
vt 0.733538 0.828929
vt 0.723941 0.824242
vt 0.715063 0.819626
vt 0.907687 0.872445
vt 0.903919 0.859167
vt 0.901561 0.848085
vt 0.901283 0.843474
vt 0.739932 0.846858
vt 0.734390 0.855965
vt 0.723927 0.841309
vt 0.733007 0.838720
vt 0.854494 0.948200
vt 0.863207 0.948434
vt 0.863398 0.969176
vt 0.854604 0.965878
vt 0.876399 0.948573
vt 0.876620 0.972102
vt 0.887434 0.949263
vt 0.892039 0.949340
vt 0.892272 0.973803
vt 0.887666 0.973628
vt 0.717210 0.842214
vt 0.877011 0.991864
vt 0.863733 0.985798
vt 0.892682 0.994683
vt 0.888074 0.994390
vt 0.727428 0.861767
vt 0.918271 0.788503
vt 0.917339 0.772776
vt 0.934669 0.772795
vt 0.935893 0.788523
vt 0.919726 0.759396
vt 0.934600 0.759413
vt 0.817864 0.745270
vt 0.827992 0.736558
vt 0.837171 0.744097
vt 0.829400 0.754808
vt 0.839710 0.726514
vt 0.846095 0.731692
vt 0.947247 0.906821
vt 0.962983 0.909391
vt 0.962788 0.924848
vt 0.947053 0.922666
vt 0.976428 0.915261
vt 0.976263 0.928586
vt 0.856110 0.664971
vt 0.856737 0.677600
vt 0.844091 0.679264
vt 0.840009 0.667112
vt 0.857317 0.692752
vt 0.848746 0.693851
vt 0.883586 0.765491
vt 0.888593 0.778812
vt 0.889392 0.794523
vt 0.899150 0.788360
vt 0.900774 0.772637
vt 0.905512 0.759278
vt 0.814125 0.724995
vt 0.824927 0.721576
vt 0.837655 0.717839
vt 0.947113 0.948345
vt 0.962869 0.948467
vt 0.963086 0.973741
vt 0.947344 0.974886
vt 0.976329 0.948749
vt 0.976511 0.970245
vt 0.826401 0.682086
vt 0.833820 0.690204
vt 0.825855 0.704843
vt 0.815674 0.702175
vt 0.842601 0.700088
vt 0.838024 0.708339
vt 0.963479 0.993438
vt 0.947754 0.995756
vt 0.976847 0.986818
vt 0.918263 0.816062
vt 0.935885 0.816083
vt 0.737762 0.830075
vt 0.736890 0.829838
vt 0.738539 0.822237
vt 0.738799 0.822938
vt 0.899217 0.815919
vt 0.745591 0.817761
vt 0.745724 0.818795
vt 0.755624 0.847161
vt 0.756102 0.848174
vt 0.747205 0.848537
vt 0.746954 0.847742
vt 0.919693 0.906860
vt 0.919499 0.922692
vt 0.889382 0.822083
vt 0.919558 0.948388
vt 0.741422 0.843307
vt 0.741810 0.842383
vt 0.736522 0.837064
vt 0.735797 0.837406
vt 0.919791 0.974882
vt 0.920201 0.995756
vt 0.843111 0.723577
vt 0.840201 0.717126
vt 0.847753 0.728800
vt 0.857310 0.696054
vt 0.850082 0.698206
vt 0.844287 0.702001
vt 0.841612 0.709407
vt 0.501239 0.439063
vt 0.476894 0.441643
vt 0.475111 0.400515
vt 0.499716 0.396877
vt 0.272017 0.123344
vt 0.271102 0.139597
vt 0.229982 0.137904
vt 0.231646 0.122184
vt 0.234905 0.095078
vt 0.497182 0.031317
vt 0.458600 0.032150
vt 0.451529 0.443996
vt 0.427824 0.446869
vt 0.427259 0.408234
vt 0.450359 0.403588
vt 0.269892 0.155616
vt 0.227729 0.154267
vt 0.905798 0.948864
vt 0.906031 0.974343
vt 0.906442 0.995220
vt 0.905707 0.922772
vt 0.892242 0.880803
vt 0.919939 0.891446
vt 0.906052 0.894321
vt 0.892213 0.893833
vt 0.905884 0.906209
vt 0.935881 0.829862
vt 0.900250 0.829696
vt 0.918515 0.829841
vt 0.118847 0.292692
vt 0.120490 0.399915
vt 0.110151 0.402126
vt 0.109869 0.295138
vt 0.071526 0.550911
vt 0.058766 0.552944
vt 0.119112 0.261682
vt 0.108187 0.269329
vt 0.138338 0.292274
vt 0.136091 0.399950
vt 0.058911 0.583073
vt 0.059278 0.688502
vt 0.050185 0.688545
vt 0.048105 0.579915
vt 0.260676 0.166111
vt 0.257688 0.272044
vt 0.244338 0.272632
vt 0.240796 0.165781
vt 0.047007 0.549273
vt 0.070846 0.577605
vt 0.068661 0.688502
vt 0.172947 0.275960
vt 0.169425 0.170543
vt 0.179077 0.170093
vt 0.185429 0.280397
vt 0.195116 0.429587
vt 0.187089 0.308396
vt 0.197410 0.311850
vt 0.211384 0.432798
vt 0.187665 0.169597
vt 0.194933 0.280769
vt 0.138319 0.262030
vt 0.233625 0.302124
vt 0.240567 0.405272
vt 0.228706 0.403182
vt 0.219714 0.302635
vt 0.160766 0.430741
vt 0.162785 0.310695
vt 0.173838 0.306673
vt 0.176818 0.425424
vt 0.162785 0.279361
vt 0.160766 0.170708
vt 0.245517 0.301419
vt 0.250579 0.404678
vt 0.222322 0.165529
vt 0.231426 0.273236
vt 0.216312 0.273900
vt 0.200473 0.164718
vt 0.257688 0.300383
vt 0.260676 0.401286
vt 0.080110 0.577713
vt 0.081373 0.545753
vt 0.973716 0.420042
vt 0.973716 0.414459
vt 0.981768 0.414455
vt 0.981768 0.420038
vt 0.735502 0.829462
vt 0.738126 0.821122
vt 0.745379 0.816113
vt 0.990816 0.480543
vt 0.990816 0.486126
vt 0.983710 0.486128
vt 0.983710 0.480545
vt 0.756862 0.849787
vt 0.747604 0.849801
vt 0.947151 0.898824
vt 0.947151 0.904406
vt 0.939686 0.904420
vt 0.939686 0.898838
vt 0.986681 0.414495
vt 0.986681 0.420078
vt 0.734642 0.837950
vt 0.954700 0.898813
vt 0.954700 0.904395
vt 0.740805 0.844777
vt 0.991678 0.414534
vt 0.991678 0.420117
vt 0.973716 0.439709
vt 0.981768 0.439705
vt 0.990816 0.460875
vt 0.983710 0.460877
vt 0.947151 0.879160
vt 0.939686 0.879174
vt 0.986681 0.439746
vt 0.954700 0.879148
vt 0.991678 0.439784
vt 0.511702 0.795948
vt 0.514211 0.803494
vt 0.510139 0.789023
vt 0.510308 0.810172
vt 0.507453 0.816429
vt 0.511795 0.764871
vt 0.509318 0.771741
vt 0.638389 0.540249
vt 0.623733 0.540164
vt 0.512473 0.750715
vt 0.515297 0.757522
vt 0.510624 0.744465
vt 0.677597 0.498534
vt 0.662950 0.499072
vt 0.454979 0.009110
vt 0.312388 0.124503
vt 0.312222 0.141290
vt 0.312055 0.156964
vt 0.478676 0.482771
vt 0.452699 0.484404
vt 0.428388 0.485503
vt 0.535765 0.030483
vt 0.502761 0.481249
vt 0.882824 0.923113
vt 0.882954 0.949186
vt 0.883185 0.973453
vt 0.883591 0.994097
vt 0.901838 0.852571
vt 0.918709 0.852716
vt 0.876640 0.888645
vt 0.329436 0.815539
vt 0.339253 0.815060
vt 0.339781 0.835211
vt 0.329968 0.835834
vt 0.399836 0.597168
vt 0.409009 0.597912
vt 0.412356 0.625812
vt 0.399031 0.628781
vt 0.742371 0.615978
vt 0.742371 0.621784
vt 0.727196 0.621789
vt 0.727196 0.615983
vt 0.953606 0.579214
vt 0.953606 0.495779
vt 0.962579 0.495852
vt 0.962579 0.579288
vt 0.727196 0.579048
vt 0.727196 0.495610
vt 0.742371 0.495606
vt 0.742371 0.579044
vt 0.822677 0.579000
vt 0.822677 0.495566
vt 0.839082 0.495581
vt 0.839082 0.579015
vt 0.971553 0.495925
vt 0.971553 0.579361
vt 0.769519 0.579006
vt 0.769519 0.495584
vt 0.782725 0.495563
vt 0.782725 0.578985
vt 0.989674 0.495821
vt 0.989674 0.579256
vt 0.962579 0.616221
vt 0.962579 0.622027
vt 0.953606 0.621954
vt 0.953606 0.616148
vt 0.859965 0.616163
vt 0.859965 0.621969
vt 0.839082 0.621753
vt 0.839082 0.615947
vt 0.769519 0.615934
vt 0.769519 0.621738
vt 0.756312 0.621760
vt 0.756312 0.615955
vt 0.989674 0.616190
vt 0.989674 0.621996
vt 0.971553 0.622101
vt 0.971553 0.616295
vt 0.822677 0.621739
vt 0.822677 0.615933
vt 0.886485 0.402200
vt 0.886751 0.400080
vt 0.905668 0.409472
vt 0.900993 0.409972
vt 0.859749 0.427200
vt 0.855754 0.428068
vt 0.852695 0.406799
vt 0.857120 0.408920
vt 0.894540 0.436609
vt 0.896232 0.439015
vt 0.881871 0.444413
vt 0.882196 0.441248
vt 0.870973 0.434224
vt 0.868813 0.436240
vt 0.910594 0.433618
vt 0.906883 0.431970
vt 0.734829 0.183787
vt 0.731463 0.109031
vt 0.769942 0.108918
vt 0.760266 0.183685
vt 0.790170 0.422922
vt 0.778638 0.421803
vt 0.779066 0.398019
vt 0.789983 0.399077
vt 0.624703 0.029324
vt 0.549799 0.024480
vt 0.549902 0.007992
vt 0.624777 0.017456
vt 0.624777 0.063954
vt 0.549869 0.073993
vt 0.549697 0.040968
vt 0.624629 0.041192
vt 0.961807 0.402906
vt 0.953995 0.367162
vt 0.983271 0.367368
vt 0.983271 0.403057
vt 0.642833 0.144536
vt 0.627315 0.108918
vt 0.668546 0.109038
vt 0.671701 0.144642
vt 0.805391 0.052318
vt 0.803295 0.088153
vt 0.779031 0.087904
vt 0.787926 0.052139
vt 0.652812 0.150700
vt 0.681643 0.150806
vt 0.815619 0.046154
vt 0.798154 0.045975
vt 0.390704 0.597698
vt 0.385977 0.626009
vt 0.319703 0.816015
vt 0.320238 0.836454
vt 0.318645 0.782809
vt 0.328443 0.782577
vt 0.756312 0.579027
vt 0.756312 0.495606
vt 0.338210 0.782334
vt 0.390871 0.562267
vt 0.400605 0.562624
vt 0.833083 0.046333
vt 0.822856 0.052498
vt 0.827558 0.088402
vt 0.782725 0.615912
vt 0.782725 0.621717
vt 0.859965 0.495796
vt 0.859965 0.579230
vt 0.410422 0.562984
vt 0.050298 0.837482
vt 0.013393 0.836119
vt 0.016593 0.821906
vt 0.053494 0.823033
vt 0.133578 0.628781
vt 0.096771 0.626797
vt 0.090394 0.605914
vt 0.127250 0.606783
vt 0.124091 0.583434
vt 0.087205 0.583570
vt 0.084046 0.561720
vt 0.120939 0.561028
vt 0.019837 0.808934
vt 0.056709 0.809144
vt 0.025344 0.785554
vt 0.062158 0.784149
vt 0.023733 0.869785
vt 0.060520 0.867885
vt 0.925460 0.042906
vt 0.944193 0.027714
vt 0.967585 0.033528
vt 0.990977 0.039342
vt 0.994749 0.075066
vt 0.959519 0.092405
vt 0.417886 0.599457
vt 0.568626 0.598453
vt 0.567941 0.622926
vt 0.419891 0.624141
vt 0.421438 0.563389
vt 0.569281 0.568817
vt 0.350268 0.814520
vt 0.498106 0.807288
vt 0.498572 0.825087
vt 0.350792 0.834507
vt 0.349348 0.782057
vt 0.497184 0.778384
vt 0.381674 0.599046
vt 0.378410 0.624498
vt 0.379772 0.561860
vt 0.307537 0.783071
vt 0.308604 0.816558
vt 0.309144 0.837162
vt 0.989674 0.606925
vt 0.971553 0.607029
vt 0.887009 0.398019
vt 0.910215 0.408986
vt 0.914202 0.435220
vt 0.962579 0.606956
vt 0.897878 0.441355
vt 0.953606 0.606883
vt 0.881555 0.447491
vt 0.782725 0.606649
vt 0.769519 0.606670
vt 0.866712 0.438201
vt 0.756312 0.606691
vt 0.851869 0.428912
vt 0.742371 0.606713
vt 0.727196 0.606717
vt 0.848391 0.404737
vt 0.859965 0.606898
vt 0.839082 0.606683
vt 0.822677 0.606668
vt 0.843175 0.040251
vt 0.825710 0.040071
vt 0.808246 0.039892
vt 0.662659 0.156781
vt 0.691452 0.156889
vt 0.801550 0.424027
vt 0.800755 0.400121
vt 0.688231 0.109036
vt 0.892039 0.088402
vt 0.847732 0.088402
vt 0.887801 0.013354
vt 0.706202 0.183675
vt 0.870336 0.013174
vt 0.852871 0.012995
vt 0.104529 0.824639
vt 0.120953 0.825005
vt 0.113142 0.847808
vt 0.092158 0.844656
vt 0.138847 0.824338
vt 0.132717 0.847132
vt 0.178262 0.591266
vt 0.195513 0.593505
vt 0.210715 0.625280
vt 0.195907 0.622370
vt 0.212776 0.594002
vt 0.223616 0.625708
vt 0.125819 0.790869
vt 0.139120 0.787814
vt 0.152105 0.786943
vt 0.162742 0.557288
vt 0.183700 0.555651
vt 0.203279 0.556064
vt 0.680134 0.960217
vt 0.680982 0.976860
vt 0.671230 0.977634
vt 0.670412 0.961051
vt 0.325816 0.862977
vt 0.326432 0.880184
vt 0.316693 0.880562
vt 0.315828 0.862550
vt 0.689862 0.959549
vt 0.690724 0.976188
vt 0.335886 0.861906
vt 0.336170 0.879808
vt 0.494533 0.855206
vt 0.495199 0.873807
vt 0.347276 0.879383
vt 0.344872 0.860168
vt 0.848713 0.948388
vt 0.849543 0.965148
vt 0.701834 0.975418
vt 0.700956 0.958777
vt 0.305588 0.880996
vt 0.306857 0.861555
vt 0.660140 0.978514
vt 0.659325 0.961996
vt 0.160055 0.754972
vt 0.152522 0.764193
vt 0.144885 0.755706
vt 0.158338 0.753313
vt 0.518115 0.974366
vt 0.513119 0.990093
vt 0.506082 0.989829
vt 0.513283 0.974186
vt 0.157123 0.891319
vt 0.142957 0.883829
vt 0.150212 0.871403
vt 0.159401 0.887901
vt 0.157327 0.868622
vt 0.164135 0.886380
vt 0.512479 0.726739
vt 0.499033 0.732856
vt 0.157216 0.893792
vt 0.561393 0.726028
vt 0.607216 0.725865
vt 0.348783 0.767478
vt 0.496786 0.766950
vt 0.699545 0.923728
vt 0.847493 0.918263
vt 0.346226 0.851307
vt 0.494266 0.847808
vt 0.698348 0.892018
vt 0.846495 0.891610
vt 0.318112 0.767484
vt 0.327889 0.767526
vt 0.678697 0.924497
vt 0.688437 0.924138
vt 0.668956 0.924857
vt 0.337651 0.767508
vt 0.667719 0.892130
vt 0.677472 0.892090
vt 0.325341 0.849917
vt 0.338676 0.850700
vt 0.312303 0.851421
vt 0.687225 0.892053
vt 0.514924 0.892506
vt 0.656597 0.892179
vt 0.657849 0.925268
vt 0.516356 0.930493
vt 0.149964 0.855984
vt 0.304746 0.852253
vt 0.306994 0.767428
vt 0.159612 0.767082
vt 0.511786 0.930584
vt 0.511598 0.974075
vt 0.509869 0.930239
vt 0.122088 0.854757
vt 0.052667 0.847808
vt 0.137039 0.856014
vt 0.561661 0.726891
vt 0.606922 0.729612
vt 0.510082 0.891610
vt 0.978563 0.727257
vt 0.980168 0.710025
vt 0.917552 0.716951
vt 0.924332 0.733880
vt 0.940645 0.745131
vt 0.967481 0.741589
vt 0.955743 0.750166
vt 0.805200 0.391448
vt 0.804935 0.393567
vt 0.786017 0.384175
vt 0.790693 0.383675
vt 0.831936 0.366448
vt 0.835931 0.365580
vt 0.838991 0.386848
vt 0.834565 0.384727
vt 0.797146 0.357038
vt 0.795453 0.354632
vt 0.809814 0.349235
vt 0.809489 0.352399
vt 0.820713 0.359423
vt 0.822873 0.357407
vt 0.781092 0.360030
vt 0.784803 0.361677
vt 0.743645 0.356745
vt 0.740279 0.281989
vt 0.778758 0.281877
vt 0.769081 0.356643
vt 0.901515 0.370725
vt 0.913047 0.371845
vt 0.912620 0.395628
vt 0.901703 0.394571
vt 0.549855 0.117099
vt 0.624758 0.121943
vt 0.624655 0.138431
vt 0.549781 0.128967
vt 0.554210 0.383705
vt 0.554210 0.372589
vt 0.565295 0.320441
vt 0.565311 0.338994
vt 0.690458 0.323765
vt 0.680517 0.317600
vt 0.677361 0.281996
vt 0.687269 0.281995
vt 0.549781 0.082469
vt 0.624688 0.072430
vt 0.624861 0.105455
vt 0.549928 0.105231
vt 0.946182 0.367314
vt 0.953995 0.403057
vt 0.924718 0.402851
vt 0.924718 0.367162
vt 0.651648 0.317494
vt 0.636131 0.281877
vt 0.811202 0.232345
vt 0.809105 0.268179
vt 0.784842 0.267930
vt 0.793737 0.232166
vt 0.609293 0.360568
vt 0.609183 0.345744
vt 0.620124 0.367239
vt 0.620210 0.378967
vt 0.843523 0.268428
vt 0.833369 0.268428
vt 0.828666 0.232524
vt 0.838894 0.226360
vt 0.598243 0.324248
vt 0.598388 0.343822
vt 0.661627 0.323658
vt 0.821429 0.226180
vt 0.803964 0.226001
vt 0.609734 0.420219
vt 0.620675 0.441714
vt 0.610100 0.463374
vt 0.554210 0.443179
vt 0.565356 0.391031
vt 0.598794 0.398724
vt 0.804677 0.395628
vt 0.781471 0.384661
vt 0.777483 0.358427
vt 0.793807 0.352292
vt 0.810131 0.346157
vt 0.824974 0.355446
vt 0.839817 0.364736
vt 0.843294 0.388910
vt 0.598662 0.380901
vt 0.609475 0.385164
vt 0.848985 0.220277
vt 0.831521 0.220098
vt 0.814056 0.219919
vt 0.671474 0.329740
vt 0.700267 0.329848
vt 0.565341 0.374138
vt 0.853543 0.268428
vt 0.620296 0.390540
vt 0.697046 0.281994
vt 0.554210 0.394674
vt 0.890136 0.369621
vt 0.890930 0.393527
vt 0.897849 0.268428
vt 0.893611 0.193380
vt 0.715018 0.356633
vt 0.876147 0.193201
vt 0.858682 0.193021
vt 0.599525 0.485034
vt 0.563802 0.481256
vt 0.906192 0.092405
vt 0.906726 0.058097
s 0
usemtl Material
f 412/1/1 1/2/1 23/3/1 414/4/1
f 419/5/2 69/6/2 22/7/2 415/8/2
f 420/9/3 86/10/3 24/11/3 416/12/3
f 416/12/4 24/11/4 5/13/4 417/14/4
f 417/14/5 5/13/5 12/15/5 418/16/5
f 428/17/6 6/18/6 13/19/6 429/20/6
f 12/15/7 5/13/7 19/21/7 21/22/7
f 5/13/8 24/11/8 18/23/8 19/21/8
f 1/2/9 11/24/9 20/25/9 15/26/9
f 347/27/10 348/28/10 31/29/10 92/30/10
f 23/3/11 1/2/11 15/26/11 16/31/11
f 344/32/12 336/33/12 29/34/12 32/35/12
f 72/36/13 3/37/13 22/7/13 69/6/13
f 89/38/14 4/39/14 24/11/14 86/10/14
f 71/40/15 27/41/15 16/42/15 73/43/15
f 88/44/16 25/45/16 17/46/16 90/47/16
f 4/39/17 26/48/17 18/23/17 24/11/17
f 27/41/18 2/49/18 23/50/18 16/42/18
f 92/30/19 31/29/19 349/51/19 346/52/19
f 32/35/20 29/34/20 337/53/20 345/54/20
f 335/55/21 340/56/21 28/57/21 74/58/21
f 352/59/22 350/60/22 33/61/22 30/62/22
f 339/63/23 352/59/23 30/62/23 91/64/23
f 343/65/24 344/66/24 32/67/24 75/68/24
f 403/69/25 404/70/25 47/71/25 98/72/25
f 400/73/26 392/74/26 48/75/26 50/76/26
f 74/58/27 28/57/27 341/77/27 334/78/27
f 30/62/28 33/61/28 351/79/28 353/80/28
f 75/68/29 32/67/29 345/81/29 342/82/29
f 91/64/30 30/62/30 353/80/30 338/83/30
f 55/84/31 84/85/31 68/86/31 103/87/31
f 395/88/32 409/89/32 49/90/32 97/91/32
f 409/92/33 406/93/33 51/94/33 49/95/33
f 399/96/34 400/97/34 50/98/34 81/99/34
f 391/100/35 396/101/35 46/102/35 80/103/35
f 100/104/36 57/105/36 99/106/36 67/107/36
f 80/103/37 46/102/37 397/108/37 390/109/37
f 81/99/38 50/98/38 401/110/38 398/111/38
f 49/112/39 51/113/39 408/114/39 411/115/39
f 97/91/40 49/90/40 410/116/40 394/117/40
f 50/76/41 48/75/41 393/118/41 401/119/41
f 98/72/42 47/71/42 405/120/42 402/121/42
f 62/122/43 60/123/43 64/124/43 66/125/43
f 51/126/44 407/127/44 408/128/44
f 56/129/45 57/130/45 62/131/45 61/132/45
f 410/116/46 49/90/46 411/133/46
f 66/125/47 64/124/47 155/134/47 157/135/47
f 60/136/48 59/137/48 63/138/48 64/139/48
f 61/132/49 62/131/49 66/140/49 65/141/49
f 59/142/50 61/143/50 65/144/50 63/145/50
f 84/85/51 54/146/51 104/147/51 68/86/51
f 58/148/52 100/104/52 67/107/52 85/149/52
f 53/150/53 83/151/53 82/152/53 105/153/53
f 47/71/54 81/99/54 398/111/54 405/120/54
f 48/154/55 80/103/55 390/109/55 393/155/55
f 54/156/56 53/157/56 105/158/56 104/159/56
f 392/160/57 391/100/57 80/103/57 48/154/57
f 404/70/58 399/96/58 81/99/58 47/71/58
f 31/29/59 75/68/59 342/82/59 349/51/59
f 29/161/60 74/58/60 334/78/60 337/162/60
f 348/28/61 343/65/61 75/68/61 31/29/61
f 336/163/62 335/55/62 74/58/62 29/161/62
f 25/45/63 71/164/63 73/165/63 17/46/63
f 2/49/64 72/36/64 69/6/64 23/50/64
f 414/166/65 23/50/65 69/6/65 419/5/65
f 51/126/66 98/72/66 402/121/66 407/127/66
f 46/102/67 97/91/67 394/117/67 397/108/67
f 396/101/68 395/88/68 97/91/68 46/102/68
f 28/57/69 91/167/69 338/168/69 341/77/69
f 406/169/70 403/69/70 98/72/70 51/126/70
f 340/56/71 339/170/71 91/167/71 28/57/71
f 33/61/72 92/171/72 346/172/72 351/79/72
f 26/48/73 88/173/73 90/174/73 18/23/73
f 3/175/74 89/38/74 86/10/74 22/176/74
f 350/60/75 347/177/75 92/171/75 33/61/75
f 415/178/76 22/176/76 86/10/76 420/9/76
f 57/179/77 56/180/77 102/181/77 99/182/77
f 83/151/78 58/148/78 85/149/78 82/152/78
f 56/183/79 101/184/79 52/185/79 102/186/79
f 101/184/80 55/84/80 103/87/80 52/185/80
f 106/187/81 107/188/81 108/189/81 109/190/81
f 123/191/82 107/192/82 106/193/82 124/194/82
f 127/195/83 108/196/83 107/197/83 123/198/83
f 129/199/84 109/200/84 108/201/84 127/202/84
f 124/203/85 106/204/85 109/205/85 129/206/85
f 110/207/86 111/208/86 112/209/86 113/210/86
f 131/211/87 111/212/87 110/213/87 132/214/87
f 135/215/88 112/216/88 111/217/88 131/218/88
f 137/219/89 113/220/89 112/221/89 135/222/89
f 132/223/90 110/224/90 113/225/90 137/226/90
f 114/227/91 115/228/91 116/229/91 117/230/91
f 139/231/92 115/232/92 114/233/92 140/234/92
f 143/235/93 116/236/93 115/237/93 139/238/93
f 145/239/94 117/240/94 116/241/94 143/242/94
f 140/243/95 114/244/95 117/245/95 145/246/95
f 118/247/96 119/248/96 120/249/96 121/250/96
f 147/251/97 119/252/97 118/253/97 148/254/97
f 151/255/98 120/256/98 119/257/98 147/258/98
f 153/259/99 121/260/99 120/261/99 151/262/99
f 148/263/100 118/264/100 121/265/100 153/266/100
f 102/181/101 125/267/101 128/268/101 99/182/101
f 125/267/102 124/203/102 129/206/102 128/268/102
f 99/106/103 128/269/103 126/270/103 67/107/103
f 128/269/104 129/199/104 127/202/104 126/270/104
f 67/271/105 126/272/105 122/273/105 52/274/105
f 126/272/106 127/195/106 123/198/106 122/273/106
f 52/185/107 122/275/107 125/276/107 102/186/107
f 122/275/108 123/191/108 124/194/108 125/276/108
f 52/277/109 133/278/109 136/279/109 67/280/109
f 133/278/110 132/223/110 137/226/110 136/279/110
f 67/107/111 136/281/111 134/282/111 85/149/111
f 136/281/112 137/219/112 135/222/112 134/282/112
f 85/283/113 134/284/113 130/285/113 103/286/113
f 134/284/114 135/215/114 131/218/114 130/285/114
f 103/87/115 130/287/115 133/288/115 52/185/115
f 130/287/116 131/211/116 132/214/116 133/288/116
f 103/289/117 141/290/117 144/291/117 85/292/117
f 141/290/118 140/243/118 145/246/118 144/291/118
f 85/149/119 144/293/119 142/294/119 82/152/119
f 144/293/120 145/239/120 143/242/120 142/294/120
f 82/295/121 142/296/121 138/297/121 68/298/121
f 142/296/122 143/235/122 139/238/122 138/297/122
f 68/86/123 138/299/123 141/300/123 103/87/123
f 138/299/124 139/231/124 140/234/124 141/300/124
f 68/301/125 149/302/125 152/303/125 82/304/125
f 149/302/126 148/263/126 153/266/126 152/303/126
f 82/152/127 152/305/127 150/306/127 105/153/127
f 152/305/128 153/259/128 151/262/128 150/306/128
f 105/158/129 150/307/129 146/308/129 104/159/129
f 150/307/130 151/255/130 147/258/130 146/308/130
f 104/147/131 146/309/131 149/310/131 68/86/131
f 146/309/132 147/251/132 148/254/132 149/310/132
f 155/311/133 154/312/133 156/313/133 157/314/133
f 64/250/134 63/315/134 154/316/134 155/317/134
f 65/141/135 66/140/135 157/314/135 156/313/135
f 63/145/136 65/144/136 156/318/136 154/319/136
f 17/46/137 73/165/137 165/320/137 160/321/137
f 73/165/138 16/322/138 159/323/138 165/320/138
f 21/324/139 19/325/139 162/326/139 164/327/139
f 16/322/140 15/328/140 158/329/140 159/323/140
f 90/47/141 17/46/141 160/321/141 166/330/141
f 15/328/142 20/331/142 163/332/142 158/329/142
f 19/325/143 18/333/143 161/334/143 162/326/143
f 18/333/144 90/47/144 166/330/144 161/334/144
f 168/335/145 174/336/145 384/337/145 372/338/145
f 172/339/146 167/340/146 374/341/146 382/342/146
f 171/343/147 173/344/147 380/345/147 376/346/147
f 170/347/148 171/343/148 376/346/148 378/348/148
f 657/349/149 665/350/149 190/351/149 186/352/149
f 659/353/150 661/354/150 188/355/150 187/356/150
f 671/357/151 667/358/151 191/359/151 193/360/151
f 667/358/152 655/361/152 185/362/152 191/359/152
f 663/363/153 659/353/153 187/356/153 189/364/153
f 655/361/154 657/349/154 186/352/154 185/362/154
f 661/354/155 669/365/155 192/366/155 188/355/155
f 669/365/156 671/357/156 193/360/156 192/366/156
f 169/367/157 175/368/157 386/369/157 388/370/157
f 174/336/158 169/371/158 388/372/158 384/337/158
f 175/368/159 170/347/159 378/348/159 386/369/159
f 167/340/160 168/373/160 372/374/160 374/341/160
f 204/375/161 208/376/161 210/377/161 207/378/161
f 207/378/162 210/377/162 211/379/162 206/380/162
f 206/381/163 211/382/163 212/383/163 205/384/163
f 443/385/164 438/386/164 209/387/164 203/388/164
f 214/389/165 218/390/165 220/391/165 217/392/165
f 217/392/166 220/391/166 221/393/166 216/394/166
f 216/395/167 221/396/167 222/397/167 215/398/167
f 444/399/168 439/400/168 219/401/168 213/402/168
f 444/399/169 442/403/169 312/404/169 432/405/169
f 215/398/170 227/406/170 226/407/170 216/395/170
f 216/394/171 226/408/171 225/409/171 217/392/171
f 217/392/172 225/409/172 223/410/172 214/389/172
f 434/411/173 431/412/173 212/413/173 230/414/173
f 230/414/174 212/413/174 211/415/174 231/416/174
f 231/417/175 211/379/175 210/377/175 232/418/175
f 232/418/176 210/377/176 208/376/176 229/419/176
f 234/420/177 204/375/177 207/378/177 237/421/177
f 237/421/178 207/378/178 206/380/178 236/422/178
f 236/423/179 206/381/179 205/384/179 235/424/179
f 445/425/180 443/385/180 203/388/180 233/426/180
f 239/427/181 243/428/181 245/429/181 242/430/181
f 242/430/182 245/429/182 246/431/182 241/432/182
f 241/433/183 246/434/183 247/435/183 240/436/183
f 446/437/184 441/438/184 244/439/184 238/440/184
f 243/428/185 234/420/185 237/421/185 245/429/185
f 245/441/186 237/442/186 236/423/186 246/434/186
f 246/434/187 236/423/187 235/424/187 247/435/187
f 441/438/188 445/425/188 233/426/188 244/439/188
f 218/390/189 239/427/189 242/430/189 220/391/189
f 220/391/190 242/430/190 241/432/190 221/393/190
f 221/443/191 241/433/191 240/436/191 222/444/191
f 439/400/192 446/445/192 238/446/192 219/401/192
f 249/447/193 253/448/193 255/449/193 252/450/193
f 252/450/194 255/449/194 256/451/194 251/452/194
f 251/453/195 256/454/195 257/455/195 250/456/195
f 250/456/196 257/455/196 254/457/196 248/458/196
f 259/459/197 263/460/197 265/461/197 262/462/197
f 262/462/198 265/461/198 266/463/198 261/464/198
f 261/465/199 266/466/199 267/467/199 260/468/199
f 260/468/200 267/467/200 264/469/200 258/470/200
f 258/470/201 269/471/201 272/472/201 260/468/201
f 260/468/202 272/472/202 271/473/202 261/465/202
f 261/464/203 271/474/203 270/475/203 262/462/203
f 262/462/204 270/475/204 268/476/204 259/459/204
f 273/477/205 254/457/205 257/455/205 275/478/205
f 275/478/206 257/455/206 256/454/206 276/479/206
f 276/480/207 256/451/207 255/449/207 277/481/207
f 277/481/208 255/449/208 253/448/208 274/482/208
f 279/483/209 249/484/209 252/485/209 282/486/209
f 282/486/210 252/485/210 251/487/210 281/488/210
f 281/489/211 251/453/211 250/456/211 280/490/211
f 280/490/212 250/456/212 248/458/212 278/491/212
f 284/492/213 288/493/213 290/494/213 287/495/213
f 287/495/214 290/494/214 291/496/214 286/497/214
f 286/498/215 291/499/215 292/500/215 285/501/215
f 285/501/216 292/500/216 289/502/216 283/503/216
f 288/493/217 279/483/217 282/486/217 290/494/217
f 290/494/218 282/486/218 281/488/218 291/496/218
f 291/499/219 281/489/219 280/490/219 292/500/219
f 292/500/220 280/490/220 278/491/220 289/502/220
f 263/460/221 284/504/221 287/505/221 265/461/221
f 265/461/222 287/505/222 286/506/222 266/463/222
f 266/466/223 286/498/223 285/501/223 267/467/223
f 267/467/224 285/501/224 283/503/224 264/469/224
f 302/507/225 303/508/225 253/509/225 249/484/225
f 174/510/226 168/511/226 373/512/226 385/513/226
f 304/514/227 302/507/227 249/484/227 279/483/227
f 168/511/228 167/515/228 375/516/228 373/512/228
f 167/515/229 172/517/229 383/518/229 375/516/229
f 303/519/230 305/520/230 274/482/230 253/448/230
f 171/521/231 170/522/231 379/523/231 377/524/231
f 306/525/232 307/526/232 263/460/232 259/459/232
f 173/527/233 171/521/233 377/524/233 381/528/233
f 308/529/234 306/525/234 259/459/234 268/476/234
f 307/526/235 309/530/235 284/504/235 263/460/235
f 170/522/236 175/531/236 387/532/236 379/523/236
f 169/533/237 174/510/237 385/513/237 389/534/237
f 310/535/238 304/514/238 279/483/238 288/493/238
f 175/531/239 169/533/239 389/534/239 387/532/239
f 309/536/240 310/535/240 288/493/240 284/492/240
f 195/537/241 201/538/241 278/491/241 248/458/241
f 194/539/241 195/537/241 248/458/241 254/457/241
f 199/540/241 194/539/241 254/457/241 273/477/241
f 198/541/241 200/542/241 269/471/241 258/470/241
f 197/543/241 198/541/241 258/470/241 264/469/241
f 202/544/241 197/543/241 264/469/241 283/503/241
f 201/538/241 196/545/241 289/502/241 278/491/241
f 196/545/241 202/544/241 283/503/241 289/502/241
f 422/546/242 295/547/242 301/548/242 427/549/242
f 421/550/243 294/551/243 300/552/243 426/553/243
f 412/1/244 293/554/244 298/555/244 413/556/244
f 424/557/245 297/558/245 299/559/245 425/560/245
f 423/561/246 296/562/246 297/558/246 424/557/246
f 427/549/247 301/548/247 296/562/247 423/561/247
f 426/553/248 300/552/248 295/563/248 422/564/248
f 428/17/249 293/554/249 294/565/249 421/566/249
f 454/567/250 450/568/250 310/535/250 309/536/250
f 450/568/251 448/569/251 304/514/251 310/535/251
f 453/570/252 454/571/252 309/530/252 307/526/252
f 224/572/253 311/573/253 455/574/253 308/529/253
f 449/575/254 453/570/254 307/526/254 306/525/254
f 451/576/255 452/577/255 305/520/255 303/519/255
f 448/569/256 447/578/256 302/507/256 304/514/256
f 447/578/257 451/579/257 303/508/257 302/507/257
f 312/404/258 442/403/258 311/573/258 224/572/258
f 455/574/259 311/573/259 213/402/259 449/575/259
f 195/537/241 313/580/241 196/545/241 201/538/241
f 196/545/260 313/580/260 197/543/260 202/544/260
f 197/543/241 313/580/241 200/542/241 198/541/241
f 313/580/241 195/537/241 194/539/241 199/540/241
f 317/581/261 314/582/261 76/583/261 41/584/261
f 71/164/262 25/45/262 320/585/262 315/586/262
f 27/587/263 71/588/263 315/589/263 316/590/263
f 325/591/264 317/581/264 41/584/264 44/592/264
f 321/593/265 318/594/265 93/595/265 40/596/265
f 88/173/266 26/48/266 332/597/266 319/598/266
f 25/45/267 88/44/267 319/599/267 320/585/267
f 314/600/268 321/593/268 40/596/268 76/601/268
f 329/602/269 322/603/269 77/604/269 37/605/269
f 72/606/270 2/607/270 324/608/270 323/609/270
f 322/603/271 325/610/271 44/611/271 77/604/271
f 2/612/272 27/587/272 316/590/272 324/613/272
f 331/614/273 326/615/273 94/616/273 45/617/273
f 89/618/274 3/619/274 328/620/274 327/621/274
f 326/622/275 329/602/275 37/605/275 94/623/275
f 3/619/276 72/606/276 323/609/276 328/620/276
f 333/624/277 331/614/277 45/617/277 42/625/277
f 4/39/278 89/38/278 327/626/278 330/627/278
f 26/48/279 4/39/279 330/627/279 332/597/279
f 318/628/280 333/624/280 42/625/280 93/629/280
f 337/162/281 334/78/281 314/600/281 317/630/281
f 315/586/282 320/585/282 340/56/282 335/55/282
f 316/631/283 315/586/283 335/55/283 336/163/283
f 345/54/284 337/53/284 317/581/284 325/591/284
f 341/77/285 338/168/285 318/594/285 321/593/285
f 319/598/286 332/597/286 352/59/286 339/63/286
f 320/585/287 319/599/287 339/170/287 340/56/287
f 334/78/288 341/77/288 321/593/288 314/600/288
f 349/51/289 342/82/289 322/603/289 329/602/289
f 323/609/290 324/608/290 344/66/290 343/65/290
f 342/82/291 345/81/291 325/610/291 322/603/291
f 324/613/292 316/590/292 336/33/292 344/32/292
f 351/79/293 346/172/293 326/615/293 331/614/293
f 327/621/294 328/620/294 348/28/294 347/27/294
f 346/52/295 349/51/295 329/602/295 326/622/295
f 328/620/296 323/609/296 343/65/296 348/28/296
f 353/80/297 351/79/297 331/614/297 333/624/297
f 330/627/298 327/626/298 347/177/298 350/60/298
f 332/597/299 330/627/299 350/60/299 352/59/299
f 338/83/300 353/80/300 333/624/300 318/628/300
f 658/632/301 656/633/301 185/634/301 186/635/301
f 367/636/302 355/637/302 204/375/302 234/420/302
f 355/637/303 357/638/303 208/376/303 204/375/303
f 666/639/304 658/632/304 186/635/304 190/640/304
f 662/641/305 660/642/305 187/643/305 188/644/305
f 363/645/306 359/646/306 214/389/306 223/410/306
f 359/646/307 361/647/307 218/390/307 214/389/307
f 670/648/308 662/641/308 188/644/308 192/649/308
f 660/642/309 664/650/309 189/651/309 187/643/309
f 357/638/310 365/652/310 229/419/310 208/376/310
f 656/653/311 668/654/311 191/655/311 185/656/311
f 371/657/312 367/636/312 234/420/312 243/428/312
f 672/658/313 670/648/313 192/649/313 193/659/313
f 361/647/314 369/660/314 239/427/314 218/390/314
f 369/660/315 371/657/315 243/428/315 239/427/315
f 668/654/316 672/661/316 193/662/316 191/655/316
f 374/341/317 372/374/317 354/663/317 356/664/317
f 385/513/318 373/512/318 355/637/318 367/636/318
f 373/512/319 375/516/319 357/638/319 355/637/319
f 382/342/320 374/341/320 356/664/320 364/665/320
f 378/348/321 376/346/321 358/666/321 360/667/321
f 381/528/322 377/524/322 359/646/322 363/645/322
f 377/524/323 379/523/323 361/647/323 359/646/323
f 386/369/324 378/348/324 360/667/324 368/668/324
f 376/346/325 380/345/325 362/669/325 358/666/325
f 375/516/326 383/518/326 365/652/326 357/638/326
f 372/338/327 384/337/327 366/670/327 354/671/327
f 389/534/328 385/513/328 367/636/328 371/657/328
f 388/370/329 386/369/329 368/668/329 370/672/329
f 379/523/330 387/532/330 369/660/330 361/647/330
f 387/532/331 389/534/331 371/657/331 369/660/331
f 384/337/332 388/372/332 370/673/332 366/670/332
f 393/155/333 390/109/333 83/151/333 53/150/333
f 78/674/334 34/675/334 396/101/334 391/100/334
f 401/119/335 393/118/335 53/157/335 54/156/335
f 35/676/336 78/674/336 391/100/336 392/160/336
f 397/108/337 394/117/337 100/104/337 58/148/337
f 95/677/338 36/678/338 409/89/338 395/88/338
f 34/675/339 95/677/339 395/88/339 396/101/339
f 390/109/340 397/108/340 58/148/340 83/151/340
f 405/120/341 398/111/341 84/85/341 55/84/341
f 79/679/342 38/680/342 400/97/342 399/96/342
f 398/111/343 401/110/343 54/146/343 84/85/343
f 38/681/344 35/682/344 392/74/344 400/73/344
f 407/127/345 402/121/345 101/184/345 56/183/345
f 96/683/346 43/684/346 404/70/346 403/69/346
f 402/121/347 405/120/347 55/84/347 101/184/347
f 43/684/348 79/679/348 399/96/348 404/70/348
f 411/115/349 408/114/349 59/137/349 60/136/349
f 39/685/350 96/683/350 403/69/350 406/169/350
f 407/127/351 56/183/351 61/143/351 59/142/351 408/128/351
f 36/686/352 39/687/352 406/93/352 409/92/352
f 394/117/353 410/116/353 57/105/353 100/104/353
f 57/105/354 410/116/354 411/133/354 60/123/354 62/122/354
f 1/2/355 412/1/355 413/556/355 11/24/355
f 295/547/356 415/178/356 420/9/356 301/548/356
f 294/551/357 414/166/357 419/5/357 300/552/357
f 297/558/358 417/14/358 418/16/358 299/559/358
f 296/562/359 416/12/359 417/14/359 297/558/359
f 301/548/360 420/9/360 416/12/360 296/562/360
f 300/552/361 419/5/361 415/8/361 295/563/361
f 293/554/362 412/1/362 414/4/362 294/565/362
f 6/18/363 428/17/363 421/566/363 7/688/363
f 70/689/364 426/553/364 422/564/364 8/690/364
f 87/691/365 427/549/365 423/561/365 9/692/365
f 9/692/366 423/561/366 424/557/366 10/693/366
f 10/693/367 424/557/367 425/560/367 14/694/367
f 7/695/368 421/550/368 426/553/368 70/689/368
f 8/696/369 422/546/369 427/549/369 87/691/369
f 293/554/370 428/17/370 429/20/370 298/555/370
f 222/444/371 240/436/371 436/697/371 433/698/371
f 247/435/372 235/424/372 435/699/372 437/700/372
f 240/436/373 247/435/373 437/700/373 436/697/373
f 235/424/374 205/384/374 430/701/374 435/699/374
f 440/702/375 438/703/375 431/412/375 434/411/375
f 215/398/376 222/397/376 433/704/376 432/405/376
f 205/384/377 212/383/377 431/705/377 430/701/377
f 432/405/378 312/404/378 227/406/378 215/398/378
f 228/706/379 209/707/379 438/703/379 440/702/379
f 433/704/380 436/708/380 446/445/380 439/400/380
f 437/700/381 435/699/381 445/425/381 441/438/381
f 436/697/382 437/700/382 441/438/382 446/437/382
f 435/699/383 430/701/383 443/385/383 445/425/383
f 213/402/384 311/573/384 442/403/384 444/399/384
f 432/405/385 433/704/385 439/400/385 444/399/385
f 430/701/386 431/705/386 438/386/386 443/385/386
f 308/529/387 455/574/387 449/575/387 306/525/387
f 203/388/388 209/387/388 451/579/388 447/578/388
f 233/426/389 203/388/389 447/578/389 448/569/389
f 209/707/390 228/706/390 452/577/390 451/576/390
f 213/402/391 219/401/391 453/570/391 449/575/391
f 219/401/392 238/446/392 454/571/392 453/570/392
f 244/439/393 233/426/393 448/569/393 450/568/393
f 238/440/394 244/439/394 450/568/394 454/567/394
f 510/709/395 500/710/395 555/711/395 560/712/395
f 519/713/396 502/714/396 549/715/396 554/716/396
f 578/717/397 577/718/397 478/719/397 477/720/397
f 466/721/398 506/722/398 526/723/398 522/724/398
f 468/725/399 467/726/399 523/727/399 524/728/399
f 464/729/400 469/730/400 525/731/400 520/732/400
f 506/722/401 465/733/401 521/734/401 526/723/401
f 513/735/402 466/736/402 522/737/402 527/738/402
f 465/739/403 464/729/403 520/732/403 521/740/403
f 583/741/404 579/742/404 476/743/404 507/744/404
f 577/745/405 581/746/405 479/747/405 478/748/405
f 584/749/406 578/717/406 477/720/406 514/750/406
f 582/751/407 580/752/407 475/753/407 474/754/407
f 581/755/408 582/751/408 474/754/408 479/756/408
f 479/757/409 474/758/409 562/759/409 576/760/409
f 477/761/409 478/762/409 574/763/409 572/764/409
f 507/765/409 476/766/409 568/767/409 565/768/409
f 478/762/409 479/757/409 576/760/409 574/763/409
f 514/769/409 477/761/409 572/764/409 569/770/409
f 474/758/409 475/771/409 564/772/409 562/759/409
f 485/773/410 480/774/410 486/775/410 491/776/410
f 587/777/411 586/778/411 494/779/411 493/780/411
f 508/781/412 482/782/412 488/783/412 509/784/412
f 480/785/413 481/786/413 487/787/413 486/788/413
f 493/789/414 494/790/414 498/791/414 497/792/414
f 494/793/415 495/794/415 499/795/415 498/796/415
f 517/797/416 493/789/416 497/792/416 518/798/416
f 586/799/417 585/800/417 495/794/417 494/793/417
f 589/801/418 587/777/418 493/780/418 517/802/418
f 553/803/419 550/804/419 502/714/419 519/713/419
f 559/805/420 556/806/420 500/710/420 510/709/420
f 557/807/421 559/805/421 510/709/421 501/808/421
f 481/809/412 508/781/412 509/784/412 487/810/412
f 475/771/409 507/765/409 565/768/409 564/772/409
f 580/811/422 583/741/422 507/744/422 475/812/422
f 467/726/423 513/735/423 527/738/423 523/727/423
f 501/808/424 510/709/424 560/712/424 558/813/424
f 556/814/425 553/803/425 519/713/425 500/815/425
f 588/816/418 589/801/418 517/802/418 492/817/418
f 492/818/416 517/797/416 518/798/416 496/819/416
f 476/766/409 514/769/409 569/770/409 568/767/409
f 579/820/426 584/749/426 514/750/426 476/821/426
f 469/822/427 468/823/427 524/824/427 525/825/427
f 500/815/428 519/713/428 554/716/428 555/826/428
f 458/827/429 504/828/429 535/829/429 530/830/429
f 460/831/430 459/832/430 531/833/430 532/834/430
f 511/835/431 458/836/431 530/837/431 536/838/431
f 504/828/432 457/839/432 529/840/432 535/829/432
f 457/841/433 456/842/433 528/843/433 529/844/433
f 459/845/434 511/846/434 536/847/434 531/848/434
f 456/842/435 461/849/435 533/850/435 528/843/435
f 462/851/436 460/831/436 532/834/436 534/852/436
f 516/853/437 491/854/437 486/855/437 487/856/437 509/857/437 488/858/437
f 542/859/438 537/860/438 472/861/438 512/862/438
f 543/863/439 542/859/439 512/862/439 471/864/439
f 548/865/440 543/866/440 471/867/440 505/868/440
f 546/869/441 548/865/441 505/868/441 470/870/441
f 554/716/442 549/715/442 537/860/442 542/859/442
f 555/826/443 554/716/443 542/859/443 543/863/443
f 541/871/444 538/872/444 550/804/444 553/803/444
f 560/712/445 555/711/445 543/866/445 548/865/445
f 544/873/446 541/871/446 553/803/446 556/814/446
f 545/874/447 547/875/447 559/805/447 557/807/447
f 558/813/448 560/712/448 548/865/448 546/869/448
f 547/875/449 544/876/449 556/806/449 559/805/449
f 464/729/450 465/739/450 563/877/450 561/878/450
f 576/760/409 562/759/409 480/879/409 485/880/409
f 562/759/409 564/772/409 481/881/409 480/879/409
f 465/733/451 506/722/451 566/882/451 563/883/451
f 564/772/409 565/768/409 508/884/409 481/881/409
f 506/722/452 466/721/452 567/885/452 566/882/452
f 565/768/409 568/767/409 482/886/409 508/884/409
f 466/736/453 513/735/453 570/887/453 567/888/453
f 568/767/409 569/770/409 515/889/409 482/886/409
f 513/735/454 467/726/454 571/890/454 570/887/454
f 569/770/455 572/764/455 483/891/455 515/889/455
f 467/726/456 468/725/456 573/892/456 571/890/456
f 572/764/409 574/763/409 484/893/409 483/891/409
f 468/823/457 469/822/457 575/894/457 573/895/457
f 574/763/409 576/760/409 485/880/409 484/893/409
f 469/730/458 464/729/458 561/878/458 575/896/458
f 567/888/459 570/887/459 584/749/459 579/820/459
f 563/883/460 566/882/460 583/741/460 580/811/460
f 575/896/461 561/878/461 582/751/461 581/755/461
f 561/878/462 563/877/462 580/752/462 582/751/462
f 570/887/463 571/890/463 578/717/463 584/749/463
f 573/895/464 575/894/464 581/746/464 577/745/464
f 566/882/465 567/885/465 579/742/465 583/741/465
f 571/890/466 573/892/466 577/718/466 578/717/466
f 595/897/418 596/898/418 589/801/418 588/816/418
f 596/898/418 591/899/418 587/777/418 589/801/418
f 593/900/467 590/901/467 585/800/467 586/799/467
f 591/899/468 593/902/468 586/778/468 587/777/468
f 483/891/469 484/893/469 593/902/469 591/899/469
f 485/773/470 491/776/470 592/903/470 590/901/470
f 488/783/471 482/782/471 595/904/471 594/905/471
f 484/906/472 485/773/472 590/901/472 593/900/472
f 515/889/418 483/891/418 591/899/418 596/898/418
f 482/886/418 515/889/418 596/898/418 595/897/418
f 610/907/473 600/908/473 602/909/473 611/910/473
f 611/910/474 602/909/474 601/911/474 609/912/474
f 613/913/475 603/914/475 605/915/475 614/916/475
f 614/916/476 605/915/476 604/917/476 612/918/476
f 597/919/477 610/907/477 611/910/477 599/920/477
f 599/920/478 611/910/478 609/912/478 598/921/478
f 600/922/479 613/913/479 614/916/479 602/923/479
f 602/923/480 614/916/480 612/918/480 601/924/480
f 597/919/481 457/839/481 504/828/481 610/907/481
f 598/921/482 609/912/482 547/875/482 545/874/482
f 609/912/483 601/911/483 544/876/483 547/875/483
f 610/907/484 504/828/484 458/827/484 600/908/484
f 600/922/485 458/836/485 511/835/485 613/913/485
f 601/924/486 612/918/486 541/871/486 544/873/486
f 612/918/487 604/917/487 538/872/487 541/871/487
f 613/913/488 511/835/488 459/832/488 603/914/488
f 624/925/489 639/926/489 640/927/489 623/928/489
f 626/929/490 635/930/490 636/931/490 625/932/490
f 642/933/491 624/925/491 623/928/491 641/934/491
f 638/935/492 626/929/492 625/932/492 637/936/492
f 621/937/493 629/938/493 630/939/493 622/940/493
f 619/941/494 633/942/494 634/943/494 620/944/494
f 628/945/495 636/931/495 635/930/495 627/946/495
f 629/938/496 638/935/496 637/936/496 630/939/496
f 632/947/497 640/927/497 639/926/497 631/948/497
f 633/942/498 642/933/498 641/934/498 634/943/498
f 648/949/499 645/950/499 646/951/499 647/952/499
f 644/953/500 648/949/500 647/952/500 643/954/500
f 650/955/501 653/956/501 654/957/501 649/958/501
f 653/959/502 651/960/502 652/961/502 654/962/502
f 631/948/503 644/953/503 643/954/503 632/947/503
f 645/963/504 616/964/504 615/965/504 646/966/504
f 651/960/505 628/945/505 627/946/505 652/961/505
f 617/967/506 650/968/506 649/969/506 618/970/506
f 456/842/507 646/951/507 615/971/507 461/849/507
f 645/963/508 606/972/508 463/973/508 616/964/508
f 649/958/509 460/831/509 462/851/509 618/974/509
f 606/972/510 650/968/510 617/967/510 463/973/510
f 634/943/511 546/975/511 470/976/511 620/944/511
f 540/977/512 633/978/512 619/979/512 473/980/512
f 537/860/513 629/981/513 621/982/513 472/861/513
f 630/939/514 540/977/514 473/980/514 622/940/514
f 640/927/515 557/983/515 501/984/515 623/928/515
f 503/985/516 624/986/516 642/987/516 552/988/516
f 551/989/517 639/990/517 624/986/517 503/985/517
f 623/928/518 501/984/518 558/991/518 641/934/518
f 636/931/519 551/989/519 503/985/519 625/932/519
f 502/714/520 626/992/520 638/993/520 549/715/520
f 550/804/521 635/994/521 626/992/521 502/714/521
f 625/932/522 503/985/522 552/988/522 637/936/522
f 651/960/523 607/995/523 539/996/523 628/945/523
f 628/945/524 539/996/524 551/989/524 636/931/524
f 604/917/525 652/997/525 627/998/525 538/872/525
f 538/872/526 627/998/526 635/994/526 550/804/526
f 637/936/527 552/988/527 540/977/527 630/939/527
f 549/715/528 638/993/528 629/981/528 537/860/528
f 607/995/529 644/999/529 631/1000/529 539/996/529
f 632/947/530 545/1001/530 557/983/530 640/927/530
f 539/996/531 631/1000/531 639/990/531 551/989/531
f 643/954/532 598/1002/532 545/1001/532 632/947/532
f 641/934/533 558/991/533 546/975/533 634/943/533
f 552/988/534 642/987/534 633/978/534 540/977/534
f 644/999/535 607/995/535 608/1003/535 648/1004/535
f 647/952/536 599/1005/536 598/1002/536 643/954/536
f 648/1004/537 608/1003/537 606/1006/537 645/1007/537
f 646/951/538 597/1008/538 599/1005/538 647/952/538
f 646/951/539 456/842/539 457/841/539 597/1008/539
f 603/914/540 459/832/540 460/831/540 649/958/540
f 603/914/541 649/958/541 654/957/541 605/915/541
f 608/1009/542 653/1010/542 650/968/542 606/972/542
f 607/995/543 651/960/543 653/959/543 608/1003/543
f 605/915/544 654/957/544 652/997/544 604/917/544
f 176/1011/545 177/1012/545 657/349/545 655/361/545
f 354/671/546 366/670/546 668/654/546 656/653/546
f 356/664/547 354/663/547 656/633/547 658/632/547
f 177/1012/548 181/1013/548 665/350/548 657/349/548
f 178/1014/549 179/1015/549 661/354/549 659/353/549
f 358/666/550 362/669/550 664/650/550 660/642/550
f 360/667/551 358/666/551 660/642/551 662/641/551
f 179/1015/552 183/1016/552 669/365/552 661/354/552
f 180/1017/553 178/1014/553 659/353/553 663/363/553
f 364/665/554 356/664/554 658/632/554 666/639/554
f 182/1018/555 176/1011/555 655/361/555 667/358/555
f 366/670/556 370/673/556 672/661/556 668/654/556
f 183/1016/557 184/1019/557 671/357/557 669/365/557
f 368/668/558 360/667/558 662/641/558 670/648/558
f 370/672/559 368/668/559 670/648/559 672/658/559
f 184/1019/560 182/1018/560 667/358/560 671/357/560
f 678/1020/409 673/1021/409 707/1022/409 714/1023/409
f 676/1024/409 677/1025/409 713/1026/409 712/1027/409
f 699/1028/409 675/1029/409 710/1030/409 709/1031/409
f 677/1025/409 678/1020/409 714/1023/409 713/1026/409
f 702/1032/409 676/1024/409 712/1027/409 711/1033/409
f 673/1021/409 674/1034/409 708/1035/409 707/1022/409
f 684/1036/410 679/1037/410 685/1038/410 690/1039/410
f 719/1040/411 718/1041/411 693/1042/411 692/1043/411
f 700/1044/412 681/1045/412 687/1046/412 701/1047/412
f 716/1048/437 717/1049/437 697/1050/437 698/1051/437
f 715/1052/561 716/1053/561 698/1054/561 694/1055/561
f 679/1056/413 680/1057/413 686/1058/413 685/1059/413
f 692/1060/414 693/1061/414 697/1062/414 696/1063/414
f 693/1064/415 694/1055/415 698/1054/415 697/1065/415
f 705/1066/416 692/1060/416 696/1063/416 706/1067/416
f 724/1068/437 720/1069/437 695/1070/437 706/1071/437
f 720/1072/562 722/1073/562 691/1074/562 695/1075/562
f 717/1049/437 721/1076/437 696/1077/437 697/1050/437
f 718/1078/417 715/1052/417 694/1055/417 693/1064/417
f 723/1079/418 719/1040/418 692/1043/418 705/1080/418
f 680/1081/412 700/1044/412 701/1047/412 686/1082/412
f 674/1034/409 699/1028/409 709/1031/409 708/1035/409
f 722/1083/418 723/1079/418 705/1080/418 691/1084/418
f 721/1076/437 724/1068/437 706/1071/437 696/1077/437
f 691/1085/416 705/1066/416 706/1067/416 695/1086/416
f 675/1029/409 702/1032/409 711/1033/409 710/1030/409
f 704/1087/437 688/1088/437 689/1089/437 690/1090/437 701/1091/437 687/1092/437
f 714/1023/409 707/1022/409 679/1093/409 684/1094/409
f 707/1022/409 708/1035/409 680/1095/409 679/1093/409
f 708/1035/409 709/1031/409 700/1096/409 680/1095/409
f 709/1031/409 710/1030/409 681/1097/409 700/1096/409
f 710/1030/409 711/1033/409 703/1098/409 681/1097/409
f 711/1033/409 712/1027/409 682/1099/409 703/1098/409
f 712/1027/409 713/1026/409 683/1100/409 682/1099/409
f 713/1026/409 714/1023/409 684/1094/409 683/1100/409
f 727/1101/437 734/1102/437 724/1068/437 721/1076/437
f 732/1103/418 733/1104/418 723/1079/418 722/1083/418
f 733/1104/418 726/1105/418 719/1040/418 723/1079/418
f 730/1106/467 725/1107/467 715/1052/467 718/1078/467
f 729/1108/437 727/1101/437 721/1076/437 717/1049/437
f 731/1109/563 732/1110/563 722/1073/563 720/1072/563
f 734/1102/437 731/1111/437 720/1069/437 724/1068/437
f 725/1107/564 728/1112/564 716/1053/564 715/1052/564
f 728/1113/437 729/1108/437 717/1049/437 716/1048/437
f 726/1105/468 730/1114/468 718/1041/468 719/1040/468
f 682/1099/469 683/1100/469 730/1114/469 726/1105/469
f 690/1090/437 689/1089/437 729/1108/437 728/1113/437
f 684/1036/470 690/1039/470 728/1112/470 725/1107/470
f 704/1087/437 687/1092/437 731/1111/437 734/1102/437
f 687/1046/471 681/1045/471 732/1110/471 731/1109/471
f 689/1089/437 688/1088/437 727/1101/437 729/1108/437
f 683/1115/472 684/1036/472 725/1107/472 730/1106/472
f 703/1098/418 682/1099/418 726/1105/418 733/1104/418
f 681/1097/418 703/1098/418 733/1104/418 732/1103/418
f 688/1088/437 704/1087/437 734/1102/437 727/1101/437
f 701/1091/437 690/1090/437 685/1116/437 686/1117/437
f 491/854/437 516/853/437 489/1118/437 490/1119/437
f 1102/1120/565 1103/1121/565 757/1122/565 741/1123/565
f 1107/1124/566 1104/1125/566 756/1126/566 803/1127/566
f 1108/1128/567 1105/1129/567 758/1130/567 820/1131/567
f 1105/1132/568 1106/1133/568 745/1134/568 758/1135/568
f 1106/1133/569 418/16/569 12/15/569 745/1134/569
f 1115/1136/570 429/20/570 13/19/570 746/1137/570
f 12/15/571 21/22/571 755/1138/571 745/1134/571
f 745/1134/572 755/1138/572 754/1139/572 758/1135/572
f 741/1123/573 751/1140/573 20/25/573 11/24/573
f 1045/1141/574 826/1142/574 765/1143/574 1046/1144/574
f 757/1122/575 752/1145/575 751/1140/575 741/1123/575
f 1042/1146/576 766/1147/576 763/1148/576 1034/1149/576
f 806/1150/577 803/1127/577 756/1126/577 743/1151/577
f 823/1152/578 820/1131/578 758/1130/578 744/1153/578
f 805/1154/579 807/1155/579 752/1145/579 761/1156/579
f 822/1157/580 824/1158/580 753/1159/580 759/1160/580
f 744/1153/581 758/1130/581 754/1161/581 760/1162/581
f 761/1156/582 752/1145/582 757/1122/582 742/1163/582
f 826/1142/583 1044/1164/583 1047/1165/583 765/1143/583
f 766/1147/584 1043/1166/584 1035/1167/584 763/1148/584
f 1033/1168/585 808/1169/585 762/1170/585 1038/1171/585
f 1050/1172/586 764/1173/586 767/1174/586 1048/1175/586
f 1037/1176/587 825/1177/587 764/1173/587 1050/1172/587
f 1041/1178/588 809/1179/588 766/1180/588 1042/1181/588
f 1093/1182/589 832/1183/589 781/1184/589 1094/1185/589
f 1090/1186/590 784/1187/590 782/1188/590 1082/1189/590
f 808/1169/591 1032/1190/591 1039/1191/591 762/1170/591
f 764/1173/592 1051/1192/592 1049/1193/592 767/1174/592
f 809/1179/593 1040/1194/593 1043/1195/593 766/1180/593
f 825/1177/594 1036/1196/594 1051/1192/594 764/1173/594
f 789/1197/595 837/1198/595 802/1199/595 818/1200/595
f 1085/1201/596 831/1202/596 783/1203/596 1099/1204/596
f 1099/1205/597 783/1206/597 785/1207/597 1096/1208/597
f 1089/1209/598 815/1210/598 784/1211/598 1090/1212/598
f 1081/1213/599 814/1214/599 780/1215/599 1086/1216/599
f 834/1217/600 801/1218/600 833/1219/600 791/1220/600
f 814/1214/601 1080/1221/601 1087/1222/601 780/1215/601
f 815/1210/602 1088/1223/602 1091/1224/602 784/1211/602
f 783/1206/603 1101/1225/603 1098/1226/603 785/1207/603
f 831/1202/604 1084/1227/604 1100/1228/604 783/1203/604
f 784/1187/605 1091/1229/605 1083/1230/605 782/1188/605
f 832/1183/606 1092/1231/606 1095/1232/606 781/1184/606
f 796/1233/607 800/1234/607 798/1235/607 794/1236/607
f 785/1237/608 1098/1238/608 1097/1239/608
f 790/1240/609 795/1241/609 796/1242/609 791/1243/609
f 1100/1228/610 1101/1244/610 783/1203/610
f 800/1234/611 891/1245/611 889/1246/611 798/1235/611
f 794/1247/612 798/1248/612 797/1249/612 793/1250/612
f 795/1251/613 799/1252/613 800/1253/613 796/1254/613
f 793/1255/614 797/1256/614 799/1257/614 795/1258/614
f 818/1200/615 802/1199/615 838/1259/615 788/1260/615
f 792/1261/616 819/1262/616 801/1218/616 834/1217/616
f 787/1263/617 839/1264/617 816/1265/617 817/1266/617
f 781/1184/618 1095/1232/618 1088/1223/618 815/1210/618
f 782/1267/619 1083/1268/619 1080/1221/619 814/1214/619
f 788/1269/620 838/1270/620 839/1271/620 787/1272/620
f 1082/1273/621 782/1267/621 814/1214/621 1081/1213/621
f 1094/1185/622 781/1184/622 815/1210/622 1089/1209/622
f 765/1143/623 1047/1165/623 1040/1194/623 809/1179/623
f 763/1274/624 1035/1275/624 1032/1190/624 808/1169/624
f 1046/1144/625 765/1143/625 809/1179/625 1041/1178/625
f 1034/1276/626 763/1274/626 808/1169/626 1033/1168/626
f 759/1160/627 753/1159/627 807/1277/627 805/1278/627
f 742/1163/628 757/1122/628 803/1127/628 806/1150/628
f 1103/1121/629 1107/1124/629 803/1127/629 757/1122/629
f 785/1237/630 1097/1239/630 1092/1231/630 832/1183/630
f 780/1215/631 1087/1222/631 1084/1227/631 831/1202/631
f 1086/1216/632 780/1215/632 831/1202/632 1085/1201/632
f 762/1170/633 1039/1191/633 1036/1279/633 825/1280/633
f 1096/1281/634 785/1237/634 832/1183/634 1093/1182/634
f 1038/1171/635 762/1170/635 825/1280/635 1037/1282/635
f 767/1174/636 1049/1193/636 1044/1283/636 826/1284/636
f 760/1162/637 754/1161/637 824/1285/637 822/1286/637
f 743/1287/638 756/1288/638 820/1131/638 823/1152/638
f 1048/1175/639 767/1174/639 826/1284/639 1045/1289/639
f 1104/1290/640 1108/1128/640 820/1131/640 756/1288/640
f 791/1291/641 833/1292/641 836/1293/641 790/1294/641
f 817/1266/642 816/1265/642 819/1262/642 792/1261/642
f 790/1295/643 836/1296/643 786/1297/643 835/1298/643
f 835/1298/644 786/1297/644 837/1198/644 789/1197/644
f 840/1299/645 843/1300/645 842/1301/645 841/1302/645
f 857/1303/646 858/1304/646 840/1305/646 841/1306/646
f 861/1307/647 857/1308/647 841/1309/647 842/1310/647
f 863/1311/648 861/1312/648 842/1313/648 843/1314/648
f 858/1315/649 863/1316/649 843/1317/649 840/1318/649
f 844/1319/650 847/1320/650 846/1321/650 845/1322/650
f 865/1323/651 866/1324/651 844/1325/651 845/1326/651
f 869/1327/652 865/1328/652 845/1329/652 846/1330/652
f 871/1331/653 869/1332/653 846/1333/653 847/1334/653
f 866/1335/654 871/1336/654 847/1337/654 844/1338/654
f 848/1339/655 851/1340/655 850/1341/655 849/1342/655
f 873/1343/656 874/1344/656 848/1345/656 849/1346/656
f 877/1347/657 873/1348/657 849/1349/657 850/1350/657
f 879/1351/658 877/1352/658 850/1353/658 851/1354/658
f 874/1355/659 879/1356/659 851/1357/659 848/1358/659
f 852/1359/660 855/1360/660 854/1361/660 853/1362/660
f 881/1363/661 882/1364/661 852/1365/661 853/1366/661
f 885/1367/662 881/1368/662 853/1369/662 854/1370/662
f 887/1371/663 885/1372/663 854/1373/663 855/1374/663
f 882/1375/664 887/1376/664 855/1377/664 852/1378/664
f 836/1293/665 833/1292/665 862/1379/665 859/1380/665
f 859/1380/666 862/1379/666 863/1316/666 858/1315/666
f 833/1219/667 801/1218/667 860/1381/667 862/1382/667
f 862/1382/668 860/1381/668 861/1312/668 863/1311/668
f 801/1383/669 786/1384/669 856/1385/669 860/1386/669
f 860/1386/670 856/1385/670 857/1308/670 861/1307/670
f 786/1297/671 836/1296/671 859/1387/671 856/1388/671
f 856/1388/672 859/1387/672 858/1304/672 857/1303/672
f 786/1389/673 801/1390/673 870/1391/673 867/1392/673
f 867/1392/674 870/1391/674 871/1336/674 866/1335/674
f 801/1218/675 819/1262/675 868/1393/675 870/1394/675
f 870/1394/676 868/1393/676 869/1332/676 871/1331/676
f 819/1395/677 837/1396/677 864/1397/677 868/1398/677
f 868/1398/678 864/1397/678 865/1328/678 869/1327/678
f 837/1198/679 786/1297/679 867/1399/679 864/1400/679
f 864/1400/680 867/1399/680 866/1324/680 865/1323/680
f 837/1401/681 819/1402/681 878/1403/681 875/1404/681
f 875/1404/682 878/1403/682 879/1356/682 874/1355/682
f 819/1262/683 816/1265/683 876/1405/683 878/1406/683
f 878/1406/684 876/1405/684 877/1352/684 879/1351/684
f 816/1407/685 802/1408/685 872/1409/685 876/1410/685
f 876/1410/686 872/1409/686 873/1348/686 877/1347/686
f 802/1199/687 837/1198/687 875/1411/687 872/1412/687
f 872/1412/688 875/1411/688 874/1344/688 873/1343/688
f 802/1413/689 816/1414/689 886/1415/689 883/1416/689
f 883/1416/690 886/1415/690 887/1376/690 882/1375/690
f 816/1265/691 839/1264/691 884/1417/691 886/1418/691
f 886/1418/692 884/1417/692 885/1372/692 887/1371/692
f 839/1271/693 838/1270/693 880/1419/693 884/1420/693
f 884/1420/694 880/1419/694 881/1368/694 885/1367/694
f 838/1259/695 802/1199/695 883/1421/695 880/1422/695
f 880/1422/696 883/1421/696 882/1364/696 881/1363/696
f 889/1423/697 891/1424/697 890/1425/697 888/1426/697
f 798/1248/698 889/1427/698 888/1428/698 797/1249/698
f 799/1252/699 890/1429/699 891/1430/699 800/1253/699
f 797/1256/700 888/1431/700 890/1432/700 799/1257/700
f 753/1159/701 894/1433/701 897/1434/701 807/1277/701
f 807/1277/702 897/1434/702 893/1435/702 752/1436/702
f 21/324/703 164/327/703 896/1437/703 755/1438/703
f 752/1436/704 893/1435/704 892/1439/704 751/1440/704
f 824/1158/705 898/1441/705 894/1433/705 753/1159/705
f 751/1440/706 892/1439/706 163/332/706 20/331/706
f 755/1438/707 896/1437/707 895/1442/707 754/1443/707
f 754/1443/708 895/1442/708 898/1441/708 824/1158/708
f 900/1444/709 1066/1445/709 1074/1446/709 904/1447/709
f 172/339/710 382/342/710 1068/1448/710 899/1449/710
f 903/1450/711 1070/1451/711 380/345/711 173/344/711
f 902/1452/712 1072/1453/712 1070/1451/712 903/1450/712
f 1331/1454/713 914/1455/713 190/351/713 665/350/713
f 1333/1456/714 915/1457/714 916/1458/714 1335/1459/714
f 1341/1460/715 919/1461/715 917/1462/715 1337/1463/715
f 1337/1463/716 917/1462/716 913/1464/716 1329/1465/716
f 663/363/717 189/364/717 915/1457/717 1333/1456/717
f 1329/1465/718 913/1464/718 914/1455/718 1331/1454/718
f 1335/1459/719 916/1458/719 918/1466/719 1339/1467/719
f 1339/1467/720 918/1466/720 919/1461/720 1341/1460/720
f 901/1468/721 1078/1469/721 1076/1470/721 905/1471/721
f 904/1447/722 1074/1446/722 1078/1472/722 901/1473/722
f 905/1471/723 1076/1470/723 1072/1474/723 902/1475/723
f 899/1449/724 1068/1448/724 1066/1445/724 900/1444/724
f 928/1476/725 931/1477/725 934/1478/725 932/1479/725
f 931/1477/726 930/1480/726 935/1481/726 934/1478/726
f 930/1482/727 929/1483/727 936/1484/727 935/1485/727
f 1127/1486/728 927/1487/728 933/1488/728 1123/1489/728
f 938/1490/729 941/1491/729 944/1492/729 942/1493/729
f 941/1491/730 940/1494/730 945/1495/730 944/1492/730
f 940/1496/731 939/1497/731 946/1498/731 945/1499/731
f 1128/1500/732 937/1501/732 943/1502/732 1124/1503/732
f 1128/1500/733 1118/1504/733 312/1505/733 1126/1506/733
f 939/1507/734 940/1508/734 226/407/734 227/406/734
f 940/1494/735 941/1491/735 225/409/735 226/408/735
f 941/1491/736 938/1490/736 223/410/736 225/409/736
f 434/411/737 230/414/737 936/1484/737 1117/1509/737
f 230/414/738 231/416/738 935/1485/738 936/1484/738
f 231/417/739 232/418/739 934/1478/739 935/1481/739
f 232/418/740 229/419/740 932/1479/740 934/1478/740
f 948/1510/741 951/1511/741 931/1477/741 928/1476/741
f 951/1511/742 950/1512/742 930/1480/742 931/1477/742
f 950/1513/743 949/1514/743 929/1483/743 930/1482/743
f 1129/1515/744 947/1516/744 927/1487/744 1127/1486/744
f 953/1517/745 956/1518/745 959/1519/745 957/1520/745
f 956/1521/746 955/1522/746 960/1523/746 959/1524/746
f 955/1522/747 954/1525/747 961/1526/747 960/1523/747
f 1130/1527/748 952/1528/748 958/1529/748 1125/1530/748
f 957/1520/749 959/1519/749 951/1511/749 948/1510/749
f 959/1519/750 960/1531/750 950/1512/750 951/1511/750
f 960/1523/751 961/1526/751 949/1532/751 950/1533/751
f 1125/1530/752 958/1529/752 947/1534/752 1129/1535/752
f 942/1493/753 944/1492/753 956/1518/753 953/1517/753
f 944/1492/754 945/1495/754 955/1536/754 956/1518/754
f 945/1499/755 946/1498/755 954/1525/755 955/1522/755
f 1124/1503/756 943/1502/756 952/1528/756 1130/1527/756
f 963/1537/757 966/1538/757 969/1539/757 967/1540/757
f 966/1538/758 965/1541/758 970/1542/758 969/1539/758
f 965/1543/759 964/1544/759 971/1545/759 970/1546/759
f 964/1544/760 962/1547/760 968/1548/760 971/1545/760
f 973/1549/761 976/1550/761 979/1551/761 977/1552/761
f 976/1550/762 975/1553/762 980/1554/762 979/1551/762
f 975/1555/763 974/1556/763 981/1557/763 980/1558/763
f 974/1556/764 972/1559/764 978/1560/764 981/1557/764
f 972/1559/765 974/1556/765 272/472/765 269/471/765
f 974/1556/766 975/1555/766 271/473/766 272/472/766
f 975/1561/767 976/1562/767 270/475/767 271/474/767
f 976/1562/768 973/1563/768 268/476/768 270/475/768
f 273/477/769 275/478/769 971/1545/769 968/1548/769
f 275/478/770 276/479/770 970/1546/770 971/1545/770
f 276/480/771 277/481/771 969/1539/771 970/1542/771
f 277/481/772 274/482/772 967/1540/772 969/1539/772
f 983/1564/773 986/1565/773 966/1538/773 963/1537/773
f 986/1565/774 985/1566/774 965/1541/774 966/1538/774
f 985/1567/775 984/1568/775 964/1544/775 965/1543/775
f 984/1568/776 982/1569/776 962/1547/776 964/1544/776
f 988/1570/777 991/1571/777 994/1572/777 992/1573/777
f 991/1571/778 990/1574/778 995/1575/778 994/1572/778
f 990/1576/779 989/1577/779 996/1578/779 995/1579/779
f 989/1577/780 987/1580/780 993/1581/780 996/1578/780
f 992/1573/781 994/1572/781 986/1582/781 983/1583/781
f 994/1572/782 995/1575/782 985/1584/782 986/1582/782
f 995/1579/783 996/1578/783 984/1568/783 985/1567/783
f 996/1578/784 993/1581/784 982/1569/784 984/1568/784
f 977/1552/785 979/1551/785 991/1571/785 988/1570/785
f 979/1551/786 980/1554/786 990/1574/786 991/1571/786
f 980/1558/787 981/1557/787 989/1577/787 990/1576/787
f 981/1557/788 978/1560/788 987/1580/788 989/1577/788
f 1004/1585/789 963/1537/789 967/1540/789 1005/1586/789
f 904/1587/790 1075/1588/790 1067/1589/790 900/1590/790
f 1006/1591/791 983/1564/791 963/1537/791 1004/1585/791
f 900/1590/792 1067/1589/792 1069/1592/792 899/1593/792
f 899/1593/793 1069/1592/793 383/518/793 172/517/793
f 1005/1586/794 967/1540/794 274/482/794 305/520/794
f 903/1594/795 1071/1595/795 1073/1596/795 902/1597/795
f 1007/1598/796 973/1549/796 977/1552/796 1008/1599/796
f 173/527/797 381/528/797 1071/1595/797 903/1594/797
f 308/529/798 268/476/798 973/1563/798 1007/1600/798
f 1008/1599/799 977/1552/799 988/1570/799 1009/1601/799
f 902/1597/800 1073/1596/800 1077/1602/800 905/1603/800
f 901/1604/801 1079/1605/801 1075/1588/801 904/1587/801
f 1010/1606/802 992/1573/802 983/1583/802 1006/1607/802
f 905/1603/803 1077/1602/803 1079/1605/803 901/1604/803
f 1009/1601/804 988/1570/804 992/1573/804 1010/1606/804
f 921/1608/241 962/1547/241 982/1569/241 925/1609/241
f 920/1610/241 968/1548/241 962/1547/241 921/1608/241
f 199/540/241 273/477/241 968/1548/241 920/1610/241
f 924/1611/241 972/1559/241 269/471/241 200/542/241
f 923/1612/241 978/1560/241 972/1559/241 924/1611/241
f 926/1613/241 987/1580/241 978/1560/241 923/1612/241
f 925/1609/241 982/1569/241 993/1581/241 922/1614/241
f 922/1614/260 993/1581/260 987/1580/260 926/1613/260
f 1110/1615/805 1114/1616/805 1003/1617/805 999/1618/805
f 1109/1619/806 1113/1620/806 1002/1621/806 998/1622/806
f 1102/1120/807 413/556/807 298/555/807 997/1623/807
f 1112/1624/808 425/560/808 299/559/808 1001/1625/808
f 1111/1626/809 1112/1627/809 1001/1628/809 1000/1629/809
f 1114/1616/810 1111/1626/810 1000/1629/810 1003/1617/810
f 1113/1620/811 1110/1630/811 999/1631/811 1002/1621/811
f 1115/1136/812 1109/1619/812 998/1622/812 997/1623/812
f 1137/1632/813 1009/1601/813 1010/1606/813 1134/1633/813
f 1134/1633/814 1010/1606/814 1006/1607/814 1132/1634/814
f 1136/1635/815 1008/1599/815 1009/1601/815 1137/1632/815
f 224/1636/816 308/1637/816 1138/1638/816 1011/1639/816
f 1133/1640/817 1007/1598/817 1008/1599/817 1136/1635/817
f 1135/1641/818 1005/1586/818 305/520/818 452/577/818
f 1132/1642/819 1006/1591/819 1004/1585/819 1131/1643/819
f 1131/1643/820 1004/1585/820 1005/1586/820 1135/1641/820
f 312/1505/821 224/1636/821 1011/1639/821 1126/1506/821
f 1138/1638/822 1133/1640/822 937/1501/822 1011/1639/822
f 921/1608/241 925/1609/241 922/1614/241 313/580/241
f 922/1614/241 926/1613/241 923/1612/241 313/580/241
f 923/1612/241 924/1611/241 200/542/241 313/580/241
f 313/580/241 199/540/241 920/1610/241 921/1608/241
f 1015/1644/823 775/1645/823 810/1646/823 1012/1647/823
f 805/1278/824 1013/1648/824 1018/1649/824 759/1160/824
f 761/1156/825 1014/1650/825 1013/1651/825 805/1154/825
f 1023/1652/826 778/1653/826 775/1645/826 1015/1644/826
f 1019/1654/827 774/1655/827 827/1656/827 1016/1657/827
f 822/1658/828 1017/1659/828 1030/1660/828 760/1661/828
f 759/1160/829 1018/1649/829 1017/1662/829 822/1157/829
f 1012/1663/830 810/1664/830 774/1655/830 1019/1654/830
f 1027/1665/831 771/1666/831 811/1667/831 1020/1668/831
f 806/1669/832 1021/1670/832 1022/1671/832 742/1672/832
f 1020/1668/833 811/1667/833 778/1673/833 1023/1674/833
f 742/1163/834 1022/1675/834 1014/1650/834 761/1156/834
f 1029/1676/835 779/1677/835 828/1678/835 1024/1679/835
f 823/1680/836 1025/1681/836 1026/1682/836 743/1683/836
f 1024/1684/837 828/1685/837 771/1666/837 1027/1665/837
f 743/1683/838 1026/1682/838 1021/1670/838 806/1669/838
f 1031/1686/839 776/1687/839 779/1677/839 1029/1676/839
f 744/1688/840 1028/1689/840 1025/1690/840 823/1691/840
f 760/1661/841 1030/1660/841 1028/1689/841 744/1688/841
f 1016/1692/842 827/1693/842 776/1687/842 1031/1686/842
f 1035/1275/843 1015/1694/843 1012/1663/843 1032/1190/843
f 1013/1648/844 1033/1168/844 1038/1171/844 1018/1649/844
f 1014/1695/845 1034/1276/845 1033/1168/845 1013/1648/845
f 1043/1166/846 1023/1652/846 1015/1644/846 1035/1167/846
f 1039/1191/847 1019/1654/847 1016/1657/847 1036/1279/847
f 1017/1659/848 1037/1176/848 1050/1172/848 1030/1660/848
f 1018/1649/849 1038/1171/849 1037/1282/849 1017/1662/849
f 1032/1190/850 1012/1663/850 1019/1654/850 1039/1191/850
f 1047/1165/851 1027/1665/851 1020/1668/851 1040/1194/851
f 1021/1670/852 1041/1178/852 1042/1181/852 1022/1671/852
f 1040/1194/853 1020/1668/853 1023/1674/853 1043/1195/853
f 1022/1675/854 1042/1146/854 1034/1149/854 1014/1650/854
f 1049/1193/855 1029/1676/855 1024/1679/855 1044/1283/855
f 1025/1681/856 1045/1141/856 1046/1144/856 1026/1682/856
f 1044/1164/857 1024/1684/857 1027/1665/857 1047/1165/857
f 1026/1682/858 1046/1144/858 1041/1178/858 1021/1670/858
f 1051/1192/859 1031/1686/859 1029/1676/859 1049/1193/859
f 1028/1689/860 1048/1175/860 1045/1289/860 1025/1690/860
f 1030/1660/861 1050/1172/861 1048/1175/861 1028/1689/861
f 1036/1196/862 1016/1692/862 1031/1686/862 1051/1192/862
f 1332/1696/863 914/1697/863 913/1698/863 1330/1699/863
f 1061/1700/864 948/1510/864 928/1476/864 1053/1701/864
f 1053/1701/865 928/1476/865 932/1479/865 1055/1702/865
f 666/639/866 190/640/866 914/1697/866 1332/1696/866
f 1336/1703/867 916/1704/867 915/1705/867 1334/1706/867
f 363/645/868 223/410/868 938/1490/868 1057/1707/868
f 1057/1707/869 938/1490/869 942/1493/869 1059/1708/869
f 1340/1709/870 918/1710/870 916/1711/870 1336/1712/870
f 1334/1706/871 915/1705/871 189/651/871 664/650/871
f 1055/1702/872 932/1479/872 229/419/872 365/652/872
f 1330/1699/873 913/1698/873 917/1713/873 1338/1714/873
f 1065/1715/874 957/1520/874 948/1510/874 1061/1700/874
f 1342/1716/875 919/1717/875 918/1710/875 1340/1709/875
f 1059/1708/876 942/1493/876 953/1517/876 1063/1718/876
f 1063/1718/877 953/1517/877 957/1520/877 1065/1715/877
f 1338/1714/878 917/1713/878 919/1719/878 1342/1720/878
f 1068/1448/879 1054/1721/879 1052/1722/879 1066/1445/879
f 1075/1588/880 1061/1700/880 1053/1701/880 1067/1589/880
f 1067/1589/881 1053/1701/881 1055/1702/881 1069/1592/881
f 382/342/882 364/665/882 1054/1721/882 1068/1448/882
f 1072/1453/883 1058/1723/883 1056/1724/883 1070/1451/883
f 381/528/884 363/645/884 1057/1707/884 1071/1595/884
f 1071/1595/885 1057/1707/885 1059/1708/885 1073/1596/885
f 1076/1470/886 1062/1725/886 1058/1726/886 1072/1474/886
f 1070/1451/887 1056/1724/887 362/669/887 380/345/887
f 1069/1592/888 1055/1702/888 365/652/888 383/518/888
f 1066/1445/889 1052/1722/889 1060/1727/889 1074/1446/889
f 1079/1605/890 1065/1715/890 1061/1700/890 1075/1588/890
f 1078/1469/891 1064/1728/891 1062/1725/891 1076/1470/891
f 1073/1596/892 1059/1708/892 1063/1718/892 1077/1602/892
f 1077/1602/893 1063/1718/893 1065/1715/893 1079/1605/893
f 1074/1446/894 1060/1727/894 1064/1729/894 1078/1472/894
f 1083/1268/895 787/1263/895 817/1266/895 1080/1221/895
f 812/1730/896 1081/1213/896 1086/1216/896 768/1731/896
f 1091/1229/897 788/1269/897 787/1272/897 1083/1230/897
f 769/1732/898 1082/1273/898 1081/1213/898 812/1730/898
f 1087/1222/899 792/1261/899 834/1217/899 1084/1227/899
f 829/1733/900 1085/1201/900 1099/1204/900 770/1734/900
f 768/1731/901 1086/1216/901 1085/1201/901 829/1733/901
f 1080/1221/902 817/1266/902 792/1261/902 1087/1222/902
f 1095/1232/903 789/1197/903 818/1200/903 1088/1223/903
f 813/1735/904 1089/1209/904 1090/1212/904 772/1736/904
f 1088/1223/905 818/1200/905 788/1260/905 1091/1224/905
f 772/1737/906 1090/1186/906 1082/1189/906 769/1738/906
f 1097/1239/907 790/1295/907 835/1298/907 1092/1231/907
f 830/1739/908 1093/1182/908 1094/1185/908 777/1740/908
f 1092/1231/909 835/1298/909 789/1197/909 1095/1232/909
f 777/1740/910 1094/1185/910 1089/1209/910 813/1735/910
f 1101/1225/911 794/1247/911 793/1250/911 1098/1226/911
f 773/1741/912 1096/1281/912 1093/1182/912 830/1739/912
f 1097/1239/913 1098/1238/913 793/1255/913 795/1258/913 790/1295/913
f 770/1742/914 1099/1205/914 1096/1208/914 773/1743/914
f 1084/1227/915 834/1217/915 791/1220/915 1100/1228/915
f 791/1220/916 796/1233/916 794/1236/916 1101/1244/916 1100/1228/916
f 741/1123/917 11/24/917 413/556/917 1102/1120/917
f 999/1618/918 1003/1617/918 1108/1128/918 1104/1290/918
f 998/1622/919 1002/1621/919 1107/1124/919 1103/1121/919
f 1001/1625/920 299/559/920 418/16/920 1106/1133/920
f 1000/1744/921 1001/1625/921 1106/1133/921 1105/1132/921
f 1003/1617/922 1000/1629/922 1105/1129/922 1108/1128/922
f 1002/1621/923 999/1631/923 1104/1125/923 1107/1124/923
f 997/1623/924 998/1622/924 1103/1121/924 1102/1120/924
f 746/1137/925 747/1745/925 1109/1619/925 1115/1136/925
f 804/1746/926 748/1747/926 1110/1630/926 1113/1620/926
f 821/1748/927 749/1749/927 1111/1626/927 1114/1616/927
f 749/1749/928 750/1750/928 1112/1627/928 1111/1626/928
f 750/1751/929 14/694/929 425/560/929 1112/1624/929
f 747/1745/930 804/1746/930 1113/1620/930 1109/1619/930
f 748/1752/931 821/1748/931 1114/1616/931 1110/1615/931
f 997/1623/932 298/555/932 429/20/932 1115/1136/932
f 946/1498/933 1119/1753/933 1121/1754/933 954/1525/933
f 961/1526/934 1122/1755/934 1120/1756/934 949/1532/934
f 954/1525/935 1121/1754/935 1122/1755/935 961/1526/935
f 949/1514/936 1120/1757/936 1116/1758/936 929/1483/936
f 440/702/937 434/411/937 1117/1509/937 1123/1489/937
f 939/1497/938 1118/1504/938 1119/1753/938 946/1498/938
f 929/1483/939 1116/1758/939 1117/1509/939 936/1484/939
f 1118/1504/940 939/1497/940 227/1759/940 312/1505/940
f 228/706/941 440/702/941 1123/1489/941 933/1488/941
f 1119/1753/942 1124/1503/942 1130/1527/942 1121/1754/942
f 1122/1755/943 1125/1530/943 1129/1535/943 1120/1756/943
f 1121/1754/944 1130/1527/944 1125/1530/944 1122/1755/944
f 1120/1757/945 1129/1515/945 1127/1486/945 1116/1758/945
f 937/1501/946 1128/1500/946 1126/1506/946 1011/1639/946
f 1118/1504/947 1128/1500/947 1124/1503/947 1119/1753/947
f 1116/1758/948 1127/1486/948 1123/1489/948 1117/1509/948
f 308/1637/949 1007/1598/949 1133/1640/949 1138/1638/949
f 927/1487/950 1131/1643/950 1135/1641/950 933/1488/950
f 947/1516/951 1132/1642/951 1131/1643/951 927/1487/951
f 933/1488/952 1135/1641/952 452/577/952 228/706/952
f 937/1501/953 1133/1640/953 1136/1635/953 943/1502/953
f 943/1502/954 1136/1635/954 1137/1632/954 952/1528/954
f 958/1529/955 1134/1633/955 1132/1634/955 947/1534/955
f 952/1528/956 1137/1632/956 1134/1633/956 958/1529/956
f 1190/1760/957 1238/1761/957 1233/1762/957 1180/1763/957
f 1199/1764/958 1232/1765/958 1227/1766/958 1182/1767/958
f 1256/1768/959 1157/1769/959 1158/1770/959 1255/1771/959
f 1146/1772/960 1202/1773/960 1206/1774/960 1186/1775/960
f 1148/1776/961 1204/1777/961 1203/1778/961 1147/1779/961
f 1144/1780/962 1200/1781/962 1205/1782/962 1149/1783/962
f 1186/1775/963 1206/1774/963 1201/1784/963 1145/1785/963
f 1193/1786/964 1207/1787/964 1202/1788/964 1146/1789/964
f 1145/1785/965 1201/1784/965 1200/1790/965 1144/1791/965
f 1261/1792/966 1187/1793/966 1156/1794/966 1257/1795/966
f 1255/1796/967 1158/1797/967 1159/1798/967 1259/1799/967
f 1262/1800/968 1194/1801/968 1157/1802/968 1256/1803/968
f 1260/1804/969 1154/1805/969 1155/1806/969 1258/1807/969
f 1259/1799/970 1159/1798/970 1154/1808/970 1260/1809/970
f 1159/1810/971 1254/1811/971 1240/1812/971 1154/1813/971
f 1157/1814/971 1250/1815/971 1252/1816/971 1158/1817/971
f 1187/1818/971 1243/1819/971 1246/1820/971 1156/1821/971
f 1158/1817/971 1252/1816/971 1254/1811/971 1159/1810/971
f 1194/1822/971 1247/1823/971 1250/1815/971 1157/1814/971
f 1154/1813/971 1240/1812/971 1242/1824/971 1155/1825/971
f 1165/1826/972 1171/1827/972 1166/1828/972 1160/1829/972
f 1265/1830/973 1173/1831/973 1174/1832/973 1264/1833/973
f 1188/1834/974 1189/1835/974 1168/1836/974 1162/1837/974
f 1160/1838/975 1166/1839/975 1167/1840/975 1161/1841/975
f 1173/1842/976 1177/1843/976 1178/1844/976 1174/1845/976
f 1174/1846/977 1178/1847/977 1179/1848/977 1175/1849/977
f 1197/1850/978 1198/1851/978 1177/1852/978 1173/1853/978
f 1264/1854/979 1174/1846/979 1175/1849/979 1263/1855/979
f 1267/1856/980 1197/1850/980 1173/1853/980 1265/1857/980
f 1231/1858/981 1199/1764/981 1182/1767/981 1228/1859/981
f 1237/1860/982 1190/1760/982 1180/1763/982 1234/1861/982
f 1235/1862/983 1181/1863/983 1190/1760/983 1237/1860/983
f 1161/1841/974 1167/1840/974 1189/1835/974 1188/1834/974
f 1155/1825/971 1242/1824/971 1243/1819/971 1187/1818/971
f 1258/1807/984 1155/1806/984 1187/1793/984 1261/1792/984
f 1147/1864/985 1203/1865/985 1207/1787/985 1193/1786/985
f 1181/1863/986 1236/1866/986 1238/1761/986 1190/1760/986
f 1234/1867/987 1180/1868/987 1199/1764/987 1231/1858/987
f 1266/1869/980 1172/1870/980 1197/1850/980 1267/1856/980
f 1172/1870/978 1176/1871/978 1198/1851/978 1197/1850/978
f 1156/1821/971 1246/1820/971 1247/1823/971 1194/1822/971
f 1257/1872/988 1156/1873/988 1194/1801/988 1262/1800/988
f 1149/1783/989 1205/1782/989 1204/1874/989 1148/1875/989
f 1180/1868/990 1233/1876/990 1232/1765/990 1199/1764/990
f 1141/1877/991 1210/1878/991 1213/1879/991 1184/1880/991
f 1143/1881/992 1212/1882/992 1211/1883/992 1142/1884/992
f 1191/1885/993 1214/1886/993 1210/1887/993 1141/1888/993
f 1184/1880/994 1213/1879/994 1209/1889/994 1140/1890/994
f 1140/1890/995 1209/1889/995 1208/1891/995 1139/1892/995
f 1142/1884/996 1211/1883/996 1214/1886/996 1191/1885/996
f 1139/1892/997 1208/1891/997 533/850/997 461/849/997
f 462/851/998 534/852/998 1212/1893/998 1143/1894/998
f 1196/1895/999 1168/1896/999 1189/1897/999 1167/1898/999 1166/1899/999 1171/1900/999
f 1220/1901/1000 1192/1902/1000 1152/1903/1000 1215/1904/1000
f 1221/1905/1001 1151/1906/1001 1192/1902/1001 1220/1901/1001
f 1226/1907/1002 1185/1908/1002 1151/1909/1002 1221/1910/1002
f 1224/1911/1003 1150/1912/1003 1185/1908/1003 1226/1907/1003
f 1232/1765/1004 1220/1901/1004 1215/1904/1004 1227/1766/1004
f 1233/1876/1005 1221/1905/1005 1220/1901/1005 1232/1765/1005
f 1219/1913/1006 1231/1858/1006 1228/1859/1006 1216/1914/1006
f 1238/1761/1007 1226/1907/1007 1221/1910/1007 1233/1762/1007
f 1222/1915/1008 1234/1867/1008 1231/1858/1008 1219/1913/1008
f 1223/1916/1009 1235/1862/1009 1237/1860/1009 1225/1917/1009
f 1236/1866/1010 1224/1911/1010 1226/1907/1010 1238/1761/1010
f 1225/1917/1011 1237/1860/1011 1234/1861/1011 1222/1918/1011
f 1144/1791/1012 1239/1919/1012 1241/1920/1012 1145/1785/1012
f 1254/1811/971 1165/1921/971 1160/1922/971 1240/1812/971
f 1240/1812/971 1160/1922/971 1161/1923/971 1242/1824/971
f 1145/1785/1013 1241/1920/1013 1244/1924/1013 1186/1775/1013
f 1242/1824/971 1161/1923/971 1188/1925/971 1243/1819/971
f 1186/1775/1014 1244/1924/1014 1245/1926/1014 1146/1772/1014
f 1243/1819/971 1188/1925/971 1162/1927/971 1246/1820/971
f 1146/1789/1015 1245/1928/1015 1248/1929/1015 1193/1786/1015
f 1246/1820/971 1162/1927/971 1195/1930/971 1247/1823/971
f 1193/1786/1016 1248/1929/1016 1249/1931/1016 1147/1864/1016
f 1247/1823/971 1195/1930/971 1163/1932/971 1250/1815/971
f 1147/1779/1017 1249/1933/1017 1251/1934/1017 1148/1776/1017
f 1250/1815/971 1163/1932/971 1164/1935/971 1252/1816/971
f 1148/1875/1018 1251/1936/1018 1253/1937/1018 1149/1783/1018
f 1252/1816/971 1164/1935/971 1165/1921/971 1254/1811/971
f 1149/1783/1019 1253/1937/1019 1239/1938/1019 1144/1780/1019
f 1245/1928/1020 1257/1872/1020 1262/1800/1020 1248/1929/1020
f 1241/1920/1021 1258/1807/1021 1261/1792/1021 1244/1924/1021
f 1253/1937/1022 1259/1799/1022 1260/1809/1022 1239/1938/1022
f 1239/1919/1023 1260/1804/1023 1258/1807/1023 1241/1920/1023
f 1248/1929/1024 1262/1800/1024 1256/1803/1024 1249/1931/1024
f 1251/1936/1025 1255/1796/1025 1259/1799/1025 1253/1937/1025
f 1244/1924/1026 1261/1792/1026 1257/1795/1026 1245/1926/1026
f 1249/1933/1027 1256/1768/1027 1255/1771/1027 1251/1934/1027
f 1273/1939/980 1266/1869/980 1267/1856/980 1274/1940/980
f 1274/1940/980 1267/1856/980 1265/1857/980 1269/1941/980
f 1271/1942/1028 1264/1854/1028 1263/1855/1028 1268/1943/1028
f 1269/1944/1029 1265/1830/1029 1264/1833/1029 1271/1945/1029
f 1163/1932/1030 1269/1944/1030 1271/1945/1030 1164/1935/1030
f 1165/1826/1031 1268/1943/1031 1270/1946/1031 1171/1827/1031
f 1168/1947/1032 1272/1948/1032 1273/1939/1032 1162/1949/1032
f 1164/1950/1033 1271/1942/1033 1268/1943/1033 1165/1826/1033
f 1195/1951/980 1274/1940/980 1269/1941/980 1163/1952/980
f 1162/1949/980 1273/1939/980 1274/1940/980 1195/1951/980
f 1288/1953/1034 1289/1954/1034 1280/1955/1034 1278/1956/1034
f 1289/1954/1035 1287/1957/1035 1279/1958/1035 1280/1955/1035
f 1291/1959/1036 1292/1960/1036 1283/1961/1036 1281/1962/1036
f 1292/1960/1037 1290/1963/1037 1282/1964/1037 1283/1961/1037
f 1275/1965/1038 1277/1966/1038 1289/1954/1038 1288/1953/1038
f 1277/1966/1039 1276/1967/1039 1287/1957/1039 1289/1954/1039
f 1278/1968/1040 1280/1969/1040 1292/1960/1040 1291/1959/1040
f 1280/1969/1041 1279/1970/1041 1290/1963/1041 1292/1960/1041
f 1275/1965/1042 1288/1953/1042 1184/1880/1042 1140/1890/1042
f 1276/1967/1043 1223/1916/1043 1225/1917/1043 1287/1957/1043
f 1287/1957/1044 1225/1917/1044 1222/1918/1044 1279/1958/1044
f 1288/1953/1045 1278/1956/1045 1141/1877/1045 1184/1880/1045
f 1278/1968/1046 1291/1959/1046 1191/1885/1046 1141/1888/1046
f 1279/1970/1047 1222/1915/1047 1219/1913/1047 1290/1963/1047
f 1290/1963/1048 1219/1913/1048 1216/1914/1048 1282/1964/1048
f 1291/1959/1049 1281/1962/1049 1142/1884/1049 1191/1885/1049
f 1298/1971/1050 1297/1972/1050 1314/1973/1050 1313/1974/1050
f 1300/1975/1051 1299/1976/1051 1310/1977/1051 1309/1978/1051
f 1316/1979/1052 1315/1980/1052 1297/1972/1052 1298/1971/1052
f 1312/1981/1053 1311/1982/1053 1299/1976/1053 1300/1975/1053
f 1295/1983/1054 1296/1984/1054 1304/1985/1054 1303/1986/1054
f 1293/1987/1055 1294/1988/1055 1308/1989/1055 1307/1990/1055
f 1302/1991/1056 1301/1992/1056 1309/1978/1056 1310/1977/1056
f 1303/1986/1057 1304/1985/1057 1311/1982/1057 1312/1981/1057
f 1306/1993/1058 1305/1994/1058 1313/1974/1058 1314/1973/1058
f 1307/1990/1059 1308/1989/1059 1315/1980/1059 1316/1979/1059
f 1322/1995/1060 1321/1996/1060 1320/1997/1060 1319/1998/1060
f 1318/1999/1061 1317/2000/1061 1321/2001/1061 1322/2002/1061
f 1324/2003/1062 1323/2004/1062 1328/2005/1062 1327/2006/1062
f 1327/2006/1063 1328/2005/1063 1326/2007/1063 1325/2008/1063
f 1305/1994/1064 1306/1993/1064 1317/2000/1064 1318/1999/1064
f 1319/2009/1065 1320/2010/1065 615/965/1065 616/964/1065
f 1325/2008/1066 1326/2007/1066 1301/1992/1066 1302/1991/1066
f 617/2011/1067 618/974/1067 1323/2004/1067 1324/2003/1067
f 1139/1892/1068 461/849/1068 615/971/1068 1320/1997/1068
f 1319/2009/1069 616/964/1069 463/973/1069 1284/2012/1069
f 1323/2004/1070 618/974/1070 462/851/1070 1143/1894/1070
f 1284/2012/1071 463/973/1071 617/967/1071 1324/2013/1071
f 1308/2014/1072 1294/2015/1072 1150/1912/1072 1224/1911/1072
f 1218/2016/1073 1153/2017/1073 1293/1987/1073 1307/1990/1073
f 1215/2018/1074 1152/2019/1074 1295/1983/1074 1303/1986/1074
f 1304/2020/1075 1296/2021/1075 1153/2017/1075 1218/2016/1075
f 1314/2022/1076 1297/2023/1076 1181/1863/1076 1235/1862/1076
f 1183/2024/1077 1230/2025/1077 1316/1979/1077 1298/1971/1077
f 1229/2026/1078 1183/2024/1078 1298/1971/1078 1313/1974/1078
f 1297/2023/1079 1315/2027/1079 1236/1866/1079 1181/1863/1079
f 1310/2028/1080 1299/2029/1080 1183/2024/1080 1229/2026/1080
f 1182/2030/1081 1227/2031/1081 1312/1981/1081 1300/1975/1081
f 1228/2032/1082 1182/2030/1082 1300/1975/1082 1309/1978/1082
f 1299/2029/1083 1311/2033/1083 1230/2025/1083 1183/2024/1083
f 1325/2034/1084 1302/2035/1084 1217/2036/1084 1285/2037/1084
f 1302/2035/1085 1310/2028/1085 1229/2026/1085 1217/2036/1085
f 1282/2038/1086 1216/2039/1086 1301/1992/1086 1326/2007/1086
f 1216/2039/1087 1228/2032/1087 1309/1978/1087 1301/1992/1087
f 1311/2033/1088 1304/2020/1088 1218/2016/1088 1230/2025/1088
f 1227/2031/1089 1215/2018/1089 1303/1986/1089 1312/1981/1089
f 1285/2037/1090 1217/2036/1090 1305/1994/1090 1318/1999/1090
f 1306/2040/1091 1314/2022/1091 1235/1862/1091 1223/1916/1091
f 1217/2036/1092 1229/2026/1092 1313/1974/1092 1305/1994/1092
f 1317/2041/1093 1306/2040/1093 1223/1916/1093 1276/1967/1093
f 1315/2027/1094 1308/2014/1094 1224/1911/1094 1236/1866/1094
f 1230/2025/1095 1218/2016/1095 1307/1990/1095 1316/1979/1095
f 1318/1999/1096 1322/2002/1096 1286/2042/1096 1285/2037/1096
f 1321/1996/1097 1317/2041/1097 1276/1967/1097 1277/1966/1097
f 1322/2002/1098 1319/2043/1098 1284/2044/1098 1286/2042/1098
f 1320/1997/1099 1321/1996/1099 1277/1966/1099 1275/1965/1099
f 1320/1997/1100 1275/1965/1100 1140/1890/1100 1139/1892/1100
f 1281/2045/1101 1323/2004/1101 1143/1894/1101 1142/2046/1101
f 1281/2045/1102 1283/2047/1102 1328/2005/1102 1323/2004/1102
f 1286/2048/1103 1284/2012/1103 1324/2013/1103 1327/2049/1103
f 1285/2037/1104 1286/2042/1104 1327/2050/1104 1325/2034/1104
f 1283/2047/1105 1282/2038/1105 1326/2007/1105 1328/2005/1105
f 906/2051/1106 1329/1465/1106 1331/1454/1106 907/2052/1106
f 1052/1722/1107 1330/1699/1107 1338/1714/1107 1060/1727/1107
f 1054/1721/1108 1332/1696/1108 1330/1699/1108 1052/1722/1108
f 907/2052/1109 1331/1454/1109 665/350/1109 181/1013/1109
f 908/2053/1110 1333/1456/1110 1335/1459/1110 909/2054/1110
f 1056/1724/1111 1334/1706/1111 664/650/1111 362/669/1111
f 1058/1723/1112 1336/1703/1112 1334/1706/1112 1056/1724/1112
f 909/2054/1113 1335/1459/1113 1339/1467/1113 911/2055/1113
f 180/1017/1114 663/363/1114 1333/1456/1114 908/2053/1114
f 364/665/1115 666/639/1115 1332/1696/1115 1054/1721/1115
f 910/2056/1116 1337/1463/1116 1329/1465/1116 906/2051/1116
f 1060/1727/1117 1338/1714/1117 1342/1720/1117 1064/1729/1117
f 911/2055/1118 1339/1467/1118 1341/1460/1118 912/2057/1118
f 1062/1725/1119 1340/1709/1119 1336/1712/1119 1058/1726/1119
f 1064/1728/1120 1342/1716/1120 1340/1709/1120 1062/1725/1120
f 912/2057/1121 1341/1460/1121 1337/1463/1121 910/2056/1121
f 1348/2058/971 1384/2059/971 1377/2060/971 1343/2061/971
f 1346/2062/971 1382/2063/971 1383/2064/971 1347/2065/971
f 1369/2066/971 1379/2067/971 1380/2068/971 1345/2069/971
f 1347/2065/971 1383/2064/971 1384/2059/971 1348/2058/971
f 1372/2070/971 1381/2071/971 1382/2063/971 1346/2062/971
f 1343/2061/971 1377/2060/971 1378/2072/971 1344/2073/971
f 1354/2074/972 1360/2075/972 1355/2076/972 1349/2077/972
f 1389/2078/973 1362/2079/973 1363/2080/973 1388/2081/973
f 1370/2082/974 1371/2083/974 1357/2084/974 1351/2085/974
f 1386/2086/999 1368/2087/999 1367/2088/999 1387/2089/999
f 1385/2090/1122 1364/2091/1122 1368/2092/1122 1386/2093/1122
f 1349/2094/975 1355/2095/975 1356/2096/975 1350/2097/975
f 1362/2098/976 1366/2099/976 1367/2100/976 1363/2101/976
f 1363/2102/977 1367/2103/977 1368/2092/977 1364/2091/977
f 1375/2104/978 1376/2105/978 1366/2106/978 1362/2107/978
f 1394/2108/999 1376/2109/999 1365/2110/999 1390/2111/999
f 1390/2112/1123 1365/2113/1123 1361/2114/1123 1392/2115/1123
f 1387/2089/999 1367/2088/999 1366/2116/999 1391/2117/999
f 1388/2118/979 1363/2102/979 1364/2091/979 1385/2090/979
f 1393/2119/980 1375/2104/980 1362/2107/980 1389/2120/980
f 1350/2097/974 1356/2096/974 1371/2083/974 1370/2082/974
f 1344/2073/971 1378/2072/971 1379/2067/971 1369/2066/971
f 1392/2115/980 1361/2114/980 1375/2104/980 1393/2119/980
f 1391/2117/999 1366/2116/999 1376/2109/999 1394/2108/999
f 1361/2114/978 1365/2113/978 1376/2105/978 1375/2104/978
f 1345/2069/971 1380/2068/971 1381/2071/971 1372/2070/971
f 1374/2121/999 1357/2122/999 1371/2123/999 1360/2124/999 1359/2125/999 1358/2126/999
f 1384/2059/971 1354/2127/971 1349/2128/971 1377/2060/971
f 1377/2060/971 1349/2128/971 1350/2129/971 1378/2072/971
f 1378/2072/971 1350/2129/971 1370/2130/971 1379/2067/971
f 1379/2067/971 1370/2130/971 1351/2131/971 1380/2068/971
f 1380/2068/971 1351/2131/971 1373/2132/971 1381/2071/971
f 1381/2071/971 1373/2132/971 1352/2133/971 1382/2063/971
f 1382/2063/971 1352/2133/971 1353/2134/971 1383/2064/971
f 1383/2064/971 1353/2134/971 1354/2127/971 1384/2059/971
f 1397/2135/999 1391/2117/999 1394/2108/999 1404/2136/999
f 1402/2137/980 1392/2115/980 1393/2119/980 1403/2138/980
f 1403/2138/980 1393/2119/980 1389/2120/980 1396/2139/980
f 1400/2140/1028 1388/2118/1028 1385/2090/1028 1395/2141/1028
f 1399/2142/999 1387/2089/999 1391/2117/999 1397/2135/999
f 1401/2143/1124 1390/2112/1124 1392/2115/1124 1402/2137/1124
f 1404/2136/999 1394/2108/999 1390/2111/999 1401/2144/999
f 1395/2141/1125 1385/2090/1125 1386/2093/1125 1398/2145/1125
f 1398/2146/999 1386/2086/999 1387/2089/999 1399/2142/999
f 1396/2147/1029 1389/2078/1029 1388/2081/1029 1400/2148/1029
f 1352/2133/1030 1396/2147/1030 1400/2148/1030 1353/2134/1030
f 1360/2124/999 1398/2146/999 1399/2142/999 1359/2125/999
f 1354/2074/1031 1395/2141/1031 1398/2145/1031 1360/2075/1031
f 1374/2121/999 1404/2136/999 1401/2144/999 1357/2122/999
f 1357/2149/1032 1401/2143/1032 1402/2137/1032 1351/2150/1032
f 1359/2125/999 1399/2142/999 1397/2135/999 1358/2126/999
f 1353/2151/1033 1400/2140/1033 1395/2141/1033 1354/2074/1033
f 1373/2152/980 1403/2138/980 1396/2139/980 1352/2153/980
f 1351/2150/980 1402/2137/980 1403/2138/980 1373/2152/980
f 1358/2126/999 1397/2135/999 1404/2136/999 1374/2121/999
f 1371/2123/999 1356/2154/999 1355/2155/999 1360/2124/999
f 1171/1900/999 1170/2156/999 1169/2157/999 1196/1895/999
l 735 738
l 739 735
l 736 738
l 737 739
l 740 463
l 1405 1408
l 1409 1405
l 1406 1408
l 1407 1409
l 1410 463
